mmsi,timestamp,latitude,longitude,sog,cog,heading,vessel_name,vessel_type,flag,imo,status,region
400000000,2026-01-01T00:00:00,-6.660068,89.66202,5.4,50.1,52,Vessel_1,Fishing,IND,9000000,Moored,Indian Ocean
400000001,2026-01-01T00:01:00,5.540306,81.686514,5.1,216.1,287,Vessel_2,Cargo,MHL,9000001,Anchored,Bay of Bengal
400000002,2026-01-01T00:02:00,13.984181,60.563814,19.1,272.4,81,Vessel_3,Bulk Carrier,PAN,9000002,Anchored,Arabian Sea
400000003,2026-01-01T00:03:00,9.306275,70.269883,2.2,136.4,183,Vessel_4,Container,MHL,9000003,Anchored,Arabian Sea
400000004,2026-01-01T00:04:00,19.594636,65.724562,21.4,135.9,282,Vessel_5,Container,MHL,9000004,Anchored,Arabian Sea
400000005,2026-01-01T00:05:00,-4.231342,62.782206,14.5,277.5,40,Vessel_6,Cargo,IND,9000005,Anchored,Indian Ocean
400000006,2026-01-01T00:06:00,12.707975,95.013988,3.6,127.5,343,Vessel_7,Container,IND,9000006,Moored,Bay of Bengal
400000007,2026-01-01T00:07:00,-4.865841,89.165072,3.6,136.2,327,Vessel_8,Fishing,SGP,9000007,Moored,Indian Ocean
400000008,2026-01-01T00:08:00,19.328483,93.967998,5.0,11.5,161,Vessel_9,Bulk Carrier,PAN,9000008,Under Way,Bay of Bengal
400000009,2026-01-01T00:09:00,23.262722,66.343601,15.8,76.3,255,Vessel_10,Bulk Carrier,LBR,9000009,Under Way,Arabian Sea
400000010,2026-01-01T00:10:00,7.373715,93.409802,11.9,268.2,219,Vessel_11,Fishing,LBR,9000010,Anchored,Bay of Bengal
400000011,2026-01-01T00:11:00,24.946516,57.766635,10.9,271.3,56,Vessel_12,Cargo,SGP,9000011,Moored,Arabian Sea
400000012,2026-01-01T00:12:00,15.138954,86.925812,13.1,168.0,128,Vessel_13,Fishing,IND,9000012,Moored,Bay of Bengal
400000013,2026-01-01T00:13:00,-6.563448,95.391538,16.5,275.9,174,Vessel_14,Tanker,PAN,9000013,Anchored,Indian Ocean
400000014,2026-01-01T00:14:00,14.074474,74.076319,19.3,94.6,256,Vessel_15,Cargo,MHL,9000014,Under Way,Arabian Sea
400000015,2026-01-01T00:15:00,-1.046656,85.55798,13.4,54.9,82,Vessel_16,Fishing,MHL,9000015,Under Way,Indian Ocean
400000016,2026-01-01T00:16:00,-0.275318,60.77907,20.4,315.5,157,Vessel_17,Cargo,IND,9000016,Under Way,Indian Ocean
400000017,2026-01-01T00:17:00,18.408483,63.426138,10.7,24.8,272,Vessel_18,Cargo,SGP,9000017,Moored,Indian Ocean
400000018,2026-01-01T00:18:00,21.096428,82.972285,11.6,217.8,108,Vessel_19,Fishing,SGP,9000018,Moored,Bay of Bengal
400000019,2026-01-01T00:19:00,11.782869,92.090365,8.2,323.0,231,Vessel_20,Tanker,SGP,9000019,Under Way,Bay of Bengal
400000020,2026-01-01T00:20:00,11.761711,66.766174,5.1,79.1,36,Vessel_21,Tanker,SGP,9000020,Under Way,Arabian Sea
400000021,2026-01-01T00:21:00,22.192708,56.417147,5.2,240.2,109,Vessel_22,Fishing,SGP,9000021,Moored,Arabian Sea
400000022,2026-01-01T00:22:00,7.286349,69.71989,10.4,146.1,48,Vessel_23,Tanker,LBR,9000022,Anchored,Indian Ocean
400000023,2026-01-01T00:23:00,11.988739,95.549061,1.2,234.6,330,Vessel_24,Tanker,IND,9000023,Anchored,Bay of Bengal
400000024,2026-01-01T00:24:00,0.179078,94.466901,5.5,68.3,229,Vessel_25,Cargo,LBR,9000024,Under Way,Indian Ocean
400000025,2026-01-01T00:25:00,12.864677,95.740747,1.7,290.1,281,Vessel_26,Tanker,IND,9000025,Moored,Bay of Bengal
400000026,2026-01-01T00:26:00,15.080828,98.75985,20.4,304.7,85,Vessel_27,Bulk Carrier,LBR,9000026,Anchored,Indian Ocean
400000027,2026-01-01T00:27:00,22.293008,73.048857,3.6,0.8,199,Vessel_28,Container,LBR,9000027,Anchored,Arabian Sea
400000028,2026-01-01T00:28:00,16.842056,93.149096,17.2,237.6,249,Vessel_29,Cargo,SGP,9000028,Anchored,Bay of Bengal
400000029,2026-01-01T00:29:00,24.374187,66.583606,11.9,268.5,29,Vessel_30,Tanker,MHL,9000029,Anchored,Arabian Sea
400000030,2026-01-01T00:30:00,17.581614,81.245045,1.3,182.3,95,Vessel_31,Tanker,MHL,9000030,Under Way,Indian Ocean
400000031,2026-01-01T00:31:00,15.854576,76.151022,20.7,204.5,296,Vessel_32,Fishing,IND,9000031,Moored,Indian Ocean
400000032,2026-01-01T00:32:00,13.384498,66.673446,11.5,335.6,104,Vessel_33,Container,SGP,9000032,Anchored,Arabian Sea
400000033,2026-01-01T00:33:00,7.224931,91.619014,10.1,333.5,37,Vessel_34,Tanker,LBR,9000033,Moored,Bay of Bengal
400000034,2026-01-01T00:34:00,19.882893,62.930429,4.7,95.2,178,Vessel_35,Tanker,SGP,9000034,Anchored,Indian Ocean
400000035,2026-01-01T00:35:00,7.681696,95.007409,15.5,219.6,334,Vessel_36,Fishing,IND,9000035,Moored,Bay of Bengal
400000036,2026-01-01T00:36:00,-1.018637,86.535549,20.7,48.2,59,Vessel_37,Tanker,MHL,9000036,Under Way,Indian Ocean
400000037,2026-01-01T00:37:00,9.789857,83.791334,7.5,246.8,135,Vessel_38,Fishing,LBR,9000037,Anchored,Bay of Bengal
400000038,2026-01-01T00:38:00,6.845969,63.471515,6.1,1.3,66,Vessel_39,Container,SGP,9000038,Moored,Arabian Sea
400000039,2026-01-01T00:39:00,14.378567,87.698365,0.2,27.0,353,Vessel_40,Cargo,MHL,9000039,Under Way,Bay of Bengal
400000040,2026-01-01T00:40:00,14.902663,82.665688,2.8,110.7,20,Vessel_41,Container,SGP,9000040,Moored,Bay of Bengal
400000041,2026-01-01T00:41:00,18.338668,62.073573,12.3,314.0,317,Vessel_42,Cargo,SGP,9000041,Under Way,Arabian Sea
400000042,2026-01-01T00:42:00,22.628324,55.495727,16.2,119.3,210,Vessel_43,Cargo,PAN,9000042,Under Way,Arabian Sea
400000043,2026-01-01T00:43:00,-6.757131,94.886671,18.9,79.9,235,Vessel_44,Container,PAN,9000043,Under Way,Indian Ocean
400000044,2026-01-01T00:44:00,5.473289,58.862596,7.2,310.3,142,Vessel_45,Container,MHL,9000044,Anchored,Arabian Sea
400000045,2026-01-01T00:45:00,19.434491,81.448629,20.7,41.4,133,Vessel_46,Cargo,MHL,9000045,Anchored,Indian Ocean
400000046,2026-01-01T00:46:00,7.168051,63.691275,16.0,112.6,310,Vessel_47,Fishing,IND,9000046,Anchored,Arabian Sea
400000047,2026-01-01T00:47:00,-4.297637,61.775461,9.6,186.7,275,Vessel_48,Cargo,PAN,9000047,Anchored,Indian Ocean
400000048,2026-01-01T00:48:00,23.97749,73.415417,13.7,238.2,63,Vessel_49,Container,MHL,9000048,Anchored,Arabian Sea
400000049,2026-01-01T00:49:00,2.251787,76.096015,6.5,45.7,215,Vessel_50,Bulk Carrier,SGP,9000049,Moored,Indian Ocean
400000050,2026-01-01T00:50:00,-0.971504,81.917489,0.0,103.0,220,Vessel_51,Fishing,MHL,9000050,Moored,Indian Ocean
400000051,2026-01-01T00:51:00,12.904799,87.958876,4.7,169.9,86,Vessel_52,Tanker,PAN,9000051,Moored,Bay of Bengal
400000052,2026-01-01T00:52:00,8.988226,73.40753,18.0,269.7,344,Vessel_53,Container,SGP,9000052,Under Way,Indian Ocean
400000053,2026-01-01T00:53:00,5.488508,59.896851,10.5,305.1,37,Vessel_54,Bulk Carrier,LBR,9000053,Moored,Arabian Sea
400000054,2026-01-01T00:54:00,-4.166943,87.85417,10.9,87.6,335,Vessel_55,Tanker,IND,9000054,Anchored,Indian Ocean
400000055,2026-01-01T00:55:00,8.517734,74.159321,11.4,18.0,127,Vessel_56,Tanker,LBR,9000055,Under Way,Arabian Sea
400000056,2026-01-01T00:56:00,16.348821,97.782064,13.1,341.1,226,Vessel_57,Fishing,MHL,9000056,Anchored,Bay of Bengal
400000057,2026-01-01T00:57:00,3.377408,66.366316,19.0,161.6,126,Vessel_58,Container,MHL,9000057,Anchored,Indian Ocean
400000058,2026-01-01T00:58:00,-2.822624,77.594904,15.7,84.2,171,Vessel_59,Container,MHL,9000058,Under Way,Indian Ocean
400000059,2026-01-01T00:59:00,8.016613,62.660706,3.4,76.8,212,Vessel_60,Bulk Carrier,PAN,9000059,Moored,Arabian Sea
400000060,2026-01-01T01:00:00,12.068162,83.723019,9.2,324.8,299,Vessel_61,Tanker,MHL,9000060,Anchored,Bay of Bengal
400000061,2026-01-01T01:01:00,5.100233,86.331658,16.6,306.4,214,Vessel_62,Fishing,MHL,9000061,Moored,Bay of Bengal
400000062,2026-01-01T01:02:00,14.76459,60.458706,10.7,139.6,342,Vessel_63,Bulk Carrier,SGP,9000062,Anchored,Arabian Sea
400000063,2026-01-01T01:03:00,24.61444,65.682473,20.0,212.5,339,Vessel_64,Tanker,IND,9000063,Moored,Arabian Sea
400000064,2026-01-01T01:04:00,7.306891,88.310572,1.1,136.1,108,Vessel_65,Bulk Carrier,PAN,9000064,Anchored,Bay of Bengal
400000065,2026-01-01T01:05:00,9.730362,97.121674,9.3,299.7,240,Vessel_66,Tanker,MHL,9000065,Under Way,Bay of Bengal
400000066,2026-01-01T01:06:00,8.811777,81.235131,21.1,14.5,15,Vessel_67,Cargo,SGP,9000066,Under Way,Bay of Bengal
400000067,2026-01-01T01:07:00,-5.42853,65.048839,14.7,202.5,111,Vessel_68,Bulk Carrier,PAN,9000067,Anchored,Indian Ocean
400000068,2026-01-01T01:08:00,17.117854,74.274695,15.8,279.2,83,Vessel_69,Container,IND,9000068,Moored,Arabian Sea
400000069,2026-01-01T01:09:00,23.577743,66.515935,20.0,134.7,101,Vessel_70,Tanker,MHL,9000069,Moored,Arabian Sea
400000070,2026-01-01T01:10:00,-2.714519,87.88772,6.6,245.6,61,Vessel_71,Fishing,IND,9000070,Anchored,Indian Ocean
400000071,2026-01-01T01:11:00,2.85134,74.822835,11.1,122.5,215,Vessel_72,Bulk Carrier,IND,9000071,Anchored,Indian Ocean
400000072,2026-01-01T01:12:00,15.804947,94.916732,15.6,156.3,267,Vessel_73,Container,MHL,9000072,Moored,Bay of Bengal
400000073,2026-01-01T01:13:00,12.902854,94.863223,13.0,115.7,125,Vessel_74,Tanker,PAN,9000073,Anchored,Bay of Bengal
400000074,2026-01-01T01:14:00,20.009526,66.396993,14.7,120.8,253,Vessel_75,Container,SGP,9000074,Anchored,Arabian Sea
400000075,2026-01-01T01:15:00,12.096499,60.167048,6.2,214.0,141,Vessel_76,Fishing,IND,9000075,Moored,Arabian Sea
400000076,2026-01-01T01:16:00,6.712259,69.401493,10.7,272.2,353,Vessel_77,Bulk Carrier,LBR,9000076,Anchored,Arabian Sea
400000077,2026-01-01T01:17:00,6.861067,59.431928,15.2,109.9,297,Vessel_78,Container,LBR,9000077,Moored,Arabian Sea
400000078,2026-01-01T01:18:00,0.312722,99.865259,12.1,126.3,232,Vessel_79,Container,PAN,9000078,Anchored,Indian Ocean
400000079,2026-01-01T01:19:00,7.413118,58.851686,2.6,192.4,353,Vessel_80,Cargo,SGP,9000079,Under Way,Arabian Sea
400000080,2026-01-01T01:20:00,4.525958,88.9834,21.5,188.3,144,Vessel_81,Tanker,SGP,9000080,Anchored,Indian Ocean
400000081,2026-01-01T01:21:00,12.217621,61.045352,15.6,45.4,23,Vessel_82,Tanker,MHL,9000081,Anchored,Arabian Sea
400000082,2026-01-01T01:22:00,18.322688,85.514786,16.6,36.8,6,Vessel_83,Fishing,PAN,9000082,Anchored,Indian Ocean
400000083,2026-01-01T01:23:00,12.48797,83.318546,1.1,337.8,244,Vessel_84,Tanker,IND,9000083,Anchored,Bay of Bengal
400000084,2026-01-01T01:24:00,6.259397,91.330023,1.2,53.6,288,Vessel_85,Container,IND,9000084,Under Way,Bay of Bengal
400000085,2026-01-01T01:25:00,16.161461,63.32348,13.1,222.0,267,Vessel_86,Bulk Carrier,LBR,9000085,Anchored,Arabian Sea
400000086,2026-01-01T01:26:00,19.622833,97.820563,6.7,222.9,312,Vessel_87,Tanker,SGP,9000086,Moored,Bay of Bengal
400000087,2026-01-01T01:27:00,10.292923,56.623749,5.3,198.2,80,Vessel_88,Tanker,LBR,9000087,Anchored,Arabian Sea
400000088,2026-01-01T01:28:00,7.814336,71.650372,5.1,253.8,359,Vessel_89,Bulk Carrier,IND,9000088,Moored,Indian Ocean
400000089,2026-01-01T01:29:00,23.478221,70.756561,13.8,237.4,101,Vessel_90,Bulk Carrier,IND,9000089,Moored,Arabian Sea
400000090,2026-01-01T01:30:00,17.952694,73.168229,18.2,25.6,84,Vessel_91,Container,MHL,9000090,Moored,Arabian Sea
400000091,2026-01-01T01:31:00,17.635776,77.566138,10.3,109.2,206,Vessel_92,Container,MHL,9000091,Moored,Indian Ocean
400000092,2026-01-01T01:32:00,12.441901,90.76466,19.6,263.7,309,Vessel_93,Container,IND,9000092,Under Way,Bay of Bengal
400000093,2026-01-01T01:33:00,24.238222,71.719172,12.7,341.3,344,Vessel_94,Container,MHL,9000093,Under Way,Arabian Sea
400000094,2026-01-01T01:34:00,14.410016,68.03019,20.2,65.2,299,Vessel_95,Bulk Carrier,LBR,9000094,Under Way,Arabian Sea
400000095,2026-01-01T01:35:00,10.915338,85.999551,14.7,307.9,168,Vessel_96,Bulk Carrier,LBR,9000095,Anchored,Bay of Bengal
400000096,2026-01-01T01:36:00,18.355806,92.542641,12.1,163.3,161,Vessel_97,Container,PAN,9000096,Under Way,Indian Ocean
400000097,2026-01-01T01:37:00,19.70348,94.84869,0.0,312.1,236,Vessel_98,Bulk Carrier,IND,9000097,Under Way,Bay of Bengal
400000098,2026-01-01T01:38:00,0.853381,90.257726,13.8,272.8,104,Vessel_99,Container,MHL,9000098,Under Way,Indian Ocean
400000099,2026-01-01T01:39:00,12.447974,92.568501,2.7,349.4,311,Vessel_100,Cargo,SGP,9000099,Anchored,Bay of Bengal
400000100,2026-01-01T01:40:00,-9.589766,76.319627,4.9,302.1,58,Vessel_101,Bulk Carrier,IND,9000100,Moored,Indian Ocean
400000101,2026-01-01T01:41:00,14.96751,69.332067,11.2,98.2,247,Vessel_102,Bulk Carrier,SGP,9000101,Anchored,Arabian Sea
400000102,2026-01-01T01:42:00,-5.660741,67.624415,13.2,267.9,69,Vessel_103,Tanker,PAN,9000102,Anchored,Indian Ocean
400000103,2026-01-01T01:43:00,20.882223,89.139278,18.1,101.5,152,Vessel_104,Fishing,MHL,9000103,Moored,Bay of Bengal
400000104,2026-01-01T01:44:00,19.70943,88.037853,10.7,119.3,278,Vessel_105,Bulk Carrier,LBR,9000104,Anchored,Bay of Bengal
400000105,2026-01-01T01:45:00,24.615493,59.776111,8.4,307.3,210,Vessel_106,Tanker,PAN,9000105,Moored,Arabian Sea
400000106,2026-01-01T01:46:00,16.988874,94.60536,8.5,238.3,333,Vessel_107,Cargo,LBR,9000106,Under Way,Bay of Bengal
400000107,2026-01-01T01:47:00,15.045823,66.803609,19.1,313.8,225,Vessel_108,Tanker,MHL,9000107,Anchored,Arabian Sea
400000108,2026-01-01T01:48:00,19.448877,63.199572,14.4,55.4,240,Vessel_109,Container,PAN,9000108,Moored,Arabian Sea
400000109,2026-01-01T01:49:00,1.9245,63.212613,7.2,242.1,273,Vessel_110,Bulk Carrier,PAN,9000109,Moored,Indian Ocean
400000110,2026-01-01T01:50:00,16.62316,79.517899,11.9,221.7,120,Vessel_111,Container,SGP,9000110,Moored,Indian Ocean
400000111,2026-01-01T01:51:00,13.679429,56.968863,13.9,313.3,227,Vessel_112,Cargo,PAN,9000111,Under Way,Arabian Sea
400000112,2026-01-01T01:52:00,11.487493,56.122385,7.9,154.6,125,Vessel_113,Fishing,LBR,9000112,Moored,Arabian Sea
400000113,2026-01-01T01:53:00,13.775584,66.799346,1.7,312.6,317,Vessel_114,Cargo,LBR,9000113,Moored,Indian Ocean
400000114,2026-01-01T01:54:00,9.643769,67.758093,10.1,239.4,238,Vessel_115,Container,MHL,9000114,Under Way,Arabian Sea
400000115,2026-01-01T01:55:00,13.834596,61.911312,12.9,229.4,217,Vessel_116,Container,LBR,9000115,Anchored,Arabian Sea
400000116,2026-01-01T01:56:00,24.987471,72.066709,2.3,136.9,183,Vessel_117,Fishing,PAN,9000116,Moored,Arabian Sea
400000117,2026-01-01T01:57:00,5.372973,94.940676,8.7,2.9,351,Vessel_118,Tanker,MHL,9000117,Moored,Bay of Bengal
400000118,2026-01-01T01:58:00,19.158261,96.252829,17.1,82.6,180,Vessel_119,Cargo,SGP,9000118,Moored,Bay of Bengal
400000119,2026-01-01T01:59:00,16.521996,92.976711,14.5,301.0,321,Vessel_120,Tanker,IND,9000119,Anchored,Bay of Bengal
400000120,2026-01-01T02:00:00,5.567197,86.567502,2.9,326.6,167,Vessel_121,Bulk Carrier,SGP,9000120,Under Way,Bay of Bengal
400000121,2026-01-01T02:01:00,20.730256,72.529212,8.0,180.1,139,Vessel_122,Cargo,PAN,9000121,Anchored,Arabian Sea
400000122,2026-01-01T02:02:00,17.691509,86.096875,2.5,345.7,72,Vessel_123,Cargo,LBR,9000122,Moored,Bay of Bengal
400000123,2026-01-01T02:03:00,6.535149,87.102342,5.8,44.4,188,Vessel_124,Container,MHL,9000123,Anchored,Bay of Bengal
400000124,2026-01-01T02:04:00,18.208757,64.333844,5.1,9.0,287,Vessel_125,Container,MHL,9000124,Under Way,Indian Ocean
400000125,2026-01-01T02:05:00,-8.103489,92.954214,20.0,108.5,209,Vessel_126,Tanker,SGP,9000125,Under Way,Indian Ocean
400000126,2026-01-01T02:06:00,11.087292,64.852492,2.1,318.5,69,Vessel_127,Bulk Carrier,LBR,9000126,Anchored,Arabian Sea
400000127,2026-01-01T02:07:00,18.481423,87.85936,11.9,210.9,79,Vessel_128,Bulk Carrier,IND,9000127,Anchored,Indian Ocean
400000128,2026-01-01T02:08:00,2.243477,98.060861,0.7,133.0,227,Vessel_129,Bulk Carrier,SGP,9000128,Anchored,Indian Ocean
400000129,2026-01-01T02:09:00,24.618554,62.346699,19.8,231.5,31,Vessel_130,Bulk Carrier,PAN,9000129,Under Way,Arabian Sea
400000130,2026-01-01T02:10:00,23.980216,71.483822,2.0,76.1,327,Vessel_131,Fishing,IND,9000130,Under Way,Arabian Sea
400000131,2026-01-01T02:11:00,9.140671,82.26663,12.4,24.6,283,Vessel_132,Cargo,MHL,9000131,Under Way,Bay of Bengal
400000132,2026-01-01T02:12:00,11.571191,57.951084,19.8,1.0,74,Vessel_133,Cargo,MHL,9000132,Anchored,Arabian Sea
400000133,2026-01-01T02:13:00,7.198527,72.328958,2.9,128.6,121,Vessel_134,Fishing,PAN,9000133,Under Way,Arabian Sea
400000134,2026-01-01T02:14:00,10.30735,57.535171,9.3,40.8,32,Vessel_135,Bulk Carrier,LBR,9000134,Anchored,Arabian Sea
400000135,2026-01-01T02:15:00,7.809981,78.080217,4.9,220.8,337,Vessel_136,Fishing,PAN,9000135,Anchored,Indian Ocean
400000136,2026-01-01T02:16:00,18.920785,62.433016,10.5,144.2,351,Vessel_137,Tanker,LBR,9000136,Moored,Indian Ocean
400000137,2026-01-01T02:17:00,6.249342,81.454229,13.4,23.6,140,Vessel_138,Fishing,MHL,9000137,Moored,Bay of Bengal
400000138,2026-01-01T02:18:00,-0.244437,99.78511,11.7,162.9,309,Vessel_139,Bulk Carrier,IND,9000138,Moored,Indian Ocean
400000139,2026-01-01T02:19:00,22.055855,68.018333,16.9,258.8,110,Vessel_140,Bulk Carrier,LBR,9000139,Under Way,Arabian Sea
400000140,2026-01-01T02:20:00,10.761838,88.16298,9.2,34.1,218,Vessel_141,Container,PAN,9000140,Anchored,Bay of Bengal
400000141,2026-01-01T02:21:00,18.736421,64.485358,2.0,30.6,221,Vessel_142,Tanker,PAN,9000141,Under Way,Arabian Sea
400000142,2026-01-01T02:22:00,-8.200571,98.264985,12.4,240.5,210,Vessel_143,Container,LBR,9000142,Moored,Indian Ocean
400000143,2026-01-01T02:23:00,24.367973,67.008202,7.7,207.5,108,Vessel_144,Cargo,LBR,9000143,Under Way,Arabian Sea
400000144,2026-01-01T02:24:00,12.00228,66.12531,2.5,100.0,115,Vessel_145,Bulk Carrier,MHL,9000144,Moored,Arabian Sea
400000145,2026-01-01T02:25:00,10.249301,82.26959,13.4,236.2,355,Vessel_146,Container,IND,9000145,Under Way,Indian Ocean
400000146,2026-01-01T02:26:00,16.945879,85.561724,7.5,2.2,73,Vessel_147,Fishing,LBR,9000146,Under Way,Bay of Bengal
400000147,2026-01-01T02:27:00,19.819381,74.436206,2.0,190.4,192,Vessel_148,Bulk Carrier,LBR,9000147,Anchored,Arabian Sea
400000148,2026-01-01T02:28:00,12.401062,69.431919,17.1,203.8,43,Vessel_149,Tanker,SGP,9000148,Under Way,Arabian Sea
400000149,2026-01-01T02:29:00,-8.507125,63.263261,9.7,152.2,310,Vessel_150,Bulk Carrier,LBR,9000149,Anchored,Indian Ocean
400000150,2026-01-01T02:30:00,20.098863,57.27635,9.5,101.7,347,Vessel_151,Fishing,LBR,9000150,Moored,Arabian Sea
400000151,2026-01-01T02:31:00,-0.747418,68.820737,21.7,19.7,104,Vessel_152,Container,SGP,9000151,Under Way,Indian Ocean
400000152,2026-01-01T02:32:00,9.920601,82.159718,10.9,154.6,66,Vessel_153,Bulk Carrier,MHL,9000152,Moored,Bay of Bengal
400000153,2026-01-01T02:33:00,15.005247,71.667084,17.7,25.9,21,Vessel_154,Bulk Carrier,IND,9000153,Anchored,Arabian Sea
400000154,2026-01-01T02:34:00,22.2422,66.515183,12.6,254.7,213,Vessel_155,Container,IND,9000154,Anchored,Arabian Sea
400000155,2026-01-01T02:35:00,24.323994,58.437464,20.8,165.2,353,Vessel_156,Container,IND,9000155,Anchored,Arabian Sea
400000156,2026-01-01T02:36:00,9.866329,66.777426,11.5,142.1,158,Vessel_157,Container,SGP,9000156,Anchored,Arabian Sea
400000157,2026-01-01T02:37:00,6.527588,67.664493,11.7,69.6,178,Vessel_158,Container,SGP,9000157,Under Way,Arabian Sea
400000158,2026-01-01T02:38:00,7.928884,58.945436,13.3,272.9,335,Vessel_159,Tanker,SGP,9000158,Moored,Arabian Sea
400000159,2026-01-01T02:39:00,12.887202,90.147239,12.7,244.5,289,Vessel_160,Fishing,PAN,9000159,Moored,Bay of Bengal
400000160,2026-01-01T02:40:00,7.566276,81.229153,9.7,108.7,140,Vessel_161,Fishing,IND,9000160,Anchored,Bay of Bengal
400000161,2026-01-01T02:41:00,-7.77428,78.469699,0.8,132.4,146,Vessel_162,Tanker,IND,9000161,Moored,Indian Ocean
400000162,2026-01-01T02:42:00,5.212035,78.508466,12.2,284.3,21,Vessel_163,Bulk Carrier,MHL,9000162,Moored,Indian Ocean
400000163,2026-01-01T02:43:00,11.430535,64.512581,3.3,22.2,52,Vessel_164,Container,IND,9000163,Moored,Arabian Sea
400000164,2026-01-01T02:44:00,-4.823233,69.909749,9.6,157.8,267,Vessel_165,Fishing,SGP,9000164,Anchored,Indian Ocean
400000165,2026-01-01T02:45:00,20.604925,86.973498,17.0,243.7,26,Vessel_166,Container,IND,9000165,Anchored,Bay of Bengal
400000166,2026-01-01T02:46:00,16.159264,62.731284,5.5,305.7,308,Vessel_167,Cargo,PAN,9000166,Under Way,Arabian Sea
400000167,2026-01-01T02:47:00,9.908363,96.669858,6.8,235.5,339,Vessel_168,Bulk Carrier,SGP,9000167,Moored,Indian Ocean
400000168,2026-01-01T02:48:00,18.140066,72.383275,8.3,284.2,65,Vessel_169,Fishing,IND,9000168,Moored,Indian Ocean
400000169,2026-01-01T02:49:00,2.702191,74.473124,8.0,64.7,109,Vessel_170,Container,LBR,9000169,Under Way,Indian Ocean
400000170,2026-01-01T02:50:00,24.999532,58.098903,6.5,282.9,259,Vessel_171,Fishing,MHL,9000170,Under Way,Arabian Sea
400000171,2026-01-01T02:51:00,0.102931,90.652304,2.9,135.2,83,Vessel_172,Cargo,MHL,9000171,Under Way,Indian Ocean
400000172,2026-01-01T02:52:00,3.130202,76.434344,14.9,85.3,227,Vessel_173,Fishing,PAN,9000172,Moored,Indian Ocean
400000173,2026-01-01T02:53:00,8.97805,84.305033,21.2,281.6,99,Vessel_174,Container,MHL,9000173,Anchored,Bay of Bengal
400000174,2026-01-01T02:54:00,18.080455,94.006233,11.1,150.3,82,Vessel_175,Cargo,MHL,9000174,Under Way,Bay of Bengal
400000175,2026-01-01T02:55:00,5.887057,88.650632,8.2,335.4,264,Vessel_176,Tanker,PAN,9000175,Under Way,Bay of Bengal
400000176,2026-01-01T02:56:00,10.455826,73.106124,3.2,157.1,113,Vessel_177,Bulk Carrier,PAN,9000176,Under Way,Arabian Sea
400000177,2026-01-01T02:57:00,5.905367,89.036128,5.2,357.0,191,Vessel_178,Cargo,IND,9000177,Anchored,Bay of Bengal
400000178,2026-01-01T02:58:00,21.783526,67.999214,17.4,49.4,146,Vessel_179,Bulk Carrier,SGP,9000178,Moored,Arabian Sea
400000179,2026-01-01T02:59:00,12.626225,80.094522,1.7,91.9,76,Vessel_180,Fishing,MHL,9000179,Moored,Bay of Bengal
400000180,2026-01-01T03:00:00,6.890177,85.185828,6.6,17.1,214,Vessel_181,Fishing,LBR,9000180,Under Way,Bay of Bengal
400000181,2026-01-01T03:01:00,21.733754,64.996584,11.8,226.9,294,Vessel_182,Cargo,SGP,9000181,Anchored,Arabian Sea
400000182,2026-01-01T03:02:00,5.026594,86.350689,12.6,67.2,342,Vessel_183,Tanker,MHL,9000182,Anchored,Bay of Bengal
400000183,2026-01-01T03:03:00,24.068074,65.881639,17.3,182.2,10,Vessel_184,Bulk Carrier,LBR,9000183,Under Way,Arabian Sea
400000184,2026-01-01T03:04:00,1.60644,74.932095,16.4,128.2,34,Vessel_185,Container,SGP,9000184,Moored,Indian Ocean
400000185,2026-01-01T03:05:00,8.847709,90.860055,16.2,119.4,22,Vessel_186,Container,MHL,9000185,Anchored,Indian Ocean
400000186,2026-01-01T03:06:00,-4.747326,91.165704,10.2,249.6,323,Vessel_187,Cargo,SGP,9000186,Under Way,Indian Ocean
400000187,2026-01-01T03:07:00,13.285712,78.307183,6.5,15.7,102,Vessel_188,Tanker,PAN,9000187,Anchored,Indian Ocean
400000188,2026-01-01T03:08:00,1.946722,92.616243,10.4,13.1,331,Vessel_189,Cargo,PAN,9000188,Anchored,Indian Ocean
400000189,2026-01-01T03:09:00,22.315966,61.638494,2.7,132.1,204,Vessel_190,Bulk Carrier,LBR,9000189,Anchored,Arabian Sea
400000190,2026-01-01T03:10:00,14.924065,64.950468,20.3,186.4,42,Vessel_191,Bulk Carrier,IND,9000190,Anchored,Arabian Sea
400000191,2026-01-01T03:11:00,19.852945,67.218259,6.5,36.8,167,Vessel_192,Container,PAN,9000191,Anchored,Indian Ocean
400000192,2026-01-01T03:12:00,11.529887,66.665791,9.8,160.5,180,Vessel_193,Fishing,LBR,9000192,Anchored,Indian Ocean
400000193,2026-01-01T03:13:00,19.400818,97.916175,1.7,228.9,186,Vessel_194,Fishing,SGP,9000193,Under Way,Indian Ocean
400000194,2026-01-01T03:14:00,21.973386,68.561777,9.6,45.3,120,Vessel_195,Container,PAN,9000194,Anchored,Arabian Sea
400000195,2026-01-01T03:15:00,-9.02844,66.137527,9.9,133.2,227,Vessel_196,Tanker,MHL,9000195,Under Way,Indian Ocean
400000196,2026-01-01T03:16:00,1.008498,72.575418,6.1,344.8,13,Vessel_197,Cargo,LBR,9000196,Moored,Indian Ocean
400000197,2026-01-01T03:17:00,20.530223,82.119698,17.0,252.7,109,Vessel_198,Fishing,PAN,9000197,Moored,Bay of Bengal
400000198,2026-01-01T03:18:00,8.403032,82.443112,1.6,62.0,227,Vessel_199,Tanker,PAN,9000198,Moored,Bay of Bengal
400000199,2026-01-01T03:19:00,17.062188,89.899949,6.4,107.7,80,Vessel_200,Cargo,PAN,9000199,Moored,Bay of Bengal
400000200,2026-01-01T03:20:00,7.427249,59.019607,3.1,283.7,13,Vessel_201,Container,MHL,9000200,Moored,Arabian Sea
400000201,2026-01-01T03:21:00,12.945899,97.694215,2.9,317.4,33,Vessel_202,Container,LBR,9000201,Moored,Bay of Bengal
400000202,2026-01-01T03:22:00,4.359953,76.431805,9.0,206.4,64,Vessel_203,Container,IND,9000202,Anchored,Indian Ocean
400000203,2026-01-01T03:23:00,16.561853,86.201266,19.3,280.1,327,Vessel_204,Fishing,SGP,9000203,Under Way,Bay of Bengal
400000204,2026-01-01T03:24:00,13.548684,95.627809,18.3,186.0,155,Vessel_205,Cargo,SGP,9000204,Anchored,Bay of Bengal
400000205,2026-01-01T03:25:00,-3.235891,97.899325,11.4,102.0,40,Vessel_206,Container,SGP,9000205,Moored,Indian Ocean
400000206,2026-01-01T03:26:00,-1.766469,85.000894,13.5,33.5,328,Vessel_207,Cargo,MHL,9000206,Moored,Indian Ocean
400000207,2026-01-01T03:27:00,8.424012,67.489584,19.8,121.2,288,Vessel_208,Tanker,IND,9000207,Under Way,Arabian Sea
400000208,2026-01-01T03:28:00,23.970937,70.420447,5.8,75.7,292,Vessel_209,Bulk Carrier,MHL,9000208,Moored,Arabian Sea
400000209,2026-01-01T03:29:00,14.960761,67.54328,6.4,343.4,247,Vessel_210,Cargo,LBR,9000209,Anchored,Arabian Sea
400000210,2026-01-01T03:30:00,6.240541,81.078435,9.7,173.8,104,Vessel_211,Container,MHL,9000210,Under Way,Bay of Bengal
400000211,2026-01-01T03:31:00,19.645246,85.747695,21.7,124.0,204,Vessel_212,Cargo,PAN,9000211,Moored,Bay of Bengal
400000212,2026-01-01T03:32:00,-6.814482,69.669514,2.7,161.4,72,Vessel_213,Tanker,IND,9000212,Anchored,Indian Ocean
400000213,2026-01-01T03:33:00,19.690785,87.526425,21.2,323.9,167,Vessel_214,Fishing,PAN,9000213,Under Way,Bay of Bengal
400000214,2026-01-01T03:34:00,14.965311,65.294497,11.0,110.8,11,Vessel_215,Tanker,LBR,9000214,Moored,Arabian Sea
400000215,2026-01-01T03:35:00,21.433673,83.8726,7.8,18.1,253,Vessel_216,Fishing,LBR,9000215,Anchored,Bay of Bengal
400000216,2026-01-01T03:36:00,-9.754678,64.299883,2.9,94.9,187,Vessel_217,Bulk Carrier,PAN,9000216,Under Way,Indian Ocean
400000217,2026-01-01T03:37:00,5.869681,90.112704,8.0,103.6,197,Vessel_218,Fishing,LBR,9000217,Moored,Bay of Bengal
400000218,2026-01-01T03:38:00,19.030292,91.218348,13.4,46.2,49,Vessel_219,Bulk Carrier,PAN,9000218,Anchored,Bay of Bengal
400000219,2026-01-01T03:39:00,18.168457,90.198607,4.4,182.8,256,Vessel_220,Tanker,IND,9000219,Under Way,Indian Ocean
400000220,2026-01-01T03:40:00,19.271837,71.079317,11.4,53.5,263,Vessel_221,Cargo,PAN,9000220,Moored,Arabian Sea
400000221,2026-01-01T03:41:00,7.762535,97.831083,16.3,107.4,172,Vessel_222,Fishing,MHL,9000221,Moored,Bay of Bengal
400000222,2026-01-01T03:42:00,17.048577,85.39623,17.9,132.2,344,Vessel_223,Tanker,LBR,9000222,Moored,Bay of Bengal
400000223,2026-01-01T03:43:00,18.544832,93.055836,15.1,9.6,242,Vessel_224,Container,MHL,9000223,Moored,Bay of Bengal
400000224,2026-01-01T03:44:00,19.428002,66.670466,3.8,225.8,317,Vessel_225,Bulk Carrier,SGP,9000224,Moored,Arabian Sea
400000225,2026-01-01T03:45:00,5.63141,73.964103,2.4,6.8,160,Vessel_226,Bulk Carrier,SGP,9000225,Anchored,Arabian Sea
400000226,2026-01-01T03:46:00,-3.88325,80.07278,13.5,169.3,31,Vessel_227,Cargo,MHL,9000226,Under Way,Indian Ocean
400000227,2026-01-01T03:47:00,-0.248514,86.489072,11.6,112.6,88,Vessel_228,Bulk Carrier,MHL,9000227,Anchored,Indian Ocean
400000228,2026-01-01T03:48:00,0.62861,90.879591,15.9,230.9,354,Vessel_229,Container,MHL,9000228,Anchored,Indian Ocean
400000229,2026-01-01T03:49:00,24.146748,60.580128,6.6,338.0,152,Vessel_230,Container,SGP,9000229,Moored,Arabian Sea
400000230,2026-01-01T03:50:00,4.670092,79.192137,12.3,335.5,140,Vessel_231,Container,IND,9000230,Moored,Indian Ocean
400000231,2026-01-01T03:51:00,6.295726,95.830418,8.7,123.9,74,Vessel_232,Container,IND,9000231,Anchored,Indian Ocean
400000232,2026-01-01T03:52:00,-7.629117,96.960385,14.4,268.3,109,Vessel_233,Cargo,MHL,9000232,Anchored,Indian Ocean
400000233,2026-01-01T03:53:00,10.885139,65.490918,13.5,210.7,124,Vessel_234,Tanker,MHL,9000233,Under Way,Indian Ocean
400000234,2026-01-01T03:54:00,-3.014903,64.007918,7.3,169.6,348,Vessel_235,Cargo,IND,9000234,Moored,Indian Ocean
400000235,2026-01-01T03:55:00,13.138149,73.700642,19.3,171.4,102,Vessel_236,Container,PAN,9000235,Anchored,Arabian Sea
400000236,2026-01-01T03:56:00,-8.225122,90.749,14.4,83.4,19,Vessel_237,Cargo,LBR,9000236,Under Way,Indian Ocean
400000237,2026-01-01T03:57:00,24.943436,62.939891,10.9,336.2,148,Vessel_238,Tanker,IND,9000237,Anchored,Arabian Sea
400000238,2026-01-01T03:58:00,8.083489,97.138194,7.4,163.1,328,Vessel_239,Fishing,MHL,9000238,Anchored,Indian Ocean
400000239,2026-01-01T03:59:00,22.021195,64.360415,4.2,40.4,83,Vessel_240,Bulk Carrier,PAN,9000239,Moored,Arabian Sea
400000240,2026-01-01T04:00:00,5.281684,61.742244,6.5,242.1,98,Vessel_241,Cargo,MHL,9000240,Moored,Arabian Sea
400000241,2026-01-01T04:01:00,19.058827,89.275052,1.9,240.3,94,Vessel_242,Cargo,LBR,9000241,Anchored,Bay of Bengal
400000242,2026-01-01T04:02:00,5.136602,62.671488,9.8,95.9,168,Vessel_243,Container,MHL,9000242,Moored,Arabian Sea
400000243,2026-01-01T04:03:00,-9.656928,86.147335,15.2,22.3,60,Vessel_244,Bulk Carrier,PAN,9000243,Under Way,Indian Ocean
400000244,2026-01-01T04:04:00,16.663252,96.615908,19.5,276.4,353,Vessel_245,Tanker,PAN,9000244,Anchored,Bay of Bengal
400000245,2026-01-01T04:05:00,-3.374523,98.294421,10.5,163.3,310,Vessel_246,Container,LBR,9000245,Moored,Indian Ocean
400000246,2026-01-01T04:06:00,17.383907,90.294021,17.6,296.4,126,Vessel_247,Fishing,IND,9000246,Moored,Indian Ocean
400000247,2026-01-01T04:07:00,13.978943,86.512128,20.2,40.3,280,Vessel_248,Fishing,SGP,9000247,Moored,Bay of Bengal
400000248,2026-01-01T04:08:00,-5.504429,73.124706,11.4,41.7,105,Vessel_249,Fishing,LBR,9000248,Under Way,Indian Ocean
400000249,2026-01-01T04:09:00,3.364481,62.225432,2.9,149.1,288,Vessel_250,Tanker,MHL,9000249,Anchored,Indian Ocean
400000250,2026-01-01T04:10:00,14.207461,88.931203,8.7,293.1,111,Vessel_251,Fishing,IND,9000250,Under Way,Indian Ocean
400000251,2026-01-01T04:11:00,10.856991,81.147678,21.9,335.5,35,Vessel_252,Bulk Carrier,IND,9000251,Anchored,Bay of Bengal
400000252,2026-01-01T04:12:00,8.059683,82.43772,14.1,261.8,215,Vessel_253,Container,LBR,9000252,Anchored,Bay of Bengal
400000253,2026-01-01T04:13:00,11.385974,92.289146,14.6,193.6,334,Vessel_254,Container,IND,9000253,Under Way,Bay of Bengal
400000254,2026-01-01T04:14:00,1.791759,65.093883,21.5,299.7,11,Vessel_255,Container,LBR,9000254,Moored,Indian Ocean
400000255,2026-01-01T04:15:00,6.33336,81.277344,18.1,88.9,177,Vessel_256,Cargo,PAN,9000255,Under Way,Indian Ocean
400000256,2026-01-01T04:16:00,12.964698,61.288693,14.5,220.8,8,Vessel_257,Cargo,SGP,9000256,Under Way,Indian Ocean
400000257,2026-01-01T04:17:00,16.878883,63.928821,14.8,313.1,125,Vessel_258,Tanker,LBR,9000257,Anchored,Arabian Sea
400000258,2026-01-01T04:18:00,15.795196,70.087714,17.1,50.3,148,Vessel_259,Cargo,MHL,9000258,Anchored,Arabian Sea
400000259,2026-01-01T04:19:00,7.93753,86.901276,7.1,108.3,73,Vessel_260,Fishing,SGP,9000259,Anchored,Indian Ocean
400000260,2026-01-01T04:20:00,9.677617,90.020926,13.0,263.9,89,Vessel_261,Bulk Carrier,MHL,9000260,Anchored,Bay of Bengal
400000261,2026-01-01T04:21:00,24.445805,73.831728,14.8,282.1,163,Vessel_262,Bulk Carrier,LBR,9000261,Under Way,Arabian Sea
400000262,2026-01-01T04:22:00,11.399823,93.57949,10.4,304.9,153,Vessel_263,Cargo,LBR,9000262,Under Way,Bay of Bengal
400000263,2026-01-01T04:23:00,2.380325,76.660315,11.7,139.4,130,Vessel_264,Cargo,PAN,9000263,Moored,Indian Ocean
400000264,2026-01-01T04:24:00,23.444522,71.942668,2.0,260.1,97,Vessel_265,Tanker,PAN,9000264,Anchored,Arabian Sea
400000265,2026-01-01T04:25:00,8.149083,61.581902,1.6,288.9,300,Vessel_266,Fishing,SGP,9000265,Anchored,Indian Ocean
400000266,2026-01-01T04:26:00,22.389477,61.659286,21.1,5.5,97,Vessel_267,Tanker,LBR,9000266,Under Way,Arabian Sea
400000267,2026-01-01T04:27:00,8.132046,68.180526,20.1,198.2,144,Vessel_268,Bulk Carrier,LBR,9000267,Moored,Indian Ocean
400000268,2026-01-01T04:28:00,0.777787,70.462465,11.3,178.5,50,Vessel_269,Bulk Carrier,PAN,9000268,Under Way,Indian Ocean
400000269,2026-01-01T04:29:00,10.319674,80.822878,19.0,266.1,8,Vessel_270,Container,MHL,9000269,Moored,Bay of Bengal
400000270,2026-01-01T04:30:00,11.600358,71.807692,4.3,82.6,291,Vessel_271,Cargo,LBR,9000270,Moored,Indian Ocean
400000271,2026-01-01T04:31:00,18.303936,73.502571,16.8,175.4,328,Vessel_272,Bulk Carrier,LBR,9000271,Under Way,Indian Ocean
400000272,2026-01-01T04:32:00,13.849265,66.770628,15.8,175.3,277,Vessel_273,Tanker,MHL,9000272,Under Way,Indian Ocean
400000273,2026-01-01T04:33:00,23.903762,68.364311,16.8,148.0,322,Vessel_274,Cargo,IND,9000273,Moored,Arabian Sea
400000274,2026-01-01T04:34:00,5.182829,65.114658,8.2,221.8,341,Vessel_275,Fishing,LBR,9000274,Moored,Arabian Sea
400000275,2026-01-01T04:35:00,5.26744,89.579825,9.0,6.0,140,Vessel_276,Fishing,PAN,9000275,Under Way,Bay of Bengal
400000276,2026-01-01T04:36:00,14.394717,86.961318,17.7,326.6,54,Vessel_277,Tanker,MHL,9000276,Under Way,Indian Ocean
400000277,2026-01-01T04:37:00,8.838641,65.52912,17.9,96.0,203,Vessel_278,Tanker,PAN,9000277,Anchored,Arabian Sea
400000278,2026-01-01T04:38:00,14.605037,97.824195,5.0,245.6,41,Vessel_279,Tanker,IND,9000278,Anchored,Bay of Bengal
400000279,2026-01-01T04:39:00,11.411883,88.568092,14.0,252.3,42,Vessel_280,Bulk Carrier,LBR,9000279,Moored,Bay of Bengal
400000280,2026-01-01T04:40:00,14.619563,95.443286,2.1,189.6,21,Vessel_281,Cargo,SGP,9000280,Moored,Bay of Bengal
400000281,2026-01-01T04:41:00,4.265009,61.862479,1.6,332.3,278,Vessel_282,Fishing,IND,9000281,Under Way,Indian Ocean
400000282,2026-01-01T04:42:00,5.266188,83.728846,3.2,294.6,203,Vessel_283,Tanker,PAN,9000282,Under Way,Bay of Bengal
400000283,2026-01-01T04:43:00,-2.785834,93.386022,8.6,321.9,169,Vessel_284,Bulk Carrier,SGP,9000283,Moored,Indian Ocean
400000284,2026-01-01T04:44:00,-7.647169,89.818262,7.6,35.1,118,Vessel_285,Tanker,PAN,9000284,Moored,Indian Ocean
400000285,2026-01-01T04:45:00,18.645752,75.868122,17.0,10.6,139,Vessel_286,Bulk Carrier,LBR,9000285,Under Way,Indian Ocean
400000286,2026-01-01T04:46:00,14.401641,86.757686,4.1,210.3,194,Vessel_287,Tanker,MHL,9000286,Anchored,Bay of Bengal
400000287,2026-01-01T04:47:00,19.262171,56.64076,3.4,255.5,324,Vessel_288,Cargo,LBR,9000287,Anchored,Arabian Sea
400000288,2026-01-01T04:48:00,6.811366,80.093514,6.8,129.2,138,Vessel_289,Tanker,SGP,9000288,Under Way,Bay of Bengal
400000289,2026-01-01T04:49:00,13.61959,66.139701,11.3,37.1,45,Vessel_290,Container,MHL,9000289,Under Way,Arabian Sea
400000290,2026-01-01T04:50:00,7.941314,72.977213,8.5,104.8,198,Vessel_291,Tanker,MHL,9000290,Under Way,Indian Ocean
400000291,2026-01-01T04:51:00,5.633136,87.41264,3.7,96.5,137,Vessel_292,Bulk Carrier,SGP,9000291,Under Way,Indian Ocean
400000292,2026-01-01T04:52:00,13.693525,63.422047,10.7,27.6,128,Vessel_293,Cargo,LBR,9000292,Moored,Arabian Sea
400000293,2026-01-01T04:53:00,-4.133553,64.278895,6.7,340.6,170,Vessel_294,Fishing,LBR,9000293,Anchored,Indian Ocean
400000294,2026-01-01T04:54:00,10.690516,94.678558,18.9,349.7,69,Vessel_295,Container,PAN,9000294,Moored,Bay of Bengal
400000295,2026-01-01T04:55:00,-3.974455,72.567331,21.2,347.8,149,Vessel_296,Bulk Carrier,MHL,9000295,Under Way,Indian Ocean
400000296,2026-01-01T04:56:00,11.39294,94.696901,8.6,40.9,288,Vessel_297,Cargo,MHL,9000296,Moored,Bay of Bengal
400000297,2026-01-01T04:57:00,18.634253,66.001983,21.0,165.7,107,Vessel_298,Bulk Carrier,PAN,9000297,Moored,Arabian Sea
400000298,2026-01-01T04:58:00,21.379311,70.913137,9.0,179.2,324,Vessel_299,Container,SGP,9000298,Anchored,Arabian Sea
400000299,2026-01-01T04:59:00,-5.375703,76.925118,8.3,161.2,306,Vessel_300,Bulk Carrier,MHL,9000299,Anchored,Indian Ocean
400000300,2026-01-01T05:00:00,5.198379,96.815687,15.2,195.2,184,Vessel_301,Fishing,MHL,9000300,Moored,Indian Ocean
400000301,2026-01-01T05:01:00,7.187389,59.964619,14.6,59.7,313,Vessel_302,Tanker,MHL,9000301,Moored,Arabian Sea
400000302,2026-01-01T05:02:00,9.402308,98.672445,7.3,285.8,54,Vessel_303,Tanker,IND,9000302,Anchored,Indian Ocean
400000303,2026-01-01T05:03:00,15.213525,65.375955,12.8,206.5,228,Vessel_304,Container,LBR,9000303,Anchored,Arabian Sea
400000304,2026-01-01T05:04:00,7.657699,80.018631,7.6,8.8,53,Vessel_305,Container,LBR,9000304,Under Way,Indian Ocean
400000305,2026-01-01T05:05:00,21.626355,69.603014,7.7,123.2,105,Vessel_306,Fishing,LBR,9000305,Anchored,Arabian Sea
400000306,2026-01-01T05:06:00,6.659592,92.995891,10.0,24.1,22,Vessel_307,Tanker,IND,9000306,Anchored,Bay of Bengal
400000307,2026-01-01T05:07:00,-6.71912,92.002005,20.5,265.8,264,Vessel_308,Cargo,MHL,9000307,Under Way,Indian Ocean
400000308,2026-01-01T05:08:00,14.517432,97.252327,5.1,145.4,94,Vessel_309,Cargo,LBR,9000308,Anchored,Bay of Bengal
400000309,2026-01-01T05:09:00,19.747767,72.661947,9.9,154.2,2,Vessel_310,Cargo,SGP,9000309,Anchored,Arabian Sea
400000310,2026-01-01T05:10:00,14.261894,62.50255,2.2,313.0,95,Vessel_311,Container,PAN,9000310,Under Way,Indian Ocean
400000311,2026-01-01T05:11:00,6.937235,92.072626,10.8,346.8,160,Vessel_312,Fishing,LBR,9000311,Moored,Bay of Bengal
400000312,2026-01-01T05:12:00,14.97908,86.262643,18.6,221.6,344,Vessel_313,Container,MHL,9000312,Moored,Bay of Bengal
400000313,2026-01-01T05:13:00,18.442202,61.263715,5.2,42.0,191,Vessel_314,Cargo,MHL,9000313,Anchored,Arabian Sea
400000314,2026-01-01T05:14:00,15.139239,90.346509,9.3,174.7,275,Vessel_315,Cargo,MHL,9000314,Under Way,Bay of Bengal
400000315,2026-01-01T05:15:00,9.910191,83.367774,18.5,222.4,183,Vessel_316,Tanker,LBR,9000315,Under Way,Bay of Bengal
400000316,2026-01-01T05:16:00,21.304319,74.276582,11.1,177.7,350,Vessel_317,Bulk Carrier,LBR,9000316,Moored,Arabian Sea
400000317,2026-01-01T05:17:00,13.307892,81.488071,0.7,273.2,149,Vessel_318,Tanker,PAN,9000317,Under Way,Bay of Bengal
400000318,2026-01-01T05:18:00,-1.339891,91.229608,12.4,277.3,253,Vessel_319,Fishing,MHL,9000318,Under Way,Indian Ocean
400000319,2026-01-01T05:19:00,-6.5738,91.004521,18.1,131.7,21,Vessel_320,Bulk Carrier,MHL,9000319,Under Way,Indian Ocean
400000320,2026-01-01T05:20:00,6.741079,94.941273,16.5,106.9,16,Vessel_321,Bulk Carrier,PAN,9000320,Anchored,Bay of Bengal
400000321,2026-01-01T05:21:00,13.781398,74.879154,17.1,85.1,301,Vessel_322,Container,MHL,9000321,Moored,Arabian Sea
400000322,2026-01-01T05:22:00,7.821688,82.506229,4.5,74.3,30,Vessel_323,Fishing,PAN,9000322,Moored,Bay of Bengal
400000323,2026-01-01T05:23:00,15.146581,83.030793,21.5,105.1,293,Vessel_324,Container,MHL,9000323,Moored,Bay of Bengal
400000324,2026-01-01T05:24:00,7.711778,70.001883,9.1,21.3,141,Vessel_325,Cargo,SGP,9000324,Under Way,Arabian Sea
400000325,2026-01-01T05:25:00,19.227897,71.569636,16.8,242.8,250,Vessel_326,Cargo,MHL,9000325,Moored,Arabian Sea
400000326,2026-01-01T05:26:00,15.672818,86.753102,1.7,285.3,47,Vessel_327,Bulk Carrier,MHL,9000326,Moored,Bay of Bengal
400000327,2026-01-01T05:27:00,16.809961,95.791712,10.0,175.2,297,Vessel_328,Tanker,IND,9000327,Moored,Bay of Bengal
400000328,2026-01-01T05:28:00,15.792289,92.551202,18.7,285.6,203,Vessel_329,Cargo,LBR,9000328,Under Way,Bay of Bengal
400000329,2026-01-01T05:29:00,9.565126,94.910185,7.4,207.5,289,Vessel_330,Bulk Carrier,PAN,9000329,Moored,Bay of Bengal
400000330,2026-01-01T05:30:00,5.918859,67.52359,18.4,5.8,80,Vessel_331,Bulk Carrier,LBR,9000330,Under Way,Arabian Sea
400000331,2026-01-01T05:31:00,8.43941,92.394654,2.9,233.3,81,Vessel_332,Container,IND,9000331,Moored,Bay of Bengal
400000332,2026-01-01T05:32:00,9.256618,86.693188,19.9,59.4,202,Vessel_333,Container,SGP,9000332,Anchored,Bay of Bengal
400000333,2026-01-01T05:33:00,-7.264024,63.807347,4.7,28.0,303,Vessel_334,Cargo,MHL,9000333,Moored,Indian Ocean
400000334,2026-01-01T05:34:00,5.157878,92.520748,18.0,354.7,216,Vessel_335,Cargo,LBR,9000334,Under Way,Bay of Bengal
400000335,2026-01-01T05:35:00,12.661399,69.615268,2.3,112.5,153,Vessel_336,Cargo,LBR,9000335,Under Way,Arabian Sea
400000336,2026-01-01T05:36:00,19.788205,65.714123,11.7,3.0,332,Vessel_337,Cargo,LBR,9000336,Anchored,Indian Ocean
400000337,2026-01-01T05:37:00,-3.608336,89.930753,20.2,221.2,226,Vessel_338,Cargo,IND,9000337,Under Way,Indian Ocean
400000338,2026-01-01T05:38:00,20.048913,66.791478,8.4,345.8,161,Vessel_339,Cargo,SGP,9000338,Anchored,Arabian Sea
400000339,2026-01-01T05:39:00,-7.472539,82.135865,13.2,218.1,353,Vessel_340,Tanker,PAN,9000339,Under Way,Indian Ocean
400000340,2026-01-01T05:40:00,8.207806,67.545861,8.6,232.0,122,Vessel_341,Bulk Carrier,LBR,9000340,Under Way,Indian Ocean
400000341,2026-01-01T05:41:00,14.991651,66.878595,11.6,351.0,184,Vessel_342,Container,SGP,9000341,Anchored,Arabian Sea
400000342,2026-01-01T05:42:00,2.625906,81.854249,3.8,169.1,37,Vessel_343,Tanker,MHL,9000342,Under Way,Indian Ocean
400000343,2026-01-01T05:43:00,10.243706,55.796537,1.3,283.4,259,Vessel_344,Container,MHL,9000343,Anchored,Arabian Sea
400000344,2026-01-01T05:44:00,16.930781,81.483701,11.8,221.2,142,Vessel_345,Tanker,PAN,9000344,Under Way,Bay of Bengal
400000345,2026-01-01T05:45:00,17.627746,98.972535,3.4,117.3,300,Vessel_346,Tanker,PAN,9000345,Moored,Indian Ocean
400000346,2026-01-01T05:46:00,17.409292,95.236426,1.3,31.0,222,Vessel_347,Tanker,LBR,9000346,Moored,Bay of Bengal
400000347,2026-01-01T05:47:00,-8.349141,86.643183,14.5,63.1,6,Vessel_348,Cargo,IND,9000347,Under Way,Indian Ocean
400000348,2026-01-01T05:48:00,21.201275,89.414097,17.2,258.8,85,Vessel_349,Container,SGP,9000348,Moored,Bay of Bengal
400000349,2026-01-01T05:49:00,17.459909,82.125021,19.8,120.3,219,Vessel_350,Container,MHL,9000349,Under Way,Bay of Bengal
400000350,2026-01-01T05:50:00,17.109495,90.37973,1.7,163.4,184,Vessel_351,Tanker,LBR,9000350,Moored,Bay of Bengal
400000351,2026-01-01T05:51:00,12.353756,60.102322,2.3,206.0,59,Vessel_352,Cargo,MHL,9000351,Under Way,Arabian Sea
400000352,2026-01-01T05:52:00,22.17378,55.245761,1.0,130.7,76,Vessel_353,Cargo,IND,9000352,Moored,Arabian Sea
400000353,2026-01-01T05:53:00,12.219975,76.774772,7.1,149.4,163,Vessel_354,Container,IND,9000353,Moored,Indian Ocean
400000354,2026-01-01T05:54:00,7.029816,92.119863,1.2,80.1,264,Vessel_355,Tanker,LBR,9000354,Under Way,Bay of Bengal
400000355,2026-01-01T05:55:00,19.722548,93.923495,6.8,31.0,233,Vessel_356,Tanker,PAN,9000355,Under Way,Bay of Bengal
400000356,2026-01-01T05:56:00,14.584715,85.470368,13.7,166.5,302,Vessel_357,Bulk Carrier,SGP,9000356,Moored,Bay of Bengal
400000357,2026-01-01T05:57:00,12.814467,69.805075,0.1,147.2,119,Vessel_358,Fishing,PAN,9000357,Moored,Indian Ocean
400000358,2026-01-01T05:58:00,16.315958,98.03961,0.0,236.0,157,Vessel_359,Tanker,SGP,9000358,Moored,Indian Ocean
400000359,2026-01-01T05:59:00,13.396317,74.223701,21.4,51.1,143,Vessel_360,Tanker,IND,9000359,Under Way,Arabian Sea
400000360,2026-01-01T06:00:00,2.391704,95.823118,10.1,268.5,297,Vessel_361,Tanker,MHL,9000360,Under Way,Indian Ocean
400000361,2026-01-01T06:01:00,14.598887,62.993219,12.5,156.2,66,Vessel_362,Cargo,PAN,9000361,Anchored,Indian Ocean
400000362,2026-01-01T06:02:00,20.742713,87.073148,18.3,117.1,231,Vessel_363,Container,SGP,9000362,Under Way,Bay of Bengal
400000363,2026-01-01T06:03:00,7.722237,70.402932,2.4,37.9,230,Vessel_364,Bulk Carrier,PAN,9000363,Anchored,Arabian Sea
400000364,2026-01-01T06:04:00,15.718491,74.292694,4.6,110.7,135,Vessel_365,Tanker,IND,9000364,Under Way,Arabian Sea
400000365,2026-01-01T06:05:00,-0.873551,88.188192,13.3,77.2,167,Vessel_366,Cargo,IND,9000365,Moored,Indian Ocean
400000366,2026-01-01T06:06:00,24.368,62.924889,1.1,107.3,89,Vessel_367,Tanker,LBR,9000366,Anchored,Arabian Sea
400000367,2026-01-01T06:07:00,12.442353,69.994105,10.2,288.6,71,Vessel_368,Tanker,IND,9000367,Under Way,Indian Ocean
400000368,2026-01-01T06:08:00,7.614305,71.473468,8.2,226.3,330,Vessel_369,Tanker,MHL,9000368,Moored,Arabian Sea
400000369,2026-01-01T06:09:00,20.596286,81.349769,21.9,71.0,330,Vessel_370,Bulk Carrier,SGP,9000369,Under Way,Bay of Bengal
400000370,2026-01-01T06:10:00,7.08297,96.961052,1.1,331.8,221,Vessel_371,Bulk Carrier,LBR,9000370,Under Way,Bay of Bengal
400000371,2026-01-01T06:11:00,16.61462,83.11053,4.7,67.2,143,Vessel_372,Bulk Carrier,SGP,9000371,Under Way,Bay of Bengal
400000372,2026-01-01T06:12:00,8.575296,69.831391,6.5,147.9,281,Vessel_373,Bulk Carrier,IND,9000372,Under Way,Indian Ocean
400000373,2026-01-01T06:13:00,11.51126,87.546227,14.1,286.2,127,Vessel_374,Fishing,IND,9000373,Anchored,Bay of Bengal
400000374,2026-01-01T06:14:00,0.773363,81.780712,10.7,327.7,257,Vessel_375,Container,LBR,9000374,Anchored,Indian Ocean
400000375,2026-01-01T06:15:00,5.521259,66.942327,0.6,291.0,143,Vessel_376,Tanker,LBR,9000375,Moored,Arabian Sea
400000376,2026-01-01T06:16:00,18.036317,97.992903,21.4,35.9,336,Vessel_377,Cargo,PAN,9000376,Moored,Bay of Bengal
400000377,2026-01-01T06:17:00,-8.32274,99.855682,4.8,303.9,198,Vessel_378,Container,SGP,9000377,Under Way,Indian Ocean
400000378,2026-01-01T06:18:00,16.85039,71.124205,15.3,328.1,14,Vessel_379,Container,MHL,9000378,Moored,Arabian Sea
400000379,2026-01-01T06:19:00,16.262178,58.764673,21.7,316.5,252,Vessel_380,Fishing,PAN,9000379,Under Way,Arabian Sea
400000380,2026-01-01T06:20:00,5.645384,81.011024,13.2,7.2,244,Vessel_381,Tanker,PAN,9000380,Moored,Bay of Bengal
400000381,2026-01-01T06:21:00,21.128908,61.815181,3.9,288.1,165,Vessel_382,Tanker,IND,9000381,Under Way,Arabian Sea
400000382,2026-01-01T06:22:00,11.14089,65.666107,2.4,188.9,186,Vessel_383,Tanker,PAN,9000382,Moored,Indian Ocean
400000383,2026-01-01T06:23:00,1.867867,64.041287,6.6,49.0,80,Vessel_384,Bulk Carrier,LBR,9000383,Moored,Indian Ocean
400000384,2026-01-01T06:24:00,7.961445,97.437372,15.3,333.5,182,Vessel_385,Cargo,MHL,9000384,Under Way,Bay of Bengal
400000385,2026-01-01T06:25:00,10.215995,92.392972,2.8,261.7,359,Vessel_386,Fishing,LBR,9000385,Moored,Bay of Bengal
400000386,2026-01-01T06:26:00,8.641635,61.364338,17.8,219.5,327,Vessel_387,Fishing,IND,9000386,Anchored,Arabian Sea
400000387,2026-01-01T06:27:00,11.623369,56.556133,7.6,114.7,325,Vessel_388,Tanker,PAN,9000387,Anchored,Arabian Sea
400000388,2026-01-01T06:28:00,10.304249,59.990817,1.5,92.1,55,Vessel_389,Tanker,IND,9000388,Anchored,Arabian Sea
400000389,2026-01-01T06:29:00,17.453936,97.443833,19.5,177.0,193,Vessel_390,Container,MHL,9000389,Anchored,Bay of Bengal
400000390,2026-01-01T06:30:00,21.57614,70.7746,12.7,272.2,115,Vessel_391,Cargo,LBR,9000390,Under Way,Arabian Sea
400000391,2026-01-01T06:31:00,10.898172,61.374338,20.9,26.6,87,Vessel_392,Bulk Carrier,SGP,9000391,Moored,Arabian Sea
400000392,2026-01-01T06:32:00,15.940925,72.962483,2.0,213.3,314,Vessel_393,Bulk Carrier,IND,9000392,Anchored,Arabian Sea
400000393,2026-01-01T06:33:00,-5.050084,95.590131,3.5,36.4,105,Vessel_394,Cargo,LBR,9000393,Moored,Indian Ocean
400000394,2026-01-01T06:34:00,11.661143,89.19896,5.8,101.1,121,Vessel_395,Tanker,IND,9000394,Anchored,Indian Ocean
400000395,2026-01-01T06:35:00,6.489879,79.637931,1.2,1.4,44,Vessel_396,Container,MHL,9000395,Anchored,Indian Ocean
400000396,2026-01-01T06:36:00,6.939738,59.13906,14.0,350.8,242,Vessel_397,Tanker,PAN,9000396,Anchored,Arabian Sea
400000397,2026-01-01T06:37:00,13.314646,91.898721,2.0,195.3,94,Vessel_398,Container,LBR,9000397,Anchored,Bay of Bengal
400000398,2026-01-01T06:38:00,13.915505,60.265919,10.2,81.2,137,Vessel_399,Fishing,IND,9000398,Under Way,Arabian Sea
400000399,2026-01-01T06:39:00,10.024054,63.428292,7.6,194.4,301,Vessel_400,Cargo,MHL,9000399,Under Way,Indian Ocean
400000400,2026-01-01T06:40:00,18.912889,87.535377,11.8,311.2,243,Vessel_401,Fishing,SGP,9000400,Anchored,Bay of Bengal
400000401,2026-01-01T06:41:00,6.342236,96.24999,15.7,180.3,264,Vessel_402,Fishing,MHL,9000401,Under Way,Bay of Bengal
400000402,2026-01-01T06:42:00,23.985096,63.980795,20.9,60.0,108,Vessel_403,Cargo,SGP,9000402,Under Way,Arabian Sea
400000403,2026-01-01T06:43:00,6.332265,92.296258,4.4,295.3,75,Vessel_404,Fishing,PAN,9000403,Anchored,Bay of Bengal
400000404,2026-01-01T06:44:00,17.425218,62.680478,8.5,142.7,166,Vessel_405,Container,MHL,9000404,Anchored,Indian Ocean
400000405,2026-01-01T06:45:00,20.731013,67.461159,11.5,150.6,212,Vessel_406,Cargo,SGP,9000405,Moored,Arabian Sea
400000406,2026-01-01T06:46:00,7.480313,98.593267,2.2,37.9,51,Vessel_407,Container,MHL,9000406,Anchored,Indian Ocean
400000407,2026-01-01T06:47:00,9.490323,91.786178,12.6,169.8,88,Vessel_408,Container,LBR,9000407,Under Way,Bay of Bengal
400000408,2026-01-01T06:48:00,8.259658,87.74645,0.9,319.4,169,Vessel_409,Cargo,IND,9000408,Moored,Indian Ocean
400000409,2026-01-01T06:49:00,20.654195,96.146565,0.4,293.4,155,Vessel_410,Container,PAN,9000409,Anchored,Bay of Bengal
400000410,2026-01-01T06:50:00,10.545561,98.899866,5.0,107.9,226,Vessel_411,Container,PAN,9000410,Moored,Indian Ocean
400000411,2026-01-01T06:51:00,15.284645,81.607163,9.7,327.9,208,Vessel_412,Bulk Carrier,MHL,9000411,Anchored,Bay of Bengal
400000412,2026-01-01T06:52:00,15.305394,58.179449,6.8,181.9,69,Vessel_413,Fishing,MHL,9000412,Under Way,Arabian Sea
400000413,2026-01-01T06:53:00,8.855269,71.658599,18.4,89.6,233,Vessel_414,Tanker,PAN,9000413,Moored,Arabian Sea
400000414,2026-01-01T06:54:00,10.47955,71.470126,11.1,228.1,63,Vessel_415,Tanker,SGP,9000414,Anchored,Arabian Sea
400000415,2026-01-01T06:55:00,15.098741,83.196506,19.2,210.7,179,Vessel_416,Container,SGP,9000415,Anchored,Bay of Bengal
400000416,2026-01-01T06:56:00,14.926106,63.615677,0.6,17.8,292,Vessel_417,Cargo,SGP,9000416,Moored,Indian Ocean
400000417,2026-01-01T06:57:00,18.553905,60.381672,9.0,7.2,349,Vessel_418,Tanker,LBR,9000417,Under Way,Arabian Sea
400000418,2026-01-01T06:58:00,-4.80398,92.034592,4.9,218.4,156,Vessel_419,Container,LBR,9000418,Anchored,Indian Ocean
400000419,2026-01-01T06:59:00,12.802966,83.927763,6.6,186.9,319,Vessel_420,Bulk Carrier,MHL,9000419,Under Way,Bay of Bengal
400000420,2026-01-01T07:00:00,15.230274,68.247109,18.6,134.3,331,Vessel_421,Fishing,MHL,9000420,Anchored,Arabian Sea
400000421,2026-01-01T07:01:00,16.635023,88.671292,7.4,99.3,166,Vessel_422,Container,PAN,9000421,Moored,Bay of Bengal
400000422,2026-01-01T07:02:00,18.565634,86.058659,4.1,185.7,123,Vessel_423,Tanker,MHL,9000422,Anchored,Indian Ocean
400000423,2026-01-01T07:03:00,-0.412428,65.59718,0.6,178.6,151,Vessel_424,Container,LBR,9000423,Anchored,Indian Ocean
400000424,2026-01-01T07:04:00,17.524446,90.494427,21.9,292.9,175,Vessel_425,Cargo,MHL,9000424,Moored,Bay of Bengal
400000425,2026-01-01T07:05:00,20.410951,92.093633,11.2,303.5,336,Vessel_426,Fishing,SGP,9000425,Anchored,Bay of Bengal
400000426,2026-01-01T07:06:00,14.415617,69.818378,16.0,200.7,93,Vessel_427,Container,IND,9000426,Under Way,Arabian Sea
400000427,2026-01-01T07:07:00,8.796575,95.68578,9.3,318.4,190,Vessel_428,Container,MHL,9000427,Anchored,Bay of Bengal
400000428,2026-01-01T07:08:00,19.470636,88.469658,19.1,209.5,317,Vessel_429,Tanker,LBR,9000428,Under Way,Bay of Bengal
400000429,2026-01-01T07:09:00,-6.405522,87.227911,11.7,148.3,77,Vessel_430,Cargo,SGP,9000429,Anchored,Indian Ocean
400000430,2026-01-01T07:10:00,21.782257,96.071212,21.7,51.4,92,Vessel_431,Tanker,LBR,9000430,Anchored,Bay of Bengal
400000431,2026-01-01T07:11:00,19.599211,72.536563,1.3,162.3,107,Vessel_432,Cargo,MHL,9000431,Under Way,Indian Ocean
400000432,2026-01-01T07:12:00,18.348585,94.035544,2.8,155.7,219,Vessel_433,Bulk Carrier,LBR,9000432,Anchored,Bay of Bengal
400000433,2026-01-01T07:13:00,5.079375,89.608087,16.1,341.1,164,Vessel_434,Fishing,SGP,9000433,Under Way,Bay of Bengal
400000434,2026-01-01T07:14:00,-9.876285,89.34413,5.0,314.8,159,Vessel_435,Cargo,IND,9000434,Anchored,Indian Ocean
400000435,2026-01-01T07:15:00,7.660121,66.680807,18.1,107.1,148,Vessel_436,Bulk Carrier,MHL,9000435,Moored,Indian Ocean
400000436,2026-01-01T07:16:00,0.135055,95.518962,21.9,123.0,250,Vessel_437,Container,SGP,9000436,Under Way,Indian Ocean
400000437,2026-01-01T07:17:00,5.32512,84.037785,21.7,75.8,11,Vessel_438,Fishing,MHL,9000437,Under Way,Bay of Bengal
400000438,2026-01-01T07:18:00,12.331829,68.010808,0.8,314.7,130,Vessel_439,Fishing,MHL,9000438,Under Way,Arabian Sea
400000439,2026-01-01T07:19:00,19.840407,86.478797,14.4,7.1,353,Vessel_440,Tanker,LBR,9000439,Anchored,Indian Ocean
400000440,2026-01-01T07:20:00,7.101116,84.549289,15.4,73.8,351,Vessel_441,Tanker,PAN,9000440,Anchored,Bay of Bengal
400000441,2026-01-01T07:21:00,-6.970605,80.812369,13.7,251.6,214,Vessel_442,Tanker,MHL,9000441,Moored,Indian Ocean
400000442,2026-01-01T07:22:00,-6.467963,64.560502,2.3,71.3,102,Vessel_443,Container,MHL,9000442,Under Way,Indian Ocean
400000443,2026-01-01T07:23:00,16.958425,85.316322,0.9,178.2,106,Vessel_444,Bulk Carrier,PAN,9000443,Under Way,Bay of Bengal
400000444,2026-01-01T07:24:00,5.254988,56.780057,2.4,206.1,252,Vessel_445,Cargo,IND,9000444,Moored,Arabian Sea
400000445,2026-01-01T07:25:00,19.471272,57.02581,5.6,83.0,151,Vessel_446,Container,LBR,9000445,Under Way,Arabian Sea
400000446,2026-01-01T07:26:00,21.263568,72.482809,18.7,129.3,346,Vessel_447,Container,LBR,9000446,Moored,Arabian Sea
400000447,2026-01-01T07:27:00,6.899969,70.16408,1.0,305.9,339,Vessel_448,Cargo,PAN,9000447,Anchored,Arabian Sea
400000448,2026-01-01T07:28:00,21.236516,84.829569,16.1,133.8,175,Vessel_449,Cargo,IND,9000448,Anchored,Bay of Bengal
400000449,2026-01-01T07:29:00,21.359269,84.892996,8.5,305.4,215,Vessel_450,Cargo,IND,9000449,Under Way,Bay of Bengal
400000450,2026-01-01T07:30:00,11.792333,99.262767,18.6,37.2,302,Vessel_451,Bulk Carrier,MHL,9000450,Moored,Indian Ocean
400000451,2026-01-01T07:31:00,8.08143,86.835514,7.9,10.3,350,Vessel_452,Cargo,LBR,9000451,Anchored,Bay of Bengal
400000452,2026-01-01T07:32:00,22.751879,63.813758,1.4,235.1,6,Vessel_453,Fishing,MHL,9000452,Moored,Arabian Sea
400000453,2026-01-01T07:33:00,-3.280452,98.230457,19.2,186.4,352,Vessel_454,Fishing,IND,9000453,Anchored,Indian Ocean
400000454,2026-01-01T07:34:00,11.799559,79.277187,14.6,230.3,76,Vessel_455,Fishing,MHL,9000454,Under Way,Indian Ocean
400000455,2026-01-01T07:35:00,17.867974,58.138547,18.7,305.8,84,Vessel_456,Tanker,LBR,9000455,Anchored,Arabian Sea
400000456,2026-01-01T07:36:00,11.617897,60.563143,11.2,197.6,193,Vessel_457,Bulk Carrier,SGP,9000456,Under Way,Arabian Sea
400000457,2026-01-01T07:37:00,12.551211,90.314629,1.9,178.9,161,Vessel_458,Tanker,LBR,9000457,Moored,Bay of Bengal
400000458,2026-01-01T07:38:00,-9.466926,76.137586,0.8,197.1,46,Vessel_459,Fishing,MHL,9000458,Moored,Indian Ocean
400000459,2026-01-01T07:39:00,20.131885,90.121986,14.4,163.8,174,Vessel_460,Container,IND,9000459,Under Way,Bay of Bengal
400000460,2026-01-01T07:40:00,10.643535,93.813495,13.2,257.3,186,Vessel_461,Bulk Carrier,IND,9000460,Under Way,Bay of Bengal
400000461,2026-01-01T07:41:00,-3.347587,73.654285,18.3,346.2,149,Vessel_462,Fishing,MHL,9000461,Anchored,Indian Ocean
400000462,2026-01-01T07:42:00,-6.810333,95.875085,10.8,295.0,209,Vessel_463,Tanker,PAN,9000462,Moored,Indian Ocean
400000463,2026-01-01T07:43:00,8.750868,73.604325,8.6,164.1,97,Vessel_464,Container,IND,9000463,Anchored,Arabian Sea
400000464,2026-01-01T07:44:00,23.532531,71.749325,13.0,277.2,230,Vessel_465,Bulk Carrier,MHL,9000464,Moored,Arabian Sea
400000465,2026-01-01T07:45:00,24.277095,55.086753,16.2,198.6,221,Vessel_466,Fishing,LBR,9000465,Moored,Arabian Sea
400000466,2026-01-01T07:46:00,18.836354,58.473005,17.9,37.2,336,Vessel_467,Fishing,MHL,9000466,Anchored,Arabian Sea
400000467,2026-01-01T07:47:00,16.441717,76.74659,13.4,248.6,127,Vessel_468,Container,LBR,9000467,Anchored,Indian Ocean
400000468,2026-01-01T07:48:00,12.698377,82.400693,9.1,251.3,262,Vessel_469,Container,MHL,9000468,Anchored,Bay of Bengal
400000469,2026-01-01T07:49:00,12.104559,82.143263,4.8,75.3,148,Vessel_470,Container,SGP,9000469,Moored,Indian Ocean
400000470,2026-01-01T07:50:00,19.255385,67.112508,11.9,228.6,59,Vessel_471,Container,MHL,9000470,Anchored,Indian Ocean
400000471,2026-01-01T07:51:00,7.119146,86.68629,9.2,268.5,273,Vessel_472,Container,LBR,9000471,Under Way,Indian Ocean
400000472,2026-01-01T07:52:00,-6.805886,75.234813,1.2,20.3,136,Vessel_473,Cargo,PAN,9000472,Moored,Indian Ocean
400000473,2026-01-01T07:53:00,7.489283,81.116591,17.3,73.2,277,Vessel_474,Tanker,PAN,9000473,Anchored,Bay of Bengal
400000474,2026-01-01T07:54:00,17.322177,68.51052,12.4,80.5,331,Vessel_475,Fishing,LBR,9000474,Under Way,Arabian Sea
400000475,2026-01-01T07:55:00,13.529215,91.95287,6.3,238.6,195,Vessel_476,Bulk Carrier,LBR,9000475,Moored,Indian Ocean
400000476,2026-01-01T07:56:00,21.419165,80.968439,16.4,72.9,226,Vessel_477,Cargo,PAN,9000476,Moored,Bay of Bengal
400000477,2026-01-01T07:57:00,12.153501,67.858763,15.9,69.5,229,Vessel_478,Cargo,IND,9000477,Under Way,Indian Ocean
400000478,2026-01-01T07:58:00,19.70159,57.387076,0.9,100.2,135,Vessel_479,Cargo,SGP,9000478,Moored,Arabian Sea
400000479,2026-01-01T07:59:00,5.095967,88.393964,20.6,14.3,165,Vessel_480,Fishing,IND,9000479,Moored,Bay of Bengal
400000480,2026-01-01T08:00:00,15.294199,72.046193,17.4,197.5,37,Vessel_481,Container,MHL,9000480,Under Way,Indian Ocean
400000481,2026-01-01T08:01:00,15.412126,70.725165,3.5,195.0,206,Vessel_482,Tanker,PAN,9000481,Under Way,Arabian Sea
400000482,2026-01-01T08:02:00,18.26669,61.621331,6.5,341.2,316,Vessel_483,Fishing,LBR,9000482,Moored,Arabian Sea
400000483,2026-01-01T08:03:00,-9.735889,86.757539,9.8,324.7,314,Vessel_484,Fishing,SGP,9000483,Under Way,Indian Ocean
400000484,2026-01-01T08:04:00,16.569805,75.254904,17.5,40.7,131,Vessel_485,Fishing,PAN,9000484,Under Way,Indian Ocean
400000485,2026-01-01T08:05:00,14.663272,74.998322,17.7,160.0,22,Vessel_486,Container,SGP,9000485,Anchored,Indian Ocean
400000486,2026-01-01T08:06:00,-7.529637,63.838257,21.4,277.6,273,Vessel_487,Tanker,IND,9000486,Under Way,Indian Ocean
400000487,2026-01-01T08:07:00,8.885435,68.527005,15.1,300.0,105,Vessel_488,Fishing,LBR,9000487,Moored,Indian Ocean
400000488,2026-01-01T08:08:00,19.937817,58.075092,10.1,119.1,44,Vessel_489,Tanker,IND,9000488,Under Way,Arabian Sea
400000489,2026-01-01T08:09:00,14.487431,90.349321,5.0,92.9,198,Vessel_490,Bulk Carrier,LBR,9000489,Anchored,Bay of Bengal
400000490,2026-01-01T08:10:00,5.287146,92.119377,11.8,230.3,316,Vessel_491,Tanker,MHL,9000490,Under Way,Bay of Bengal
400000491,2026-01-01T08:11:00,15.447537,74.308006,11.1,104.1,351,Vessel_492,Container,MHL,9000491,Under Way,Indian Ocean
400000492,2026-01-01T08:12:00,18.009662,87.878171,8.7,237.2,242,Vessel_493,Cargo,MHL,9000492,Under Way,Bay of Bengal
400000493,2026-01-01T08:13:00,19.935078,70.935409,18.7,105.9,324,Vessel_494,Cargo,PAN,9000493,Moored,Arabian Sea
400000494,2026-01-01T08:14:00,9.438218,98.295666,0.2,314.0,72,Vessel_495,Tanker,IND,9000494,Under Way,Indian Ocean
400000495,2026-01-01T08:15:00,7.899647,81.486082,20.8,109.4,176,Vessel_496,Cargo,LBR,9000495,Moored,Indian Ocean
400000496,2026-01-01T08:16:00,-5.726346,67.359709,13.6,90.7,58,Vessel_497,Cargo,MHL,9000496,Under Way,Indian Ocean
400000497,2026-01-01T08:17:00,3.837956,81.986584,6.4,24.2,50,Vessel_498,Cargo,MHL,9000497,Anchored,Indian Ocean
400000498,2026-01-01T08:18:00,11.071352,92.08332,5.2,102.4,35,Vessel_499,Cargo,PAN,9000498,Anchored,Bay of Bengal
400000499,2026-01-01T08:19:00,10.581883,91.869601,15.3,54.7,290,Vessel_500,Container,PAN,9000499,Anchored,Bay of Bengal
400000500,2026-01-01T08:20:00,5.096638,59.923503,4.9,265.6,223,Vessel_501,Container,PAN,9000500,Under Way,Arabian Sea
400000501,2026-01-01T08:21:00,11.989184,95.115433,10.2,128.8,156,Vessel_502,Bulk Carrier,MHL,9000501,Under Way,Indian Ocean
400000502,2026-01-01T08:22:00,17.911032,56.639474,6.2,296.7,275,Vessel_503,Cargo,PAN,9000502,Moored,Arabian Sea
400000503,2026-01-01T08:23:00,-7.706129,63.015998,0.4,182.1,15,Vessel_504,Fishing,MHL,9000503,Anchored,Indian Ocean
400000504,2026-01-01T08:24:00,-3.617179,61.466252,5.7,320.9,276,Vessel_505,Bulk Carrier,SGP,9000504,Anchored,Indian Ocean
400000505,2026-01-01T08:25:00,8.796213,93.898607,16.1,104.5,237,Vessel_506,Fishing,MHL,9000505,Under Way,Bay of Bengal
400000506,2026-01-01T08:26:00,11.185714,80.19065,5.3,346.1,314,Vessel_507,Cargo,MHL,9000506,Under Way,Bay of Bengal
400000507,2026-01-01T08:27:00,7.706781,90.194431,12.4,313.1,74,Vessel_508,Bulk Carrier,PAN,9000507,Under Way,Bay of Bengal
400000508,2026-01-01T08:28:00,20.229448,59.634998,5.8,84.0,342,Vessel_509,Cargo,MHL,9000508,Anchored,Arabian Sea
400000509,2026-01-01T08:29:00,12.984462,88.183582,1.0,352.0,165,Vessel_510,Tanker,MHL,9000509,Moored,Bay of Bengal
400000510,2026-01-01T08:30:00,19.192829,84.739689,12.0,62.4,334,Vessel_511,Bulk Carrier,PAN,9000510,Moored,Bay of Bengal
400000511,2026-01-01T08:31:00,16.946799,63.113499,5.5,349.2,114,Vessel_512,Fishing,LBR,9000511,Anchored,Indian Ocean
400000512,2026-01-01T08:32:00,13.276647,88.677982,13.3,180.2,71,Vessel_513,Bulk Carrier,SGP,9000512,Under Way,Bay of Bengal
400000513,2026-01-01T08:33:00,15.290825,60.61619,3.3,56.5,308,Vessel_514,Tanker,SGP,9000513,Anchored,Arabian Sea
400000514,2026-01-01T08:34:00,17.244346,88.6673,10.5,75.6,82,Vessel_515,Bulk Carrier,IND,9000514,Under Way,Bay of Bengal
400000515,2026-01-01T08:35:00,7.557702,66.846953,3.0,184.0,293,Vessel_516,Cargo,IND,9000515,Under Way,Arabian Sea
400000516,2026-01-01T08:36:00,20.681597,89.299532,8.9,348.0,326,Vessel_517,Tanker,PAN,9000516,Under Way,Bay of Bengal
400000517,2026-01-01T08:37:00,13.984067,74.855516,19.1,61.2,210,Vessel_518,Fishing,SGP,9000517,Moored,Arabian Sea
400000518,2026-01-01T08:38:00,17.464235,65.216098,3.7,246.1,232,Vessel_519,Fishing,MHL,9000518,Under Way,Arabian Sea
400000519,2026-01-01T08:39:00,12.564227,57.644264,0.4,187.7,258,Vessel_520,Bulk Carrier,SGP,9000519,Moored,Arabian Sea
400000520,2026-01-01T08:40:00,8.548444,73.032164,13.2,315.1,272,Vessel_521,Fishing,IND,9000520,Under Way,Arabian Sea
400000521,2026-01-01T08:41:00,16.209674,96.235726,11.9,0.4,347,Vessel_522,Bulk Carrier,MHL,9000521,Anchored,Bay of Bengal
400000522,2026-01-01T08:42:00,19.872013,92.557571,9.4,336.9,246,Vessel_523,Bulk Carrier,PAN,9000522,Moored,Bay of Bengal
400000523,2026-01-01T08:43:00,17.235766,93.487621,12.7,152.8,130,Vessel_524,Bulk Carrier,SGP,9000523,Under Way,Indian Ocean
400000524,2026-01-01T08:44:00,15.17097,89.787158,5.7,2.0,3,Vessel_525,Fishing,MHL,9000524,Under Way,Bay of Bengal
400000525,2026-01-01T08:45:00,-9.784178,86.181845,15.1,113.4,185,Vessel_526,Tanker,SGP,9000525,Anchored,Indian Ocean
400000526,2026-01-01T08:46:00,7.561106,70.452116,11.8,202.7,313,Vessel_527,Container,LBR,9000526,Under Way,Indian Ocean
400000527,2026-01-01T08:47:00,14.385784,90.036128,3.9,200.7,247,Vessel_528,Container,PAN,9000527,Moored,Bay of Bengal
400000528,2026-01-01T08:48:00,18.161306,87.166336,3.0,310.1,60,Vessel_529,Cargo,LBR,9000528,Moored,Bay of Bengal
400000529,2026-01-01T08:49:00,7.005572,65.166871,17.3,287.5,314,Vessel_530,Tanker,SGP,9000529,Anchored,Arabian Sea
400000530,2026-01-01T08:50:00,-9.841281,63.643543,3.2,332.4,222,Vessel_531,Tanker,IND,9000530,Anchored,Indian Ocean
400000531,2026-01-01T08:51:00,12.416703,67.180577,15.9,334.1,205,Vessel_532,Fishing,MHL,9000531,Anchored,Arabian Sea
400000532,2026-01-01T08:52:00,18.905895,62.298521,17.0,62.9,253,Vessel_533,Bulk Carrier,IND,9000532,Under Way,Indian Ocean
400000533,2026-01-01T08:53:00,17.922754,80.726131,4.3,281.4,261,Vessel_534,Fishing,SGP,9000533,Moored,Indian Ocean
400000534,2026-01-01T08:54:00,18.480488,62.1948,14.4,350.3,44,Vessel_535,Container,LBR,9000534,Anchored,Arabian Sea
400000535,2026-01-01T08:55:00,1.854294,83.443207,11.4,264.6,35,Vessel_536,Tanker,MHL,9000535,Anchored,Indian Ocean
400000536,2026-01-01T08:56:00,14.892944,96.600359,7.7,345.8,141,Vessel_537,Cargo,MHL,9000536,Under Way,Indian Ocean
400000537,2026-01-01T08:57:00,20.805135,90.348321,5.7,146.2,54,Vessel_538,Fishing,IND,9000537,Moored,Bay of Bengal
400000538,2026-01-01T08:58:00,10.77942,82.106162,11.3,92.5,275,Vessel_539,Fishing,PAN,9000538,Moored,Bay of Bengal
400000539,2026-01-01T08:59:00,21.422943,90.137035,16.9,271.9,234,Vessel_540,Bulk Carrier,MHL,9000539,Under Way,Bay of Bengal
400000540,2026-01-01T09:00:00,6.976561,81.215977,13.9,356.9,346,Vessel_541,Cargo,PAN,9000540,Anchored,Bay of Bengal
400000541,2026-01-01T09:01:00,13.780572,80.175017,18.3,89.1,47,Vessel_542,Bulk Carrier,PAN,9000541,Under Way,Bay of Bengal
400000542,2026-01-01T09:02:00,17.941887,79.062218,7.8,321.1,137,Vessel_543,Cargo,SGP,9000542,Anchored,Indian Ocean
400000543,2026-01-01T09:03:00,-4.010004,89.417163,19.2,74.2,103,Vessel_544,Cargo,MHL,9000543,Anchored,Indian Ocean
400000544,2026-01-01T09:04:00,20.57877,57.39757,1.7,343.1,252,Vessel_545,Fishing,IND,9000544,Moored,Arabian Sea
400000545,2026-01-01T09:05:00,21.960212,62.423931,6.9,322.4,294,Vessel_546,Container,LBR,9000545,Under Way,Arabian Sea
400000546,2026-01-01T09:06:00,-1.592001,68.883711,12.7,19.4,216,Vessel_547,Bulk Carrier,MHL,9000546,Under Way,Indian Ocean
400000547,2026-01-01T09:07:00,0.418669,94.416005,17.1,164.1,61,Vessel_548,Fishing,LBR,9000547,Anchored,Indian Ocean
400000548,2026-01-01T09:08:00,-9.747442,86.964122,8.3,36.2,185,Vessel_549,Fishing,PAN,9000548,Under Way,Indian Ocean
400000549,2026-01-01T09:09:00,-2.114529,70.776329,21.1,123.2,94,Vessel_550,Bulk Carrier,LBR,9000549,Under Way,Indian Ocean
400000550,2026-01-01T09:10:00,16.912115,86.701573,18.8,100.4,92,Vessel_551,Fishing,SGP,9000550,Moored,Bay of Bengal
400000551,2026-01-01T09:11:00,-3.142998,63.99479,5.9,84.7,221,Vessel_552,Bulk Carrier,SGP,9000551,Under Way,Indian Ocean
400000552,2026-01-01T09:12:00,-5.513558,92.226734,3.9,179.4,322,Vessel_553,Fishing,MHL,9000552,Moored,Indian Ocean
400000553,2026-01-01T09:13:00,18.35066,85.400615,12.4,203.9,203,Vessel_554,Tanker,SGP,9000553,Under Way,Bay of Bengal
400000554,2026-01-01T09:14:00,21.276361,64.530788,13.9,161.5,171,Vessel_555,Container,PAN,9000554,Anchored,Arabian Sea
400000555,2026-01-01T09:15:00,6.724745,92.400635,7.6,147.8,179,Vessel_556,Fishing,SGP,9000555,Moored,Indian Ocean
400000556,2026-01-01T09:16:00,9.495964,81.53753,21.5,102.2,166,Vessel_557,Fishing,LBR,9000556,Moored,Indian Ocean
400000557,2026-01-01T09:17:00,20.123752,86.859278,6.3,226.8,74,Vessel_558,Cargo,PAN,9000557,Anchored,Bay of Bengal
400000558,2026-01-01T09:18:00,8.369304,76.190909,20.0,28.4,175,Vessel_559,Cargo,PAN,9000558,Anchored,Indian Ocean
400000559,2026-01-01T09:19:00,-1.259309,70.698896,14.2,97.4,227,Vessel_560,Container,MHL,9000559,Moored,Indian Ocean
400000560,2026-01-01T09:20:00,12.037814,83.309952,0.5,261.3,338,Vessel_561,Container,IND,9000560,Under Way,Bay of Bengal
400000561,2026-01-01T09:21:00,12.940912,56.911074,20.6,169.9,27,Vessel_562,Tanker,LBR,9000561,Moored,Arabian Sea
400000562,2026-01-01T09:22:00,7.078568,67.362043,1.9,334.4,199,Vessel_563,Container,SGP,9000562,Under Way,Arabian Sea
400000563,2026-01-01T09:23:00,-1.474742,85.059227,2.9,301.0,14,Vessel_564,Tanker,PAN,9000563,Anchored,Indian Ocean
400000564,2026-01-01T09:24:00,12.942289,95.676169,20.6,196.9,69,Vessel_565,Fishing,SGP,9000564,Moored,Bay of Bengal
400000565,2026-01-01T09:25:00,3.696303,89.956464,19.3,156.2,327,Vessel_566,Fishing,PAN,9000565,Anchored,Indian Ocean
400000566,2026-01-01T09:26:00,14.174358,94.48474,9.7,131.3,133,Vessel_567,Cargo,PAN,9000566,Under Way,Bay of Bengal
400000567,2026-01-01T09:27:00,15.466325,70.165869,3.0,102.9,273,Vessel_568,Tanker,LBR,9000567,Anchored,Arabian Sea
400000568,2026-01-01T09:28:00,5.155254,87.747836,6.4,83.0,3,Vessel_569,Fishing,PAN,9000568,Under Way,Bay of Bengal
400000569,2026-01-01T09:29:00,19.996755,87.867915,5.5,256.7,330,Vessel_570,Bulk Carrier,LBR,9000569,Under Way,Bay of Bengal
400000570,2026-01-01T09:30:00,6.346565,91.255814,11.4,287.2,313,Vessel_571,Container,PAN,9000570,Moored,Bay of Bengal
400000571,2026-01-01T09:31:00,5.958328,70.752881,4.1,24.6,69,Vessel_572,Container,IND,9000571,Moored,Indian Ocean
400000572,2026-01-01T09:32:00,15.5014,84.898414,13.7,67.4,9,Vessel_573,Cargo,IND,9000572,Moored,Bay of Bengal
400000573,2026-01-01T09:33:00,8.718752,57.04547,5.9,256.8,4,Vessel_574,Cargo,IND,9000573,Under Way,Arabian Sea
400000574,2026-01-01T09:34:00,14.871591,61.838257,6.9,287.0,190,Vessel_575,Bulk Carrier,IND,9000574,Anchored,Arabian Sea
400000575,2026-01-01T09:35:00,21.870926,74.032881,1.2,278.5,36,Vessel_576,Fishing,LBR,9000575,Under Way,Arabian Sea
400000576,2026-01-01T09:36:00,22.91398,60.001589,8.4,4.5,127,Vessel_577,Bulk Carrier,LBR,9000576,Under Way,Arabian Sea
400000577,2026-01-01T09:37:00,19.836062,67.967195,16.2,33.7,340,Vessel_578,Cargo,LBR,9000577,Anchored,Indian Ocean
400000578,2026-01-01T09:38:00,18.836417,97.44861,3.5,261.4,281,Vessel_579,Fishing,IND,9000578,Anchored,Indian Ocean
400000579,2026-01-01T09:39:00,15.85484,83.577025,19.5,310.1,111,Vessel_580,Tanker,SGP,9000579,Moored,Bay of Bengal
400000580,2026-01-01T09:40:00,10.516729,83.012486,6.1,43.0,124,Vessel_581,Tanker,IND,9000580,Moored,Bay of Bengal
400000581,2026-01-01T09:41:00,4.25812,83.848491,8.2,32.1,80,Vessel_582,Bulk Carrier,IND,9000581,Moored,Indian Ocean
400000582,2026-01-01T09:42:00,0.152663,98.786068,16.7,21.6,182,Vessel_583,Cargo,MHL,9000582,Under Way,Indian Ocean
400000583,2026-01-01T09:43:00,14.756858,61.334791,12.3,231.4,177,Vessel_584,Bulk Carrier,SGP,9000583,Under Way,Arabian Sea
400000584,2026-01-01T09:44:00,1.333068,88.975966,5.5,14.2,224,Vessel_585,Fishing,PAN,9000584,Moored,Indian Ocean
400000585,2026-01-01T09:45:00,4.70276,82.668069,12.0,116.2,239,Vessel_586,Container,MHL,9000585,Moored,Indian Ocean
400000586,2026-01-01T09:46:00,6.377532,58.10051,6.5,94.5,187,Vessel_587,Bulk Carrier,IND,9000586,Moored,Arabian Sea
400000587,2026-01-01T09:47:00,1.371307,67.421372,0.4,307.6,317,Vessel_588,Cargo,PAN,9000587,Moored,Indian Ocean
400000588,2026-01-01T09:48:00,18.165788,65.77913,8.5,188.1,254,Vessel_589,Fishing,SGP,9000588,Moored,Arabian Sea
400000589,2026-01-01T09:49:00,10.484201,91.536271,2.4,187.8,34,Vessel_590,Tanker,SGP,9000589,Under Way,Bay of Bengal
400000590,2026-01-01T09:50:00,9.041581,64.707406,2.2,205.0,198,Vessel_591,Bulk Carrier,MHL,9000590,Moored,Arabian Sea
400000591,2026-01-01T09:51:00,7.709027,61.963425,4.9,257.7,6,Vessel_592,Cargo,LBR,9000591,Under Way,Indian Ocean
400000592,2026-01-01T09:52:00,18.617339,81.092603,12.3,336.8,212,Vessel_593,Container,IND,9000592,Moored,Bay of Bengal
400000593,2026-01-01T09:53:00,13.993354,93.217406,18.4,28.0,110,Vessel_594,Fishing,IND,9000593,Under Way,Bay of Bengal
400000594,2026-01-01T09:54:00,-3.06946,75.413244,4.2,235.8,291,Vessel_595,Cargo,MHL,9000594,Moored,Indian Ocean
400000595,2026-01-01T09:55:00,2.455538,64.220567,14.0,128.5,234,Vessel_596,Bulk Carrier,IND,9000595,Under Way,Indian Ocean
400000596,2026-01-01T09:56:00,15.999309,65.093856,14.5,191.7,307,Vessel_597,Bulk Carrier,PAN,9000596,Anchored,Arabian Sea
400000597,2026-01-01T09:57:00,19.74389,72.986164,8.2,274.3,220,Vessel_598,Container,MHL,9000597,Under Way,Indian Ocean
400000598,2026-01-01T09:58:00,6.368787,75.002523,12.1,267.3,184,Vessel_599,Bulk Carrier,LBR,9000598,Anchored,Indian Ocean
400000599,2026-01-01T09:59:00,19.526266,74.659129,13.1,185.8,154,Vessel_600,Tanker,PAN,9000599,Under Way,Arabian Sea
400000600,2026-01-01T10:00:00,22.114409,55.434027,18.1,247.6,141,Vessel_601,Fishing,MHL,9000600,Moored,Arabian Sea
400000601,2026-01-01T10:01:00,17.777674,66.188591,0.8,127.7,70,Vessel_602,Container,PAN,9000601,Moored,Indian Ocean
400000602,2026-01-01T10:02:00,9.659883,71.221485,2.0,143.5,111,Vessel_603,Tanker,PAN,9000602,Anchored,Arabian Sea
400000603,2026-01-01T10:03:00,14.765528,72.980482,15.5,294.2,48,Vessel_604,Fishing,PAN,9000603,Under Way,Arabian Sea
400000604,2026-01-01T10:04:00,14.250235,75.261844,17.2,331.0,171,Vessel_605,Container,LBR,9000604,Anchored,Indian Ocean
400000605,2026-01-01T10:05:00,22.39573,59.534353,14.4,216.2,5,Vessel_606,Bulk Carrier,IND,9000605,Anchored,Arabian Sea
400000606,2026-01-01T10:06:00,-8.764532,81.597189,3.3,180.4,113,Vessel_607,Cargo,IND,9000606,Moored,Indian Ocean
400000607,2026-01-01T10:07:00,19.921019,98.84161,16.6,206.5,46,Vessel_608,Cargo,LBR,9000607,Anchored,Indian Ocean
400000608,2026-01-01T10:08:00,7.516211,86.051027,10.5,267.6,280,Vessel_609,Bulk Carrier,PAN,9000608,Under Way,Bay of Bengal
400000609,2026-01-01T10:09:00,13.530993,93.928852,2.9,48.4,286,Vessel_610,Cargo,LBR,9000609,Anchored,Bay of Bengal
400000610,2026-01-01T10:10:00,7.13992,82.446704,21.9,188.2,124,Vessel_611,Tanker,PAN,9000610,Anchored,Indian Ocean
400000611,2026-01-01T10:11:00,16.640546,90.368328,2.5,148.5,187,Vessel_612,Container,SGP,9000611,Anchored,Bay of Bengal
400000612,2026-01-01T10:12:00,15.095912,80.435723,6.7,354.6,315,Vessel_613,Bulk Carrier,MHL,9000612,Under Way,Bay of Bengal
400000613,2026-01-01T10:13:00,5.762918,94.727095,4.4,134.2,43,Vessel_614,Tanker,IND,9000613,Under Way,Bay of Bengal
400000614,2026-01-01T10:14:00,17.801891,94.750094,18.0,4.9,355,Vessel_615,Tanker,PAN,9000614,Anchored,Indian Ocean
400000615,2026-01-01T10:15:00,5.386718,83.762172,11.8,73.2,267,Vessel_616,Container,MHL,9000615,Anchored,Bay of Bengal
400000616,2026-01-01T10:16:00,11.897708,65.653897,15.4,6.6,298,Vessel_617,Fishing,IND,9000616,Anchored,Indian Ocean
400000617,2026-01-01T10:17:00,6.202201,59.013921,15.3,97.4,238,Vessel_618,Tanker,IND,9000617,Anchored,Arabian Sea
400000618,2026-01-01T10:18:00,-1.860689,94.083318,14.5,310.3,9,Vessel_619,Container,LBR,9000618,Under Way,Indian Ocean
400000619,2026-01-01T10:19:00,13.645186,92.774398,19.9,174.0,305,Vessel_620,Fishing,IND,9000619,Under Way,Bay of Bengal
400000620,2026-01-01T10:20:00,15.013016,64.159725,20.4,7.7,126,Vessel_621,Fishing,PAN,9000620,Anchored,Arabian Sea
400000621,2026-01-01T10:21:00,11.687797,82.826095,7.6,126.3,320,Vessel_622,Container,SGP,9000621,Moored,Bay of Bengal
400000622,2026-01-01T10:22:00,18.802179,91.264263,19.3,319.7,15,Vessel_623,Fishing,PAN,9000622,Under Way,Bay of Bengal
400000623,2026-01-01T10:23:00,11.835723,62.856932,3.0,262.0,266,Vessel_624,Fishing,SGP,9000623,Anchored,Arabian Sea
400000624,2026-01-01T10:24:00,16.457971,63.5293,6.9,217.3,229,Vessel_625,Fishing,SGP,9000624,Under Way,Arabian Sea
400000625,2026-01-01T10:25:00,-5.842704,81.654153,17.6,309.7,158,Vessel_626,Fishing,SGP,9000625,Anchored,Indian Ocean
400000626,2026-01-01T10:26:00,18.124635,66.296886,3.5,24.3,272,Vessel_627,Tanker,SGP,9000626,Anchored,Arabian Sea
400000627,2026-01-01T10:27:00,19.541591,70.3087,19.4,148.6,210,Vessel_628,Container,LBR,9000627,Moored,Arabian Sea
400000628,2026-01-01T10:28:00,17.997501,70.951847,17.1,38.3,94,Vessel_629,Tanker,MHL,9000628,Moored,Indian Ocean
400000629,2026-01-01T10:29:00,15.295277,91.022516,13.1,82.9,13,Vessel_630,Container,IND,9000629,Moored,Bay of Bengal
400000630,2026-01-01T10:30:00,7.279473,95.230488,10.3,233.2,94,Vessel_631,Bulk Carrier,LBR,9000630,Anchored,Bay of Bengal
400000631,2026-01-01T10:31:00,8.275728,59.525461,9.0,347.8,138,Vessel_632,Bulk Carrier,SGP,9000631,Moored,Arabian Sea
400000632,2026-01-01T10:32:00,19.647303,90.311064,1.5,332.8,224,Vessel_633,Fishing,LBR,9000632,Moored,Indian Ocean
400000633,2026-01-01T10:33:00,19.735173,95.976564,9.4,278.7,311,Vessel_634,Bulk Carrier,PAN,9000633,Anchored,Bay of Bengal
400000634,2026-01-01T10:34:00,18.174174,82.877378,11.8,230.3,19,Vessel_635,Fishing,IND,9000634,Anchored,Indian Ocean
400000635,2026-01-01T10:35:00,19.059172,80.763486,21.9,186.2,202,Vessel_636,Tanker,MHL,9000635,Anchored,Bay of Bengal
400000636,2026-01-01T10:36:00,12.954796,98.503692,4.2,157.8,155,Vessel_637,Container,LBR,9000636,Under Way,Indian Ocean
400000637,2026-01-01T10:37:00,10.005135,96.542591,15.2,324.4,237,Vessel_638,Bulk Carrier,IND,9000637,Moored,Bay of Bengal
400000638,2026-01-01T10:38:00,-6.604852,91.149246,20.6,249.9,69,Vessel_639,Bulk Carrier,LBR,9000638,Anchored,Indian Ocean
400000639,2026-01-01T10:39:00,5.423506,88.166253,19.7,321.6,232,Vessel_640,Tanker,PAN,9000639,Anchored,Bay of Bengal
400000640,2026-01-01T10:40:00,9.457293,88.45879,3.6,263.2,46,Vessel_641,Tanker,LBR,9000640,Moored,Indian Ocean
400000641,2026-01-01T10:41:00,6.450211,92.731024,16.0,350.1,313,Vessel_642,Cargo,LBR,9000641,Moored,Bay of Bengal
400000642,2026-01-01T10:42:00,5.746403,83.07593,7.4,312.8,76,Vessel_643,Cargo,SGP,9000642,Under Way,Bay of Bengal
400000643,2026-01-01T10:43:00,-8.460685,72.322488,16.1,345.0,147,Vessel_644,Cargo,IND,9000643,Under Way,Indian Ocean
400000644,2026-01-01T10:44:00,5.070658,70.307916,0.3,178.6,255,Vessel_645,Fishing,IND,9000644,Moored,Arabian Sea
400000645,2026-01-01T10:45:00,9.043932,90.599522,10.5,147.2,40,Vessel_646,Fishing,MHL,9000645,Under Way,Bay of Bengal
400000646,2026-01-01T10:46:00,22.643357,60.562259,13.8,294.4,106,Vessel_647,Tanker,SGP,9000646,Under Way,Arabian Sea
400000647,2026-01-01T10:47:00,18.065538,55.734421,18.8,239.5,308,Vessel_648,Container,PAN,9000647,Under Way,Arabian Sea
400000648,2026-01-01T10:48:00,7.177753,74.874704,3.5,102.1,338,Vessel_649,Fishing,MHL,9000648,Moored,Arabian Sea
400000649,2026-01-01T10:49:00,24.325865,69.986696,7.9,12.9,153,Vessel_650,Container,PAN,9000649,Anchored,Arabian Sea
400000650,2026-01-01T10:50:00,20.16884,71.866193,1.4,169.0,62,Vessel_651,Container,PAN,9000650,Moored,Arabian Sea
400000651,2026-01-01T10:51:00,13.918986,92.524931,13.5,39.2,322,Vessel_652,Fishing,IND,9000651,Anchored,Bay of Bengal
400000652,2026-01-01T10:52:00,10.659628,97.355667,21.7,103.1,311,Vessel_653,Container,PAN,9000652,Moored,Indian Ocean
400000653,2026-01-01T10:53:00,19.85073,74.154134,2.9,202.0,266,Vessel_654,Bulk Carrier,LBR,9000653,Under Way,Indian Ocean
400000654,2026-01-01T10:54:00,-3.018351,71.619523,4.3,42.4,238,Vessel_655,Tanker,SGP,9000654,Moored,Indian Ocean
400000655,2026-01-01T10:55:00,12.038699,86.008261,12.3,228.9,5,Vessel_656,Cargo,PAN,9000655,Anchored,Bay of Bengal
400000656,2026-01-01T10:56:00,11.155451,65.133793,7.1,2.2,351,Vessel_657,Container,PAN,9000656,Anchored,Arabian Sea
400000657,2026-01-01T10:57:00,7.067646,98.404513,18.3,69.7,173,Vessel_658,Bulk Carrier,LBR,9000657,Under Way,Indian Ocean
400000658,2026-01-01T10:58:00,-5.927383,66.215452,10.1,310.6,171,Vessel_659,Bulk Carrier,LBR,9000658,Moored,Indian Ocean
400000659,2026-01-01T10:59:00,21.702115,60.986875,15.9,113.3,274,Vessel_660,Tanker,SGP,9000659,Moored,Arabian Sea
400000660,2026-01-01T11:00:00,-0.048421,96.647458,17.5,23.8,76,Vessel_661,Container,IND,9000660,Anchored,Indian Ocean
400000661,2026-01-01T11:01:00,15.650684,95.163304,12.6,139.9,304,Vessel_662,Tanker,PAN,9000661,Moored,Bay of Bengal
400000662,2026-01-01T11:02:00,17.06728,84.886953,1.9,314.9,190,Vessel_663,Bulk Carrier,PAN,9000662,Under Way,Bay of Bengal
400000663,2026-01-01T11:03:00,-0.930451,64.489251,17.3,279.2,47,Vessel_664,Bulk Carrier,MHL,9000663,Under Way,Indian Ocean
400000664,2026-01-01T11:04:00,20.384249,82.7734,7.5,173.6,268,Vessel_665,Container,PAN,9000664,Under Way,Bay of Bengal
400000665,2026-01-01T11:05:00,21.44277,73.760477,14.9,47.6,18,Vessel_666,Bulk Carrier,LBR,9000665,Moored,Arabian Sea
400000666,2026-01-01T11:06:00,-6.52492,72.439253,1.0,304.5,44,Vessel_667,Container,LBR,9000666,Under Way,Indian Ocean
400000667,2026-01-01T11:07:00,15.411554,68.179686,6.9,207.3,159,Vessel_668,Cargo,PAN,9000667,Under Way,Arabian Sea
400000668,2026-01-01T11:08:00,10.731348,65.645516,17.0,240.9,139,Vessel_669,Cargo,SGP,9000668,Anchored,Arabian Sea
400000669,2026-01-01T11:09:00,5.305134,67.458899,11.3,74.2,179,Vessel_670,Fishing,PAN,9000669,Anchored,Arabian Sea
400000670,2026-01-01T11:10:00,23.865556,71.080057,12.6,61.5,159,Vessel_671,Fishing,PAN,9000670,Moored,Arabian Sea
400000671,2026-01-01T11:11:00,5.862345,80.521868,19.9,18.1,196,Vessel_672,Tanker,IND,9000671,Anchored,Bay of Bengal
400000672,2026-01-01T11:12:00,8.042711,90.730185,13.0,300.2,358,Vessel_673,Bulk Carrier,MHL,9000672,Anchored,Bay of Bengal
400000673,2026-01-01T11:13:00,10.649646,83.566648,16.7,290.5,40,Vessel_674,Bulk Carrier,MHL,9000673,Under Way,Bay of Bengal
400000674,2026-01-01T11:14:00,21.25702,73.393781,10.3,163.6,350,Vessel_675,Bulk Carrier,LBR,9000674,Under Way,Arabian Sea
400000675,2026-01-01T11:15:00,7.874434,72.914017,5.7,130.5,93,Vessel_676,Container,PAN,9000675,Anchored,Arabian Sea
400000676,2026-01-01T11:16:00,5.51449,88.556019,7.7,165.6,87,Vessel_677,Container,PAN,9000676,Moored,Bay of Bengal
400000677,2026-01-01T11:17:00,-6.17818,64.117288,18.0,286.0,166,Vessel_678,Fishing,IND,9000677,Anchored,Indian Ocean
400000678,2026-01-01T11:18:00,3.829246,83.621438,5.2,87.5,81,Vessel_679,Bulk Carrier,LBR,9000678,Under Way,Indian Ocean
400000679,2026-01-01T11:19:00,8.540048,92.493077,9.5,351.9,290,Vessel_680,Container,MHL,9000679,Moored,Bay of Bengal
400000680,2026-01-01T11:20:00,8.461709,68.392104,16.3,255.6,249,Vessel_681,Tanker,MHL,9000680,Moored,Arabian Sea
400000681,2026-01-01T11:21:00,10.531428,81.75777,9.8,110.6,207,Vessel_682,Tanker,MHL,9000681,Under Way,Bay of Bengal
400000682,2026-01-01T11:22:00,14.422002,90.853735,8.3,177.5,338,Vessel_683,Tanker,IND,9000682,Under Way,Indian Ocean
400000683,2026-01-01T11:23:00,22.745231,73.06512,14.0,0.1,75,Vessel_684,Cargo,LBR,9000683,Moored,Arabian Sea
400000684,2026-01-01T11:24:00,11.629705,90.402765,4.3,244.7,162,Vessel_685,Container,MHL,9000684,Moored,Bay of Bengal
400000685,2026-01-01T11:25:00,20.614528,96.860177,15.8,328.5,45,Vessel_686,Fishing,IND,9000685,Moored,Bay of Bengal
400000686,2026-01-01T11:26:00,2.125922,65.102228,6.5,132.6,281,Vessel_687,Tanker,IND,9000686,Moored,Indian Ocean
400000687,2026-01-01T11:27:00,14.622599,74.369785,18.9,310.8,120,Vessel_688,Bulk Carrier,MHL,9000687,Anchored,Indian Ocean
400000688,2026-01-01T11:28:00,-0.456181,75.311585,8.4,195.7,339,Vessel_689,Cargo,LBR,9000688,Under Way,Indian Ocean
400000689,2026-01-01T11:29:00,16.108432,71.866553,7.9,149.8,147,Vessel_690,Cargo,SGP,9000689,Under Way,Arabian Sea
400000690,2026-01-01T11:30:00,17.967785,57.879918,19.5,236.2,69,Vessel_691,Tanker,SGP,9000690,Moored,Arabian Sea
400000691,2026-01-01T11:31:00,19.622597,96.084484,15.3,334.0,319,Vessel_692,Cargo,LBR,9000691,Moored,Bay of Bengal
400000692,2026-01-01T11:32:00,14.384851,88.100824,7.8,66.7,309,Vessel_693,Tanker,MHL,9000692,Anchored,Bay of Bengal
400000693,2026-01-01T11:33:00,-2.897501,80.069152,9.0,196.1,187,Vessel_694,Tanker,IND,9000693,Moored,Indian Ocean
400000694,2026-01-01T11:34:00,16.983003,82.036959,10.6,247.9,72,Vessel_695,Fishing,PAN,9000694,Anchored,Bay of Bengal
400000695,2026-01-01T11:35:00,-7.652962,95.596619,1.9,169.6,339,Vessel_696,Tanker,MHL,9000695,Moored,Indian Ocean
400000696,2026-01-01T11:36:00,15.421665,96.264535,11.8,3.9,232,Vessel_697,Fishing,LBR,9000696,Moored,Bay of Bengal
400000697,2026-01-01T11:37:00,-0.05458,74.116582,21.5,105.8,85,Vessel_698,Tanker,MHL,9000697,Moored,Indian Ocean
400000698,2026-01-01T11:38:00,17.358519,90.146713,1.4,169.9,86,Vessel_699,Fishing,IND,9000698,Moored,Bay of Bengal
400000699,2026-01-01T11:39:00,18.751228,91.237706,6.3,29.6,258,Vessel_700,Tanker,PAN,9000699,Anchored,Bay of Bengal
400000700,2026-01-01T11:40:00,17.315955,60.504342,5.7,266.2,309,Vessel_701,Cargo,MHL,9000700,Moored,Arabian Sea
400000701,2026-01-01T11:41:00,18.183113,62.395337,3.9,280.9,120,Vessel_702,Bulk Carrier,SGP,9000701,Moored,Arabian Sea
400000702,2026-01-01T11:42:00,11.85696,56.688029,3.2,335.3,78,Vessel_703,Bulk Carrier,LBR,9000702,Anchored,Arabian Sea
400000703,2026-01-01T11:43:00,18.213346,69.519982,3.7,207.4,176,Vessel_704,Tanker,PAN,9000703,Under Way,Arabian Sea
400000704,2026-01-01T11:44:00,8.352008,62.974896,6.6,267.9,272,Vessel_705,Cargo,LBR,9000704,Moored,Arabian Sea
400000705,2026-01-01T11:45:00,1.702115,70.505006,11.7,156.1,147,Vessel_706,Bulk Carrier,LBR,9000705,Moored,Indian Ocean
400000706,2026-01-01T11:46:00,21.349966,92.291774,0.9,329.5,326,Vessel_707,Container,LBR,9000706,Moored,Bay of Bengal
400000707,2026-01-01T11:47:00,15.75067,73.398696,5.9,35.3,335,Vessel_708,Fishing,LBR,9000707,Anchored,Indian Ocean
400000708,2026-01-01T11:48:00,12.472727,89.372538,13.0,70.0,172,Vessel_709,Cargo,PAN,9000708,Moored,Indian Ocean
400000709,2026-01-01T11:49:00,18.456037,71.63379,0.3,35.1,53,Vessel_710,Bulk Carrier,PAN,9000709,Under Way,Arabian Sea
400000710,2026-01-01T11:50:00,-1.501089,67.723181,0.5,33.0,304,Vessel_711,Cargo,MHL,9000710,Moored,Indian Ocean
400000711,2026-01-01T11:51:00,19.161502,57.399542,18.8,46.6,336,Vessel_712,Fishing,SGP,9000711,Under Way,Arabian Sea
400000712,2026-01-01T11:52:00,-4.47211,71.782745,14.5,27.2,232,Vessel_713,Container,LBR,9000712,Moored,Indian Ocean
400000713,2026-01-01T11:53:00,13.096415,72.936165,3.6,26.6,31,Vessel_714,Bulk Carrier,LBR,9000713,Anchored,Indian Ocean
400000714,2026-01-01T11:54:00,10.164772,71.256017,3.9,24.9,102,Vessel_715,Fishing,LBR,9000714,Under Way,Arabian Sea
400000715,2026-01-01T11:55:00,4.761719,65.754904,16.9,78.4,329,Vessel_716,Tanker,LBR,9000715,Moored,Indian Ocean
400000716,2026-01-01T11:56:00,6.755881,81.312551,12.6,90.0,228,Vessel_717,Tanker,LBR,9000716,Under Way,Bay of Bengal
400000717,2026-01-01T11:57:00,9.210058,97.315749,14.6,95.7,358,Vessel_718,Container,LBR,9000717,Moored,Indian Ocean
400000718,2026-01-01T11:58:00,15.30766,73.798221,10.8,156.5,35,Vessel_719,Fishing,SGP,9000718,Under Way,Arabian Sea
400000719,2026-01-01T11:59:00,21.220641,94.72358,10.6,203.6,183,Vessel_720,Container,PAN,9000719,Anchored,Bay of Bengal
400000720,2026-01-01T12:00:00,17.645451,74.176478,2.0,191.9,174,Vessel_721,Tanker,LBR,9000720,Anchored,Arabian Sea
400000721,2026-01-01T12:01:00,-3.906386,82.179019,21.3,237.2,153,Vessel_722,Bulk Carrier,IND,9000721,Moored,Indian Ocean
400000722,2026-01-01T12:02:00,0.777834,63.394499,13.9,264.0,71,Vessel_723,Tanker,SGP,9000722,Under Way,Indian Ocean
400000723,2026-01-01T12:03:00,19.891507,69.539405,8.6,284.6,329,Vessel_724,Container,LBR,9000723,Moored,Indian Ocean
400000724,2026-01-01T12:04:00,21.43176,80.295529,7.5,121.2,21,Vessel_725,Bulk Carrier,IND,9000724,Under Way,Bay of Bengal
400000725,2026-01-01T12:05:00,10.019493,78.334815,14.9,313.9,76,Vessel_726,Fishing,SGP,9000725,Under Way,Indian Ocean
400000726,2026-01-01T12:06:00,19.709194,64.777894,0.4,325.7,316,Vessel_727,Tanker,SGP,9000726,Moored,Arabian Sea
400000727,2026-01-01T12:07:00,-6.083868,66.88996,1.1,110.3,49,Vessel_728,Bulk Carrier,MHL,9000727,Under Way,Indian Ocean
400000728,2026-01-01T12:08:00,-8.081272,92.698816,2.5,213.6,315,Vessel_729,Cargo,IND,9000728,Under Way,Indian Ocean
400000729,2026-01-01T12:09:00,10.734833,95.046127,16.2,144.3,61,Vessel_730,Fishing,MHL,9000729,Under Way,Bay of Bengal
400000730,2026-01-01T12:10:00,19.219261,94.27583,16.8,212.9,171,Vessel_731,Tanker,IND,9000730,Anchored,Bay of Bengal
400000731,2026-01-01T12:11:00,20.151002,58.361017,8.1,59.2,124,Vessel_732,Fishing,IND,9000731,Under Way,Arabian Sea
400000732,2026-01-01T12:12:00,20.821046,67.643892,8.3,56.6,249,Vessel_733,Tanker,IND,9000732,Under Way,Arabian Sea
400000733,2026-01-01T12:13:00,23.522739,69.134825,13.1,101.9,355,Vessel_734,Bulk Carrier,SGP,9000733,Under Way,Arabian Sea
400000734,2026-01-01T12:14:00,17.796514,65.461737,9.1,336.8,312,Vessel_735,Tanker,MHL,9000734,Under Way,Arabian Sea
400000735,2026-01-01T12:15:00,4.996629,98.011923,13.8,280.9,178,Vessel_736,Bulk Carrier,IND,9000735,Moored,Indian Ocean
400000736,2026-01-01T12:16:00,8.838057,74.73207,21.5,222.2,276,Vessel_737,Fishing,SGP,9000736,Anchored,Arabian Sea
400000737,2026-01-01T12:17:00,9.779815,71.057063,4.3,286.0,350,Vessel_738,Bulk Carrier,LBR,9000737,Under Way,Indian Ocean
400000738,2026-01-01T12:18:00,18.402853,55.862312,14.2,102.3,222,Vessel_739,Container,PAN,9000738,Moored,Arabian Sea
400000739,2026-01-01T12:19:00,5.736397,93.327504,20.3,63.1,14,Vessel_740,Bulk Carrier,MHL,9000739,Under Way,Bay of Bengal
400000740,2026-01-01T12:20:00,22.901583,69.428062,13.0,117.0,101,Vessel_741,Container,SGP,9000740,Under Way,Arabian Sea
400000741,2026-01-01T12:21:00,8.872295,84.268131,9.1,71.8,112,Vessel_742,Tanker,LBR,9000741,Moored,Bay of Bengal
400000742,2026-01-01T12:22:00,5.923769,87.845571,4.8,218.8,91,Vessel_743,Bulk Carrier,PAN,9000742,Under Way,Bay of Bengal
400000743,2026-01-01T12:23:00,17.236961,91.37638,21.5,72.6,65,Vessel_744,Tanker,MHL,9000743,Under Way,Bay of Bengal
400000744,2026-01-01T12:24:00,7.320525,95.329725,10.1,61.5,175,Vessel_745,Cargo,PAN,9000744,Moored,Bay of Bengal
400000745,2026-01-01T12:25:00,20.790939,67.759984,13.5,61.0,283,Vessel_746,Cargo,IND,9000745,Anchored,Arabian Sea
400000746,2026-01-01T12:26:00,4.676402,99.826573,13.0,300.5,142,Vessel_747,Tanker,LBR,9000746,Moored,Indian Ocean
400000747,2026-01-01T12:27:00,9.956629,63.684974,4.9,333.0,76,Vessel_748,Fishing,IND,9000747,Anchored,Arabian Sea
400000748,2026-01-01T12:28:00,5.801174,64.413053,16.9,12.1,271,Vessel_749,Bulk Carrier,LBR,9000748,Moored,Arabian Sea
400000749,2026-01-01T12:29:00,14.048827,59.81023,12.3,4.5,208,Vessel_750,Cargo,SGP,9000749,Anchored,Arabian Sea
400000750,2026-01-01T12:30:00,9.064061,97.98113,0.4,240.2,82,Vessel_751,Bulk Carrier,MHL,9000750,Moored,Bay of Bengal
400000751,2026-01-01T12:31:00,-9.267596,78.193632,17.0,313.8,207,Vessel_752,Cargo,PAN,9000751,Moored,Indian Ocean
400000752,2026-01-01T12:32:00,16.966335,80.024546,13.8,138.2,353,Vessel_753,Container,MHL,9000752,Under Way,Bay of Bengal
400000753,2026-01-01T12:33:00,12.240338,84.856209,20.8,194.7,106,Vessel_754,Tanker,MHL,9000753,Anchored,Bay of Bengal
400000754,2026-01-01T12:34:00,17.967298,80.589459,20.0,130.7,26,Vessel_755,Tanker,LBR,9000754,Anchored,Indian Ocean
400000755,2026-01-01T12:35:00,15.525269,86.580281,3.9,200.6,34,Vessel_756,Fishing,SGP,9000755,Under Way,Bay of Bengal
400000756,2026-01-01T12:36:00,9.056756,82.044038,10.5,337.2,297,Vessel_757,Cargo,SGP,9000756,Anchored,Bay of Bengal
400000757,2026-01-01T12:37:00,20.264862,89.064187,9.3,19.6,190,Vessel_758,Container,LBR,9000757,Anchored,Bay of Bengal
400000758,2026-01-01T12:38:00,5.800478,64.908377,15.6,243.5,272,Vessel_759,Container,LBR,9000758,Moored,Indian Ocean
400000759,2026-01-01T12:39:00,18.598366,97.016576,17.8,337.8,33,Vessel_760,Cargo,LBR,9000759,Under Way,Bay of Bengal
400000760,2026-01-01T12:40:00,12.81365,58.576236,21.1,27.6,84,Vessel_761,Container,IND,9000760,Moored,Arabian Sea
400000761,2026-01-01T12:41:00,14.926575,72.499863,11.5,225.2,150,Vessel_762,Bulk Carrier,MHL,9000761,Under Way,Arabian Sea
400000762,2026-01-01T12:42:00,10.893904,87.989481,14.2,104.7,32,Vessel_763,Tanker,SGP,9000762,Moored,Bay of Bengal
400000763,2026-01-01T12:43:00,0.076321,83.148184,14.4,282.5,248,Vessel_764,Fishing,MHL,9000763,Moored,Indian Ocean
400000764,2026-01-01T12:44:00,12.786121,90.21053,19.8,110.0,133,Vessel_765,Cargo,LBR,9000764,Anchored,Bay of Bengal
400000765,2026-01-01T12:45:00,18.085746,80.851741,7.8,163.7,85,Vessel_766,Fishing,SGP,9000765,Moored,Bay of Bengal
400000766,2026-01-01T12:46:00,-1.442603,98.928244,18.5,248.7,341,Vessel_767,Cargo,SGP,9000766,Under Way,Indian Ocean
400000767,2026-01-01T12:47:00,5.823029,61.332517,2.8,93.5,94,Vessel_768,Cargo,MHL,9000767,Moored,Arabian Sea
400000768,2026-01-01T12:48:00,18.311066,74.560451,3.3,161.0,83,Vessel_769,Fishing,PAN,9000768,Under Way,Arabian Sea
400000769,2026-01-01T12:49:00,13.091247,64.988338,3.2,164.4,163,Vessel_770,Cargo,IND,9000769,Moored,Arabian Sea
400000770,2026-01-01T12:50:00,19.268031,73.251226,15.5,170.1,148,Vessel_771,Fishing,SGP,9000770,Moored,Indian Ocean
400000771,2026-01-01T12:51:00,17.206424,77.684221,15.2,262.7,20,Vessel_772,Cargo,MHL,9000771,Under Way,Indian Ocean
400000772,2026-01-01T12:52:00,5.421525,91.115396,4.8,128.3,167,Vessel_773,Tanker,MHL,9000772,Moored,Bay of Bengal
400000773,2026-01-01T12:53:00,16.668629,59.442877,20.6,99.8,11,Vessel_774,Tanker,MHL,9000773,Anchored,Arabian Sea
400000774,2026-01-01T12:54:00,10.146733,63.495077,11.3,69.8,162,Vessel_775,Fishing,MHL,9000774,Moored,Indian Ocean
400000775,2026-01-01T12:55:00,23.168939,62.221297,3.3,306.5,189,Vessel_776,Bulk Carrier,PAN,9000775,Under Way,Arabian Sea
400000776,2026-01-01T12:56:00,10.863644,85.545536,9.8,201.4,110,Vessel_777,Bulk Carrier,LBR,9000776,Anchored,Bay of Bengal
400000777,2026-01-01T12:57:00,7.784436,93.104012,19.7,261.6,212,Vessel_778,Cargo,MHL,9000777,Moored,Bay of Bengal
400000778,2026-01-01T12:58:00,7.872786,61.064623,21.7,188.6,171,Vessel_779,Tanker,MHL,9000778,Anchored,Arabian Sea
400000779,2026-01-01T12:59:00,5.132377,67.77612,6.0,62.8,236,Vessel_780,Fishing,SGP,9000779,Under Way,Arabian Sea
400000780,2026-01-01T13:00:00,21.645674,60.789263,10.8,295.4,154,Vessel_781,Fishing,PAN,9000780,Anchored,Arabian Sea
400000781,2026-01-01T13:01:00,12.195681,68.980809,17.4,55.3,153,Vessel_782,Bulk Carrier,IND,9000781,Moored,Indian Ocean
400000782,2026-01-01T13:02:00,16.780596,76.686271,10.8,246.9,125,Vessel_783,Tanker,IND,9000782,Anchored,Indian Ocean
400000783,2026-01-01T13:03:00,21.90366,81.201047,16.4,208.6,289,Vessel_784,Bulk Carrier,PAN,9000783,Moored,Bay of Bengal
400000784,2026-01-01T13:04:00,4.281221,87.769804,2.6,184.0,294,Vessel_785,Tanker,PAN,9000784,Under Way,Indian Ocean
400000785,2026-01-01T13:05:00,-8.244688,72.787244,19.3,48.6,83,Vessel_786,Tanker,PAN,9000785,Anchored,Indian Ocean
400000786,2026-01-01T13:06:00,15.816201,97.192814,1.1,104.7,327,Vessel_787,Tanker,MHL,9000786,Under Way,Bay of Bengal
400000787,2026-01-01T13:07:00,-4.502575,63.780346,16.6,195.2,161,Vessel_788,Container,PAN,9000787,Moored,Indian Ocean
400000788,2026-01-01T13:08:00,10.650399,63.833336,12.8,295.6,6,Vessel_789,Cargo,MHL,9000788,Anchored,Indian Ocean
400000789,2026-01-01T13:09:00,18.239733,87.415901,20.3,58.5,111,Vessel_790,Cargo,MHL,9000789,Under Way,Bay of Bengal
400000790,2026-01-01T13:10:00,20.902135,66.173104,15.2,341.9,272,Vessel_791,Fishing,IND,9000790,Anchored,Arabian Sea
400000791,2026-01-01T13:11:00,20.57253,82.098182,2.9,6.2,178,Vessel_792,Container,PAN,9000791,Under Way,Bay of Bengal
400000792,2026-01-01T13:12:00,20.125349,90.757676,16.8,122.8,155,Vessel_793,Tanker,IND,9000792,Under Way,Bay of Bengal
400000793,2026-01-01T13:13:00,22.136304,57.847187,5.0,45.0,66,Vessel_794,Tanker,LBR,9000793,Moored,Arabian Sea
400000794,2026-01-01T13:14:00,6.554706,70.493846,16.7,15.3,55,Vessel_795,Tanker,MHL,9000794,Moored,Arabian Sea
400000795,2026-01-01T13:15:00,14.381647,73.170586,1.0,108.3,5,Vessel_796,Tanker,IND,9000795,Moored,Arabian Sea
400000796,2026-01-01T13:16:00,16.752061,59.000489,14.8,10.5,74,Vessel_797,Container,MHL,9000796,Anchored,Arabian Sea
400000797,2026-01-01T13:17:00,7.729475,89.011419,16.0,86.8,291,Vessel_798,Tanker,IND,9000797,Moored,Bay of Bengal
400000798,2026-01-01T13:18:00,15.576775,69.316233,21.2,61.7,275,Vessel_799,Tanker,IND,9000798,Under Way,Arabian Sea
400000799,2026-01-01T13:19:00,15.538904,78.98862,15.4,66.5,344,Vessel_800,Tanker,SGP,9000799,Anchored,Indian Ocean
400000800,2026-01-01T13:20:00,12.209561,89.256518,9.0,273.3,160,Vessel_801,Tanker,LBR,9000800,Under Way,Bay of Bengal
400000801,2026-01-01T13:21:00,-5.922629,90.490947,15.5,200.0,20,Vessel_802,Tanker,PAN,9000801,Anchored,Indian Ocean
400000802,2026-01-01T13:22:00,12.695622,64.138915,16.2,246.6,227,Vessel_803,Cargo,MHL,9000802,Anchored,Arabian Sea
400000803,2026-01-01T13:23:00,21.74436,87.70331,18.8,321.2,243,Vessel_804,Container,SGP,9000803,Under Way,Bay of Bengal
400000804,2026-01-01T13:24:00,4.749451,64.206875,9.6,236.4,43,Vessel_805,Tanker,SGP,9000804,Anchored,Indian Ocean
400000805,2026-01-01T13:25:00,16.815631,97.596275,16.3,320.4,86,Vessel_806,Tanker,PAN,9000805,Under Way,Bay of Bengal
400000806,2026-01-01T13:26:00,8.404479,95.192531,8.9,83.6,217,Vessel_807,Bulk Carrier,PAN,9000806,Moored,Bay of Bengal
400000807,2026-01-01T13:27:00,7.809499,90.252118,17.6,338.6,182,Vessel_808,Bulk Carrier,MHL,9000807,Anchored,Indian Ocean
400000808,2026-01-01T13:28:00,13.694047,82.652734,10.0,43.9,250,Vessel_809,Bulk Carrier,SGP,9000808,Moored,Bay of Bengal
400000809,2026-01-01T13:29:00,5.59447,69.755967,18.3,178.8,13,Vessel_810,Cargo,LBR,9000809,Moored,Arabian Sea
400000810,2026-01-01T13:30:00,-0.191323,72.110104,13.7,272.9,338,Vessel_811,Fishing,LBR,9000810,Anchored,Indian Ocean
400000811,2026-01-01T13:31:00,10.871259,64.957981,11.1,194.7,276,Vessel_812,Fishing,IND,9000811,Under Way,Arabian Sea
400000812,2026-01-01T13:32:00,19.962136,82.144414,9.9,306.2,226,Vessel_813,Bulk Carrier,IND,9000812,Under Way,Bay of Bengal
400000813,2026-01-01T13:33:00,16.133331,72.207214,6.7,253.5,251,Vessel_814,Bulk Carrier,SGP,9000813,Anchored,Arabian Sea
400000814,2026-01-01T13:34:00,1.672415,90.560446,12.5,176.1,283,Vessel_815,Fishing,MHL,9000814,Anchored,Indian Ocean
400000815,2026-01-01T13:35:00,14.558342,82.813597,1.2,94.6,302,Vessel_816,Bulk Carrier,MHL,9000815,Moored,Bay of Bengal
400000816,2026-01-01T13:36:00,18.030003,85.119876,1.4,212.0,65,Vessel_817,Container,PAN,9000816,Moored,Bay of Bengal
400000817,2026-01-01T13:37:00,-9.193005,95.653716,7.5,34.9,176,Vessel_818,Container,LBR,9000817,Anchored,Indian Ocean
400000818,2026-01-01T13:38:00,18.2248,59.952279,14.3,212.7,352,Vessel_819,Tanker,PAN,9000818,Under Way,Arabian Sea
400000819,2026-01-01T13:39:00,7.886247,89.691503,0.8,236.1,216,Vessel_820,Fishing,MHL,9000819,Anchored,Bay of Bengal
400000820,2026-01-01T13:40:00,5.346839,88.454598,0.5,113.6,292,Vessel_821,Bulk Carrier,PAN,9000820,Moored,Bay of Bengal
400000821,2026-01-01T13:41:00,21.166531,57.001134,14.9,120.6,257,Vessel_822,Container,SGP,9000821,Moored,Arabian Sea
400000822,2026-01-01T13:42:00,11.176683,87.84784,10.9,304.2,38,Vessel_823,Fishing,SGP,9000822,Anchored,Bay of Bengal
400000823,2026-01-01T13:43:00,5.808033,97.932098,8.8,81.1,47,Vessel_824,Fishing,IND,9000823,Moored,Bay of Bengal
400000824,2026-01-01T13:44:00,9.647204,90.195709,11.7,153.3,177,Vessel_825,Tanker,PAN,9000824,Moored,Bay of Bengal
400000825,2026-01-01T13:45:00,12.359478,89.719056,4.4,144.4,319,Vessel_826,Fishing,LBR,9000825,Moored,Bay of Bengal
400000826,2026-01-01T13:46:00,-4.581974,60.744133,15.5,309.7,295,Vessel_827,Bulk Carrier,SGP,9000826,Moored,Indian Ocean
400000827,2026-01-01T13:47:00,18.14309,70.717438,14.0,290.4,222,Vessel_828,Fishing,IND,9000827,Moored,Indian Ocean
400000828,2026-01-01T13:48:00,12.285493,57.954874,3.3,246.0,153,Vessel_829,Bulk Carrier,LBR,9000828,Anchored,Arabian Sea
400000829,2026-01-01T13:49:00,17.67855,71.91934,5.9,103.0,82,Vessel_830,Container,MHL,9000829,Under Way,Arabian Sea
400000830,2026-01-01T13:50:00,9.054218,82.69932,0.6,286.1,158,Vessel_831,Bulk Carrier,LBR,9000830,Moored,Bay of Bengal
400000831,2026-01-01T13:51:00,12.174325,96.301801,4.4,97.9,14,Vessel_832,Container,PAN,9000831,Moored,Bay of Bengal
400000832,2026-01-01T13:52:00,-4.720443,94.100841,21.2,174.4,10,Vessel_833,Tanker,IND,9000832,Anchored,Indian Ocean
400000833,2026-01-01T13:53:00,-1.060625,62.543268,21.0,321.9,343,Vessel_834,Tanker,LBR,9000833,Moored,Indian Ocean
400000834,2026-01-01T13:54:00,9.720823,66.419468,11.0,43.3,340,Vessel_835,Fishing,MHL,9000834,Anchored,Arabian Sea
400000835,2026-01-01T13:55:00,20.037603,84.285383,2.7,289.6,168,Vessel_836,Fishing,LBR,9000835,Moored,Bay of Bengal
400000836,2026-01-01T13:56:00,-2.921858,76.91476,3.2,62.9,140,Vessel_837,Bulk Carrier,LBR,9000836,Anchored,Indian Ocean
400000837,2026-01-01T13:57:00,-8.322238,81.338799,15.4,40.6,279,Vessel_838,Bulk Carrier,LBR,9000837,Moored,Indian Ocean
400000838,2026-01-01T13:58:00,24.266307,72.588671,20.6,130.3,188,Vessel_839,Container,IND,9000838,Moored,Arabian Sea
400000839,2026-01-01T13:59:00,-8.955717,89.577989,17.6,19.6,343,Vessel_840,Cargo,PAN,9000839,Moored,Indian Ocean
400000840,2026-01-01T14:00:00,10.257565,97.252705,8.0,291.6,62,Vessel_841,Fishing,SGP,9000840,Anchored,Bay of Bengal
400000841,2026-01-01T14:01:00,5.133724,97.293463,20.4,329.5,154,Vessel_842,Tanker,SGP,9000841,Anchored,Bay of Bengal
400000842,2026-01-01T14:02:00,22.188335,58.204545,9.7,113.9,329,Vessel_843,Bulk Carrier,IND,9000842,Anchored,Arabian Sea
400000843,2026-01-01T14:03:00,21.463956,73.809908,10.4,148.3,170,Vessel_844,Bulk Carrier,IND,9000843,Under Way,Arabian Sea
400000844,2026-01-01T14:04:00,-2.170898,62.654689,9.3,261.8,280,Vessel_845,Container,LBR,9000844,Moored,Indian Ocean
400000845,2026-01-01T14:05:00,20.239509,67.827456,4.0,159.2,328,Vessel_846,Cargo,IND,9000845,Anchored,Arabian Sea
400000846,2026-01-01T14:06:00,17.565925,61.274436,1.8,56.7,264,Vessel_847,Cargo,MHL,9000846,Moored,Arabian Sea
400000847,2026-01-01T14:07:00,18.474919,85.749184,10.5,263.9,133,Vessel_848,Cargo,MHL,9000847,Anchored,Bay of Bengal
400000848,2026-01-01T14:08:00,8.377283,87.460936,4.0,314.6,292,Vessel_849,Cargo,IND,9000848,Under Way,Bay of Bengal
400000849,2026-01-01T14:09:00,9.413201,85.065094,20.0,349.7,101,Vessel_850,Container,SGP,9000849,Under Way,Indian Ocean
400000850,2026-01-01T14:10:00,15.506069,90.807069,3.3,343.9,87,Vessel_851,Fishing,IND,9000850,Under Way,Bay of Bengal
400000851,2026-01-01T14:11:00,5.775131,90.934373,20.4,297.0,253,Vessel_852,Tanker,SGP,9000851,Moored,Indian Ocean
400000852,2026-01-01T14:12:00,8.810883,72.238734,17.2,103.4,253,Vessel_853,Bulk Carrier,SGP,9000852,Anchored,Arabian Sea
400000853,2026-01-01T14:13:00,17.001656,74.904149,6.2,243.1,214,Vessel_854,Cargo,LBR,9000853,Under Way,Arabian Sea
400000854,2026-01-01T14:14:00,10.803859,60.235989,13.6,325.7,189,Vessel_855,Fishing,LBR,9000854,Under Way,Arabian Sea
400000855,2026-01-01T14:15:00,14.377632,72.42887,21.4,142.7,108,Vessel_856,Bulk Carrier,LBR,9000855,Moored,Arabian Sea
400000856,2026-01-01T14:16:00,-2.313232,63.811177,1.3,119.5,120,Vessel_857,Bulk Carrier,PAN,9000856,Moored,Indian Ocean
400000857,2026-01-01T14:17:00,19.016295,83.929283,16.5,16.3,129,Vessel_858,Fishing,MHL,9000857,Anchored,Indian Ocean
400000858,2026-01-01T14:18:00,21.617906,92.082716,2.9,320.3,21,Vessel_859,Fishing,SGP,9000858,Anchored,Bay of Bengal
400000859,2026-01-01T14:19:00,15.074934,73.606539,19.3,47.4,162,Vessel_860,Fishing,LBR,9000859,Under Way,Arabian Sea
400000860,2026-01-01T14:20:00,6.986315,80.794919,2.8,312.9,143,Vessel_861,Container,LBR,9000860,Anchored,Bay of Bengal
400000861,2026-01-01T14:21:00,15.419837,93.708151,5.8,112.4,84,Vessel_862,Container,LBR,9000861,Under Way,Bay of Bengal
400000862,2026-01-01T14:22:00,15.59101,86.296779,17.6,19.1,76,Vessel_863,Tanker,SGP,9000862,Under Way,Indian Ocean
400000863,2026-01-01T14:23:00,14.404951,58.271099,10.3,41.7,253,Vessel_864,Tanker,LBR,9000863,Anchored,Arabian Sea
400000864,2026-01-01T14:24:00,6.825636,78.310388,2.5,258.4,75,Vessel_865,Tanker,PAN,9000864,Under Way,Indian Ocean
400000865,2026-01-01T14:25:00,22.363462,58.613099,3.7,182.6,139,Vessel_866,Fishing,MHL,9000865,Under Way,Arabian Sea
400000866,2026-01-01T14:26:00,19.940137,60.165029,16.9,64.8,39,Vessel_867,Cargo,LBR,9000866,Moored,Indian Ocean
400000867,2026-01-01T14:27:00,22.747354,55.519243,15.0,244.3,201,Vessel_868,Container,MHL,9000867,Under Way,Arabian Sea
400000868,2026-01-01T14:28:00,7.614183,81.459138,18.3,236.8,232,Vessel_869,Container,MHL,9000868,Moored,Bay of Bengal
400000869,2026-01-01T14:29:00,11.588538,55.87694,13.7,162.7,291,Vessel_870,Cargo,SGP,9000869,Under Way,Arabian Sea
400000870,2026-01-01T14:30:00,-1.51138,91.925879,16.4,196.4,308,Vessel_871,Bulk Carrier,IND,9000870,Anchored,Indian Ocean
400000871,2026-01-01T14:31:00,8.026184,97.370888,19.0,32.0,106,Vessel_872,Cargo,LBR,9000871,Anchored,Bay of Bengal
400000872,2026-01-01T14:32:00,16.001856,97.179784,3.4,107.2,221,Vessel_873,Container,MHL,9000872,Under Way,Bay of Bengal
400000873,2026-01-01T14:33:00,16.313845,94.976952,11.3,175.8,198,Vessel_874,Bulk Carrier,PAN,9000873,Moored,Bay of Bengal
400000874,2026-01-01T14:34:00,2.692117,90.259626,17.8,220.4,222,Vessel_875,Bulk Carrier,IND,9000874,Under Way,Indian Ocean
400000875,2026-01-01T14:35:00,0.252345,78.540995,4.9,246.4,79,Vessel_876,Bulk Carrier,MHL,9000875,Moored,Indian Ocean
400000876,2026-01-01T14:36:00,5.740334,71.628121,9.6,325.7,244,Vessel_877,Container,SGP,9000876,Under Way,Indian Ocean
400000877,2026-01-01T14:37:00,17.087109,93.661518,11.5,106.1,24,Vessel_878,Fishing,IND,9000877,Under Way,Indian Ocean
400000878,2026-01-01T14:38:00,-6.771035,76.996541,2.1,237.2,291,Vessel_879,Container,PAN,9000878,Anchored,Indian Ocean
400000879,2026-01-01T14:39:00,-7.546913,80.137783,2.5,237.5,91,Vessel_880,Cargo,LBR,9000879,Under Way,Indian Ocean
400000880,2026-01-01T14:40:00,13.325031,69.087571,6.9,259.9,343,Vessel_881,Bulk Carrier,MHL,9000880,Anchored,Arabian Sea
400000881,2026-01-01T14:41:00,21.434234,95.684207,4.1,66.4,309,Vessel_882,Container,IND,9000881,Anchored,Bay of Bengal
400000882,2026-01-01T14:42:00,-9.462543,75.797354,0.3,235.4,235,Vessel_883,Bulk Carrier,MHL,9000882,Moored,Indian Ocean
400000883,2026-01-01T14:43:00,10.1476,94.636385,13.6,247.9,353,Vessel_884,Bulk Carrier,PAN,9000883,Under Way,Bay of Bengal
400000884,2026-01-01T14:44:00,7.702279,58.816042,18.0,249.9,96,Vessel_885,Tanker,SGP,9000884,Anchored,Arabian Sea
400000885,2026-01-01T14:45:00,-5.645374,69.671209,18.5,308.1,275,Vessel_886,Cargo,IND,9000885,Anchored,Indian Ocean
400000886,2026-01-01T14:46:00,7.518816,87.593826,2.6,324.0,359,Vessel_887,Bulk Carrier,LBR,9000886,Anchored,Bay of Bengal
400000887,2026-01-01T14:47:00,22.195929,66.704525,4.4,204.4,200,Vessel_888,Tanker,PAN,9000887,Under Way,Arabian Sea
400000888,2026-01-01T14:48:00,17.608198,69.261856,21.5,304.7,296,Vessel_889,Fishing,MHL,9000888,Anchored,Arabian Sea
400000889,2026-01-01T14:49:00,14.74993,64.722019,13.0,219.5,347,Vessel_890,Bulk Carrier,SGP,9000889,Moored,Arabian Sea
400000890,2026-01-01T14:50:00,15.566176,63.440091,6.9,22.8,331,Vessel_891,Bulk Carrier,LBR,9000890,Under Way,Arabian Sea
400000891,2026-01-01T14:51:00,15.585844,91.631237,9.9,156.6,82,Vessel_892,Container,SGP,9000891,Anchored,Bay of Bengal
400000892,2026-01-01T14:52:00,12.447882,89.137447,12.9,245.9,308,Vessel_893,Bulk Carrier,SGP,9000892,Anchored,Bay of Bengal
400000893,2026-01-01T14:53:00,11.341556,98.392135,18.3,241.6,184,Vessel_894,Bulk Carrier,SGP,9000893,Moored,Indian Ocean
400000894,2026-01-01T14:54:00,10.649144,69.985086,14.7,46.3,102,Vessel_895,Cargo,MHL,9000894,Anchored,Arabian Sea
400000895,2026-01-01T14:55:00,20.869649,73.861094,10.9,84.3,285,Vessel_896,Tanker,IND,9000895,Anchored,Arabian Sea
400000896,2026-01-01T14:56:00,11.069746,82.854898,18.2,321.1,16,Vessel_897,Tanker,PAN,9000896,Anchored,Bay of Bengal
400000897,2026-01-01T14:57:00,17.351258,57.413761,4.9,92.6,174,Vessel_898,Container,IND,9000897,Moored,Arabian Sea
400000898,2026-01-01T14:58:00,20.237401,95.361347,19.2,216.9,53,Vessel_899,Tanker,LBR,9000898,Anchored,Bay of Bengal
400000899,2026-01-01T14:59:00,24.493195,70.633048,13.4,308.2,52,Vessel_900,Fishing,IND,9000899,Moored,Arabian Sea
400000900,2026-01-01T15:00:00,8.340926,57.361187,4.5,129.8,149,Vessel_901,Bulk Carrier,MHL,9000900,Anchored,Arabian Sea
400000901,2026-01-01T15:01:00,16.114781,66.171829,8.0,294.1,62,Vessel_902,Cargo,LBR,9000901,Anchored,Indian Ocean
400000902,2026-01-01T15:02:00,9.906321,71.182904,7.5,181.3,43,Vessel_903,Container,PAN,9000902,Moored,Arabian Sea
400000903,2026-01-01T15:03:00,11.130938,91.969915,3.3,270.5,215,Vessel_904,Cargo,SGP,9000903,Anchored,Bay of Bengal
400000904,2026-01-01T15:04:00,20.606341,96.165175,20.9,185.3,349,Vessel_905,Container,IND,9000904,Anchored,Bay of Bengal
400000905,2026-01-01T15:05:00,20.403037,69.352515,11.4,25.0,173,Vessel_906,Container,LBR,9000905,Under Way,Arabian Sea
400000906,2026-01-01T15:06:00,6.044962,93.665463,14.5,230.3,294,Vessel_907,Tanker,MHL,9000906,Anchored,Bay of Bengal
400000907,2026-01-01T15:07:00,11.834048,92.255672,12.2,109.3,160,Vessel_908,Container,IND,9000907,Anchored,Bay of Bengal
400000908,2026-01-01T15:08:00,8.312032,65.874472,8.9,231.2,278,Vessel_909,Fishing,MHL,9000908,Moored,Indian Ocean
400000909,2026-01-01T15:09:00,16.857006,95.978148,17.2,145.2,101,Vessel_910,Container,IND,9000909,Under Way,Bay of Bengal
400000910,2026-01-01T15:10:00,0.034788,89.003947,16.3,45.2,276,Vessel_911,Container,SGP,9000910,Under Way,Indian Ocean
400000911,2026-01-01T15:11:00,6.553576,80.853435,16.7,57.4,14,Vessel_912,Fishing,MHL,9000911,Anchored,Indian Ocean
400000912,2026-01-01T15:12:00,21.64458,61.078842,9.3,181.4,30,Vessel_913,Container,PAN,9000912,Moored,Arabian Sea
400000913,2026-01-01T15:13:00,0.6342,61.909315,14.3,44.8,152,Vessel_914,Fishing,IND,9000913,Anchored,Indian Ocean
400000914,2026-01-01T15:14:00,21.71016,94.496976,21.8,203.0,321,Vessel_915,Fishing,MHL,9000914,Under Way,Bay of Bengal
400000915,2026-01-01T15:15:00,10.086427,92.004603,17.9,205.6,71,Vessel_916,Bulk Carrier,MHL,9000915,Moored,Bay of Bengal
400000916,2026-01-01T15:16:00,7.104538,65.329037,4.2,279.5,232,Vessel_917,Tanker,SGP,9000916,Moored,Arabian Sea
400000917,2026-01-01T15:17:00,19.08344,81.475049,1.4,319.0,243,Vessel_918,Cargo,LBR,9000917,Under Way,Bay of Bengal
400000918,2026-01-01T15:18:00,16.505982,87.249567,12.3,279.6,135,Vessel_919,Fishing,LBR,9000918,Moored,Bay of Bengal
400000919,2026-01-01T15:19:00,21.9407,92.402322,20.9,262.7,213,Vessel_920,Cargo,SGP,9000919,Moored,Bay of Bengal
400000920,2026-01-01T15:20:00,14.695288,64.154256,21.3,184.2,270,Vessel_921,Tanker,SGP,9000920,Anchored,Arabian Sea
400000921,2026-01-01T15:21:00,5.554326,82.823115,12.3,330.9,60,Vessel_922,Fishing,LBR,9000921,Under Way,Bay of Bengal
400000922,2026-01-01T15:22:00,12.391719,60.791812,11.5,42.3,156,Vessel_923,Container,PAN,9000922,Anchored,Arabian Sea
400000923,2026-01-01T15:23:00,5.475622,82.571649,17.2,151.4,156,Vessel_924,Container,SGP,9000923,Under Way,Bay of Bengal
400000924,2026-01-01T15:24:00,4.66381,64.893116,7.7,312.5,213,Vessel_925,Bulk Carrier,MHL,9000924,Anchored,Indian Ocean
400000925,2026-01-01T15:25:00,3.571233,73.51293,8.3,299.6,310,Vessel_926,Cargo,SGP,9000925,Moored,Indian Ocean
400000926,2026-01-01T15:26:00,3.828085,77.997176,9.9,311.0,166,Vessel_927,Tanker,MHL,9000926,Moored,Indian Ocean
400000927,2026-01-01T15:27:00,2.28885,69.312891,8.7,194.2,343,Vessel_928,Bulk Carrier,PAN,9000927,Moored,Indian Ocean
400000928,2026-01-01T15:28:00,22.319071,69.144173,12.6,285.8,158,Vessel_929,Fishing,IND,9000928,Moored,Arabian Sea
400000929,2026-01-01T15:29:00,-7.445439,98.206733,11.9,272.0,291,Vessel_930,Fishing,SGP,9000929,Anchored,Indian Ocean
400000930,2026-01-01T15:30:00,16.905928,64.811327,20.6,64.5,9,Vessel_931,Container,SGP,9000930,Under Way,Indian Ocean
400000931,2026-01-01T15:31:00,15.167523,83.18211,1.9,191.5,164,Vessel_932,Bulk Carrier,MHL,9000931,Under Way,Indian Ocean
400000932,2026-01-01T15:32:00,19.653564,80.418738,9.6,149.0,270,Vessel_933,Container,LBR,9000932,Anchored,Bay of Bengal
400000933,2026-01-01T15:33:00,7.292892,56.986673,3.7,51.7,130,Vessel_934,Tanker,SGP,9000933,Anchored,Arabian Sea
400000934,2026-01-01T15:34:00,16.536346,81.060447,21.1,65.1,29,Vessel_935,Container,LBR,9000934,Under Way,Bay of Bengal
400000935,2026-01-01T15:35:00,7.421829,96.074198,5.7,338.0,61,Vessel_936,Tanker,SGP,9000935,Under Way,Bay of Bengal
400000936,2026-01-01T15:36:00,7.580872,79.719178,16.6,138.2,58,Vessel_937,Container,IND,9000936,Anchored,Indian Ocean
400000937,2026-01-01T15:37:00,14.403058,81.178248,0.6,227.4,9,Vessel_938,Container,MHL,9000937,Moored,Bay of Bengal
400000938,2026-01-01T15:38:00,-6.954718,90.519132,14.3,45.1,290,Vessel_939,Bulk Carrier,LBR,9000938,Under Way,Indian Ocean
400000939,2026-01-01T15:39:00,5.012971,91.315264,3.1,194.0,86,Vessel_940,Cargo,MHL,9000939,Anchored,Indian Ocean
400000940,2026-01-01T15:40:00,3.55226,60.040042,10.2,297.7,148,Vessel_941,Cargo,IND,9000940,Under Way,Indian Ocean
400000941,2026-01-01T15:41:00,9.64615,84.516001,15.0,358.7,323,Vessel_942,Cargo,MHL,9000941,Moored,Bay of Bengal
400000942,2026-01-01T15:42:00,5.77324,93.305293,12.4,107.9,202,Vessel_943,Tanker,SGP,9000942,Moored,Bay of Bengal
400000943,2026-01-01T15:43:00,19.964638,95.131172,4.6,181.2,162,Vessel_944,Container,PAN,9000943,Moored,Indian Ocean
400000944,2026-01-01T15:44:00,9.641223,91.920987,7.1,75.6,306,Vessel_945,Container,IND,9000944,Moored,Bay of Bengal
400000945,2026-01-01T15:45:00,17.928866,55.04095,10.5,323.6,344,Vessel_946,Cargo,LBR,9000945,Moored,Arabian Sea
400000946,2026-01-01T15:46:00,11.09899,90.49861,11.8,282.6,332,Vessel_947,Tanker,MHL,9000946,Under Way,Indian Ocean
400000947,2026-01-01T15:47:00,3.355303,64.936624,21.4,135.1,307,Vessel_948,Container,LBR,9000947,Under Way,Indian Ocean
400000948,2026-01-01T15:48:00,19.513865,64.990555,8.2,69.3,4,Vessel_949,Cargo,IND,9000948,Anchored,Indian Ocean
400000949,2026-01-01T15:49:00,17.641961,74.312841,2.0,220.2,155,Vessel_950,Cargo,SGP,9000949,Anchored,Indian Ocean
400000950,2026-01-01T15:50:00,5.625533,88.871082,15.5,217.6,3,Vessel_951,Cargo,LBR,9000950,Under Way,Bay of Bengal
400000951,2026-01-01T15:51:00,14.674738,88.892204,12.1,236.9,289,Vessel_952,Fishing,MHL,9000951,Under Way,Bay of Bengal
400000952,2026-01-01T15:52:00,16.763292,69.919469,2.8,335.1,116,Vessel_953,Fishing,PAN,9000952,Under Way,Arabian Sea
400000953,2026-01-01T15:53:00,-9.306475,98.79243,14.9,220.6,348,Vessel_954,Fishing,LBR,9000953,Under Way,Indian Ocean
400000954,2026-01-01T15:54:00,15.896427,96.975336,1.1,337.0,221,Vessel_955,Bulk Carrier,PAN,9000954,Under Way,Bay of Bengal
400000955,2026-01-01T15:55:00,5.548858,79.822989,11.4,15.6,114,Vessel_956,Tanker,PAN,9000955,Anchored,Indian Ocean
400000956,2026-01-01T15:56:00,3.465845,60.206371,4.3,29.4,292,Vessel_957,Tanker,SGP,9000956,Moored,Indian Ocean
400000957,2026-01-01T15:57:00,21.282187,96.505914,4.3,118.2,32,Vessel_958,Tanker,IND,9000957,Anchored,Bay of Bengal
400000958,2026-01-01T15:58:00,18.737004,90.665554,13.8,120.0,128,Vessel_959,Cargo,IND,9000958,Anchored,Bay of Bengal
400000959,2026-01-01T15:59:00,24.176053,71.65035,18.1,186.6,121,Vessel_960,Tanker,MHL,9000959,Moored,Arabian Sea
400000960,2026-01-01T16:00:00,17.989676,91.256278,12.7,30.7,31,Vessel_961,Tanker,LBR,9000960,Anchored,Bay of Bengal
400000961,2026-01-01T16:01:00,-8.049153,65.101432,20.2,158.6,154,Vessel_962,Fishing,LBR,9000961,Under Way,Indian Ocean
400000962,2026-01-01T16:02:00,18.551289,66.185161,6.5,136.9,49,Vessel_963,Fishing,LBR,9000962,Under Way,Arabian Sea
400000963,2026-01-01T16:03:00,13.624244,84.960326,10.0,166.7,219,Vessel_964,Fishing,MHL,9000963,Under Way,Indian Ocean
400000964,2026-01-01T16:04:00,16.065664,92.16397,0.6,185.7,300,Vessel_965,Cargo,IND,9000964,Under Way,Bay of Bengal
400000965,2026-01-01T16:05:00,16.903502,56.350889,17.4,69.5,293,Vessel_966,Cargo,MHL,9000965,Anchored,Arabian Sea
400000966,2026-01-01T16:06:00,12.157119,93.043215,9.8,87.3,22,Vessel_967,Tanker,SGP,9000966,Anchored,Bay of Bengal
400000967,2026-01-01T16:07:00,3.075444,98.389654,16.6,111.7,277,Vessel_968,Cargo,SGP,9000967,Anchored,Indian Ocean
400000968,2026-01-01T16:08:00,15.256601,85.239151,21.3,185.8,336,Vessel_969,Cargo,IND,9000968,Under Way,Bay of Bengal
400000969,2026-01-01T16:09:00,14.575514,82.377997,1.2,123.4,102,Vessel_970,Cargo,IND,9000969,Anchored,Indian Ocean
400000970,2026-01-01T16:10:00,18.357203,68.895632,21.6,215.3,169,Vessel_971,Fishing,MHL,9000970,Anchored,Arabian Sea
400000971,2026-01-01T16:11:00,-1.011052,73.144762,2.3,314.5,21,Vessel_972,Bulk Carrier,SGP,9000971,Under Way,Indian Ocean
400000972,2026-01-01T16:12:00,-3.309247,69.21096,13.7,85.8,169,Vessel_973,Bulk Carrier,SGP,9000972,Anchored,Indian Ocean
400000973,2026-01-01T16:13:00,21.521686,55.134508,0.2,128.5,284,Vessel_974,Tanker,SGP,9000973,Anchored,Arabian Sea
400000974,2026-01-01T16:14:00,8.304859,90.542355,16.8,15.8,15,Vessel_975,Cargo,SGP,9000974,Anchored,Bay of Bengal
400000975,2026-01-01T16:15:00,9.378901,60.239977,3.8,304.3,125,Vessel_976,Cargo,SGP,9000975,Under Way,Arabian Sea
400000976,2026-01-01T16:16:00,21.857628,73.212979,0.5,243.2,194,Vessel_977,Tanker,PAN,9000976,Under Way,Arabian Sea
400000977,2026-01-01T16:17:00,12.755463,86.653532,8.2,61.5,269,Vessel_978,Fishing,LBR,9000977,Moored,Bay of Bengal
400000978,2026-01-01T16:18:00,7.369866,72.654462,2.9,68.1,272,Vessel_979,Bulk Carrier,PAN,9000978,Anchored,Arabian Sea
400000979,2026-01-01T16:19:00,2.886205,85.445718,20.3,273.9,300,Vessel_980,Cargo,MHL,9000979,Anchored,Indian Ocean
400000980,2026-01-01T16:20:00,11.553612,56.06518,17.5,313.4,260,Vessel_981,Fishing,LBR,9000980,Under Way,Arabian Sea
400000981,2026-01-01T16:21:00,-7.557769,78.826692,14.6,23.3,260,Vessel_982,Bulk Carrier,MHL,9000981,Anchored,Indian Ocean
400000982,2026-01-01T16:22:00,13.82117,83.221973,15.7,188.6,247,Vessel_983,Bulk Carrier,LBR,9000982,Anchored,Bay of Bengal
400000983,2026-01-01T16:23:00,2.028382,96.847409,12.8,13.1,112,Vessel_984,Cargo,LBR,9000983,Under Way,Indian Ocean
400000984,2026-01-01T16:24:00,8.716093,87.650411,8.3,56.4,191,Vessel_985,Container,MHL,9000984,Under Way,Bay of Bengal
400000985,2026-01-01T16:25:00,20.032455,60.90096,11.4,82.6,21,Vessel_986,Bulk Carrier,MHL,9000985,Moored,Arabian Sea
400000986,2026-01-01T16:26:00,12.24374,88.415918,9.0,288.8,162,Vessel_987,Container,LBR,9000986,Under Way,Bay of Bengal
400000987,2026-01-01T16:27:00,13.83377,60.312498,1.7,323.6,150,Vessel_988,Fishing,MHL,9000987,Moored,Arabian Sea
400000988,2026-01-01T16:28:00,-7.65523,71.056998,5.0,42.6,184,Vessel_989,Tanker,MHL,9000988,Under Way,Indian Ocean
400000989,2026-01-01T16:29:00,8.342987,85.926343,6.7,292.8,349,Vessel_990,Container,SGP,9000989,Moored,Bay of Bengal
400000990,2026-01-01T16:30:00,19.939871,99.936204,16.6,265.6,133,Vessel_991,Tanker,PAN,9000990,Anchored,Indian Ocean
400000991,2026-01-01T16:31:00,18.31318,87.268601,8.9,208.2,335,Vessel_992,Tanker,LBR,9000991,Moored,Bay of Bengal
400000992,2026-01-01T16:32:00,19.678239,98.059554,19.0,81.7,107,Vessel_993,Bulk Carrier,SGP,9000992,Moored,Indian Ocean
400000993,2026-01-01T16:33:00,13.579239,90.304852,15.9,165.6,43,Vessel_994,Container,SGP,9000993,Anchored,Indian Ocean
400000994,2026-01-01T16:34:00,2.530636,77.547232,18.8,10.8,71,Vessel_995,Fishing,SGP,9000994,Anchored,Indian Ocean
400000995,2026-01-01T16:35:00,-9.709565,92.416055,18.4,122.0,214,Vessel_996,Bulk Carrier,LBR,9000995,Moored,Indian Ocean
400000996,2026-01-01T16:36:00,-1.010884,83.478203,12.5,11.6,71,Vessel_997,Cargo,PAN,9000996,Moored,Indian Ocean
400000997,2026-01-01T16:37:00,13.974373,96.550088,12.6,140.3,195,Vessel_998,Cargo,LBR,9000997,Under Way,Indian Ocean
400000998,2026-01-01T16:38:00,1.593015,78.991106,7.2,345.3,327,Vessel_999,Container,IND,9000998,Under Way,Indian Ocean
400000999,2026-01-01T16:39:00,18.497711,58.552722,18.2,216.6,13,Vessel_1000,Cargo,SGP,9000999,Under Way,Arabian Sea
400001000,2026-01-01T16:40:00,9.8249,84.19471,14.5,25.1,29,Vessel_1001,Container,MHL,9001000,Under Way,Bay of Bengal
400001001,2026-01-01T16:41:00,11.535441,73.196249,8.6,355.3,66,Vessel_1002,Fishing,LBR,9001001,Anchored,Arabian Sea
400001002,2026-01-01T16:42:00,-7.93711,98.203871,19.0,46.6,105,Vessel_1003,Container,LBR,9001002,Moored,Indian Ocean
400001003,2026-01-01T16:43:00,4.243401,84.148378,20.7,210.9,257,Vessel_1004,Bulk Carrier,PAN,9001003,Under Way,Indian Ocean
400001004,2026-01-01T16:44:00,24.821702,63.914632,18.1,217.1,126,Vessel_1005,Fishing,PAN,9001004,Moored,Arabian Sea
400001005,2026-01-01T16:45:00,12.823478,90.37039,16.2,103.4,233,Vessel_1006,Container,PAN,9001005,Anchored,Bay of Bengal
400001006,2026-01-01T16:46:00,14.702888,93.993756,9.1,64.5,316,Vessel_1007,Bulk Carrier,LBR,9001006,Anchored,Indian Ocean
400001007,2026-01-01T16:47:00,-4.49667,82.744611,8.7,339.5,122,Vessel_1008,Cargo,PAN,9001007,Moored,Indian Ocean
400001008,2026-01-01T16:48:00,-1.243312,96.651853,15.4,259.3,111,Vessel_1009,Bulk Carrier,LBR,9001008,Moored,Indian Ocean
400001009,2026-01-01T16:49:00,24.906328,56.530673,2.3,275.2,166,Vessel_1010,Bulk Carrier,LBR,9001009,Under Way,Arabian Sea
400001010,2026-01-01T16:50:00,8.525326,80.803433,0.6,229.4,345,Vessel_1011,Bulk Carrier,LBR,9001010,Anchored,Bay of Bengal
400001011,2026-01-01T16:51:00,1.980255,67.776143,0.8,90.0,69,Vessel_1012,Container,LBR,9001011,Anchored,Indian Ocean
400001012,2026-01-01T16:52:00,6.160032,89.871714,5.3,341.1,71,Vessel_1013,Bulk Carrier,PAN,9001012,Under Way,Bay of Bengal
400001013,2026-01-01T16:53:00,21.769917,67.139771,3.9,44.6,200,Vessel_1014,Cargo,IND,9001013,Moored,Arabian Sea
400001014,2026-01-01T16:54:00,18.547663,58.06993,7.9,77.8,17,Vessel_1015,Fishing,SGP,9001014,Anchored,Arabian Sea
400001015,2026-01-01T16:55:00,-8.567319,85.391616,11.5,237.9,337,Vessel_1016,Tanker,LBR,9001015,Moored,Indian Ocean
400001016,2026-01-01T16:56:00,12.547774,90.767696,1.1,135.5,103,Vessel_1017,Cargo,PAN,9001016,Under Way,Bay of Bengal
400001017,2026-01-01T16:57:00,6.827729,63.433655,21.8,121.0,98,Vessel_1018,Tanker,SGP,9001017,Under Way,Arabian Sea
400001018,2026-01-01T16:58:00,-4.963513,66.68189,9.1,38.7,167,Vessel_1019,Container,MHL,9001018,Moored,Indian Ocean
400001019,2026-01-01T16:59:00,17.493467,73.686547,8.7,153.6,118,Vessel_1020,Cargo,IND,9001019,Anchored,Arabian Sea
400001020,2026-01-01T17:00:00,7.951566,87.238511,7.0,139.7,234,Vessel_1021,Cargo,IND,9001020,Moored,Bay of Bengal
400001021,2026-01-01T17:01:00,16.049065,86.641639,1.5,78.5,154,Vessel_1022,Fishing,LBR,9001021,Under Way,Bay of Bengal
400001022,2026-01-01T17:02:00,6.085446,99.621252,18.7,61.6,48,Vessel_1023,Fishing,PAN,9001022,Moored,Indian Ocean
400001023,2026-01-01T17:03:00,1.656963,96.982136,17.0,47.7,89,Vessel_1024,Container,LBR,9001023,Under Way,Indian Ocean
400001024,2026-01-01T17:04:00,5.30003,96.417859,9.9,183.5,119,Vessel_1025,Fishing,MHL,9001024,Moored,Bay of Bengal
400001025,2026-01-01T17:05:00,9.652118,67.326973,19.7,110.9,219,Vessel_1026,Cargo,MHL,9001025,Under Way,Arabian Sea
400001026,2026-01-01T17:06:00,7.75111,64.97453,4.4,134.9,328,Vessel_1027,Tanker,SGP,9001026,Moored,Arabian Sea
400001027,2026-01-01T17:07:00,19.656541,77.749048,19.3,48.2,162,Vessel_1028,Tanker,MHL,9001027,Anchored,Indian Ocean
400001028,2026-01-01T17:08:00,14.381316,90.022036,5.0,263.1,175,Vessel_1029,Cargo,SGP,9001028,Moored,Indian Ocean
400001029,2026-01-01T17:09:00,23.132641,68.30012,5.5,246.8,113,Vessel_1030,Fishing,LBR,9001029,Moored,Arabian Sea
400001030,2026-01-01T17:10:00,8.120273,91.336085,1.4,176.5,98,Vessel_1031,Tanker,SGP,9001030,Under Way,Bay of Bengal
400001031,2026-01-01T17:11:00,6.835188,66.852613,18.3,334.5,120,Vessel_1032,Fishing,IND,9001031,Anchored,Arabian Sea
400001032,2026-01-01T17:12:00,4.012227,66.566352,4.3,152.2,310,Vessel_1033,Cargo,PAN,9001032,Anchored,Indian Ocean
400001033,2026-01-01T17:13:00,3.448136,85.424151,6.0,280.5,40,Vessel_1034,Container,LBR,9001033,Anchored,Indian Ocean
400001034,2026-01-01T17:14:00,14.41427,63.453945,13.4,155.6,79,Vessel_1035,Bulk Carrier,IND,9001034,Anchored,Arabian Sea
400001035,2026-01-01T17:15:00,19.518718,93.65945,20.3,213.7,78,Vessel_1036,Fishing,SGP,9001035,Anchored,Bay of Bengal
400001036,2026-01-01T17:16:00,12.882071,88.164856,8.3,217.6,36,Vessel_1037,Container,SGP,9001036,Moored,Bay of Bengal
400001037,2026-01-01T17:17:00,8.327168,96.490375,0.1,309.3,191,Vessel_1038,Bulk Carrier,LBR,9001037,Anchored,Bay of Bengal
400001038,2026-01-01T17:18:00,21.498375,86.716608,10.8,230.1,301,Vessel_1039,Tanker,LBR,9001038,Under Way,Bay of Bengal
400001039,2026-01-01T17:19:00,12.69652,66.312172,4.3,156.6,130,Vessel_1040,Container,MHL,9001039,Moored,Arabian Sea
400001040,2026-01-01T17:20:00,15.794656,86.62725,1.3,138.3,217,Vessel_1041,Cargo,SGP,9001040,Anchored,Bay of Bengal
400001041,2026-01-01T17:21:00,23.429371,62.228286,15.5,10.1,340,Vessel_1042,Cargo,PAN,9001041,Moored,Arabian Sea
400001042,2026-01-01T17:22:00,21.052509,82.652613,5.4,207.6,339,Vessel_1043,Cargo,IND,9001042,Under Way,Bay of Bengal
400001043,2026-01-01T17:23:00,17.887948,73.337657,8.7,210.4,41,Vessel_1044,Fishing,SGP,9001043,Anchored,Arabian Sea
400001044,2026-01-01T17:24:00,21.594991,60.057425,6.6,347.4,337,Vessel_1045,Bulk Carrier,MHL,9001044,Anchored,Arabian Sea
400001045,2026-01-01T17:25:00,2.34827,95.056019,16.0,31.9,325,Vessel_1046,Fishing,PAN,9001045,Under Way,Indian Ocean
400001046,2026-01-01T17:26:00,17.728411,96.740304,8.8,110.6,86,Vessel_1047,Bulk Carrier,IND,9001046,Under Way,Bay of Bengal
400001047,2026-01-01T17:27:00,20.474873,63.356792,9.2,103.5,220,Vessel_1048,Cargo,SGP,9001047,Anchored,Arabian Sea
400001048,2026-01-01T17:28:00,19.080944,58.960411,4.0,340.5,230,Vessel_1049,Fishing,SGP,9001048,Under Way,Arabian Sea
400001049,2026-01-01T17:29:00,6.179641,58.654588,16.7,93.1,209,Vessel_1050,Bulk Carrier,MHL,9001049,Under Way,Arabian Sea
400001050,2026-01-01T17:30:00,-5.016216,71.725023,8.3,99.4,175,Vessel_1051,Tanker,MHL,9001050,Under Way,Indian Ocean
400001051,2026-01-01T17:31:00,13.248304,93.689605,0.2,95.5,3,Vessel_1052,Fishing,IND,9001051,Under Way,Bay of Bengal
400001052,2026-01-01T17:32:00,15.446691,55.145239,13.3,354.3,136,Vessel_1053,Bulk Carrier,LBR,9001052,Anchored,Arabian Sea
400001053,2026-01-01T17:33:00,2.883609,74.831405,19.6,358.8,122,Vessel_1054,Container,LBR,9001053,Anchored,Indian Ocean
400001054,2026-01-01T17:34:00,-8.282754,74.241169,7.3,36.0,233,Vessel_1055,Bulk Carrier,SGP,9001054,Under Way,Indian Ocean
400001055,2026-01-01T17:35:00,-6.313164,81.225174,20.9,269.8,127,Vessel_1056,Container,LBR,9001055,Moored,Indian Ocean
400001056,2026-01-01T17:36:00,9.766283,79.007977,9.1,67.5,326,Vessel_1057,Container,IND,9001056,Moored,Indian Ocean
400001057,2026-01-01T17:37:00,19.848386,97.452756,16.2,243.4,119,Vessel_1058,Fishing,LBR,9001057,Anchored,Bay of Bengal
400001058,2026-01-01T17:38:00,8.37777,63.254769,9.4,334.4,243,Vessel_1059,Tanker,LBR,9001058,Anchored,Indian Ocean
400001059,2026-01-01T17:39:00,-4.147691,65.726458,11.4,205.3,258,Vessel_1060,Tanker,SGP,9001059,Anchored,Indian Ocean
400001060,2026-01-01T17:40:00,11.026966,68.461243,12.1,314.0,86,Vessel_1061,Bulk Carrier,IND,9001060,Anchored,Arabian Sea
400001061,2026-01-01T17:41:00,6.220037,69.73424,3.7,339.0,358,Vessel_1062,Tanker,IND,9001061,Anchored,Indian Ocean
400001062,2026-01-01T17:42:00,-9.123347,97.160139,7.2,137.7,143,Vessel_1063,Cargo,PAN,9001062,Moored,Indian Ocean
400001063,2026-01-01T17:43:00,21.175566,92.070823,14.6,331.3,324,Vessel_1064,Bulk Carrier,IND,9001063,Moored,Bay of Bengal
400001064,2026-01-01T17:44:00,19.82299,96.772039,16.9,215.6,329,Vessel_1065,Container,LBR,9001064,Moored,Bay of Bengal
400001065,2026-01-01T17:45:00,12.080075,75.26602,14.1,201.7,223,Vessel_1066,Cargo,SGP,9001065,Anchored,Indian Ocean
400001066,2026-01-01T17:46:00,10.81953,57.22765,7.5,212.6,96,Vessel_1067,Tanker,MHL,9001066,Anchored,Arabian Sea
400001067,2026-01-01T17:47:00,22.066606,74.081372,12.7,0.6,31,Vessel_1068,Fishing,MHL,9001067,Under Way,Arabian Sea
400001068,2026-01-01T17:48:00,21.657441,85.753574,8.0,243.9,64,Vessel_1069,Fishing,MHL,9001068,Moored,Bay of Bengal
400001069,2026-01-01T17:49:00,7.131718,55.18377,18.8,113.4,151,Vessel_1070,Cargo,LBR,9001069,Moored,Arabian Sea
400001070,2026-01-01T17:50:00,7.506231,85.101071,16.4,304.8,359,Vessel_1071,Tanker,MHL,9001070,Anchored,Bay of Bengal
400001071,2026-01-01T17:51:00,13.540426,92.3948,6.0,304.3,293,Vessel_1072,Bulk Carrier,SGP,9001071,Anchored,Bay of Bengal
400001072,2026-01-01T17:52:00,16.970388,86.780755,21.6,119.6,107,Vessel_1073,Cargo,IND,9001072,Under Way,Bay of Bengal
400001073,2026-01-01T17:53:00,17.365723,85.383832,17.9,327.5,81,Vessel_1074,Tanker,MHL,9001073,Anchored,Bay of Bengal
400001074,2026-01-01T17:54:00,12.181437,88.521589,7.7,140.5,36,Vessel_1075,Fishing,PAN,9001074,Anchored,Bay of Bengal
400001075,2026-01-01T17:55:00,17.691914,88.044347,12.1,34.9,165,Vessel_1076,Fishing,IND,9001075,Moored,Indian Ocean
400001076,2026-01-01T17:56:00,12.778053,82.9465,3.0,249.8,149,Vessel_1077,Cargo,SGP,9001076,Under Way,Bay of Bengal
400001077,2026-01-01T17:57:00,-4.130348,86.04952,8.0,307.4,52,Vessel_1078,Cargo,LBR,9001077,Anchored,Indian Ocean
400001078,2026-01-01T17:58:00,15.249803,97.039413,2.1,349.7,91,Vessel_1079,Tanker,IND,9001078,Moored,Indian Ocean
400001079,2026-01-01T17:59:00,0.154575,77.352858,3.3,259.4,125,Vessel_1080,Tanker,IND,9001079,Under Way,Indian Ocean
400001080,2026-01-01T18:00:00,13.30664,92.383714,21.0,234.4,192,Vessel_1081,Tanker,LBR,9001080,Moored,Bay of Bengal
400001081,2026-01-01T18:01:00,9.678673,91.757519,8.1,43.1,42,Vessel_1082,Tanker,LBR,9001081,Moored,Bay of Bengal
400001082,2026-01-01T18:02:00,17.254354,68.997402,12.9,354.5,245,Vessel_1083,Container,IND,9001082,Moored,Indian Ocean
400001083,2026-01-01T18:03:00,12.679198,74.999084,15.5,107.1,64,Vessel_1084,Tanker,PAN,9001083,Under Way,Arabian Sea
400001084,2026-01-01T18:04:00,17.266416,91.808993,4.1,291.8,10,Vessel_1085,Bulk Carrier,MHL,9001084,Moored,Indian Ocean
400001085,2026-01-01T18:05:00,4.656898,80.756045,12.9,256.2,333,Vessel_1086,Tanker,SGP,9001085,Moored,Indian Ocean
400001086,2026-01-01T18:06:00,8.613283,66.982052,4.0,199.1,160,Vessel_1087,Tanker,IND,9001086,Under Way,Arabian Sea
400001087,2026-01-01T18:07:00,-3.813103,66.44841,12.4,305.7,17,Vessel_1088,Tanker,IND,9001087,Moored,Indian Ocean
400001088,2026-01-01T18:08:00,11.180514,89.799689,9.3,339.3,0,Vessel_1089,Cargo,PAN,9001088,Under Way,Bay of Bengal
400001089,2026-01-01T18:09:00,17.138585,71.735873,11.8,50.2,251,Vessel_1090,Container,MHL,9001089,Anchored,Indian Ocean
400001090,2026-01-01T18:10:00,6.146285,68.39358,2.2,294.3,121,Vessel_1091,Tanker,SGP,9001090,Under Way,Indian Ocean
400001091,2026-01-01T18:11:00,19.553448,83.873833,3.0,198.2,302,Vessel_1092,Container,PAN,9001091,Under Way,Bay of Bengal
400001092,2026-01-01T18:12:00,8.669382,62.974386,5.6,137.1,83,Vessel_1093,Bulk Carrier,LBR,9001092,Under Way,Indian Ocean
400001093,2026-01-01T18:13:00,16.500936,96.923588,3.2,73.2,322,Vessel_1094,Container,SGP,9001093,Moored,Bay of Bengal
400001094,2026-01-01T18:14:00,14.581917,91.65988,11.3,58.9,78,Vessel_1095,Container,LBR,9001094,Anchored,Bay of Bengal
400001095,2026-01-01T18:15:00,24.280354,59.949954,5.9,190.8,350,Vessel_1096,Fishing,LBR,9001095,Under Way,Arabian Sea
400001096,2026-01-01T18:16:00,15.883017,86.530751,7.3,98.1,115,Vessel_1097,Container,IND,9001096,Under Way,Bay of Bengal
400001097,2026-01-01T18:17:00,21.651249,84.00006,20.9,281.0,63,Vessel_1098,Cargo,MHL,9001097,Moored,Bay of Bengal
400001098,2026-01-01T18:18:00,15.01006,94.522367,2.1,125.3,292,Vessel_1099,Container,MHL,9001098,Anchored,Bay of Bengal
400001099,2026-01-01T18:19:00,-7.028015,61.918531,7.0,269.9,92,Vessel_1100,Container,MHL,9001099,Moored,Indian Ocean
400001100,2026-01-01T18:20:00,16.460634,76.10605,13.0,93.0,351,Vessel_1101,Fishing,SGP,9001100,Moored,Indian Ocean
400001101,2026-01-01T18:21:00,7.853403,66.351216,5.9,329.7,327,Vessel_1102,Container,SGP,9001101,Moored,Arabian Sea
400001102,2026-01-01T18:22:00,2.547312,78.311464,9.7,127.1,239,Vessel_1103,Fishing,PAN,9001102,Anchored,Indian Ocean
400001103,2026-01-01T18:23:00,13.850109,92.932403,20.3,82.1,325,Vessel_1104,Tanker,PAN,9001103,Anchored,Bay of Bengal
400001104,2026-01-01T18:24:00,19.369175,91.42418,1.7,86.2,47,Vessel_1105,Cargo,MHL,9001104,Under Way,Bay of Bengal
400001105,2026-01-01T18:25:00,19.868189,66.083195,10.8,313.9,217,Vessel_1106,Fishing,SGP,9001105,Anchored,Arabian Sea
400001106,2026-01-01T18:26:00,13.755195,97.96318,19.5,250.5,207,Vessel_1107,Tanker,MHL,9001106,Under Way,Bay of Bengal
400001107,2026-01-01T18:27:00,-9.781292,76.999156,11.8,123.9,338,Vessel_1108,Fishing,MHL,9001107,Under Way,Indian Ocean
400001108,2026-01-01T18:28:00,3.459561,66.741294,20.5,274.2,115,Vessel_1109,Cargo,IND,9001108,Anchored,Indian Ocean
400001109,2026-01-01T18:29:00,15.27369,74.049672,9.3,136.1,191,Vessel_1110,Tanker,PAN,9001109,Moored,Arabian Sea
400001110,2026-01-01T18:30:00,21.634528,72.015541,18.9,104.1,247,Vessel_1111,Container,PAN,9001110,Under Way,Arabian Sea
400001111,2026-01-01T18:31:00,19.760514,66.376839,4.8,109.4,329,Vessel_1112,Fishing,IND,9001111,Anchored,Arabian Sea
400001112,2026-01-01T18:32:00,15.450553,62.299869,0.1,165.3,152,Vessel_1113,Container,IND,9001112,Under Way,Indian Ocean
400001113,2026-01-01T18:33:00,20.133337,83.350839,7.8,36.4,251,Vessel_1114,Cargo,IND,9001113,Moored,Bay of Bengal
400001114,2026-01-01T18:34:00,16.955299,76.428762,20.1,2.5,336,Vessel_1115,Container,SGP,9001114,Anchored,Indian Ocean
400001115,2026-01-01T18:35:00,11.363261,86.560923,19.6,192.6,137,Vessel_1116,Tanker,LBR,9001115,Moored,Bay of Bengal
400001116,2026-01-01T18:36:00,7.751183,86.36728,9.5,129.0,101,Vessel_1117,Tanker,SGP,9001116,Anchored,Bay of Bengal
400001117,2026-01-01T18:37:00,7.673607,63.421115,7.3,11.3,341,Vessel_1118,Cargo,LBR,9001117,Moored,Arabian Sea
400001118,2026-01-01T18:38:00,7.019469,88.803221,10.9,244.7,65,Vessel_1119,Container,LBR,9001118,Moored,Bay of Bengal
400001119,2026-01-01T18:39:00,17.706838,93.722517,8.6,39.4,55,Vessel_1120,Tanker,SGP,9001119,Under Way,Indian Ocean
400001120,2026-01-01T18:40:00,13.500016,93.812929,5.2,243.5,175,Vessel_1121,Bulk Carrier,MHL,9001120,Moored,Bay of Bengal
400001121,2026-01-01T18:41:00,13.68657,60.789333,10.7,273.2,126,Vessel_1122,Fishing,SGP,9001121,Moored,Arabian Sea
400001122,2026-01-01T18:42:00,-4.394193,71.245553,2.5,94.6,358,Vessel_1123,Cargo,LBR,9001122,Under Way,Indian Ocean
400001123,2026-01-01T18:43:00,17.009835,94.579144,15.4,180.3,92,Vessel_1124,Cargo,MHL,9001123,Moored,Bay of Bengal
400001124,2026-01-01T18:44:00,-5.538217,64.818448,8.8,98.3,98,Vessel_1125,Cargo,LBR,9001124,Under Way,Indian Ocean
400001125,2026-01-01T18:45:00,-4.010695,94.574004,8.4,188.5,358,Vessel_1126,Cargo,SGP,9001125,Anchored,Indian Ocean
400001126,2026-01-01T18:46:00,13.146319,89.177546,14.2,109.2,137,Vessel_1127,Container,PAN,9001126,Anchored,Bay of Bengal
400001127,2026-01-01T18:47:00,2.542226,72.793635,1.0,14.7,26,Vessel_1128,Container,SGP,9001127,Anchored,Indian Ocean
400001128,2026-01-01T18:48:00,9.762709,90.917393,9.5,90.6,251,Vessel_1129,Container,PAN,9001128,Anchored,Bay of Bengal
400001129,2026-01-01T18:49:00,6.937744,55.273232,12.1,309.4,169,Vessel_1130,Container,PAN,9001129,Moored,Arabian Sea
400001130,2026-01-01T18:50:00,5.865862,74.863691,14.3,75.4,196,Vessel_1131,Tanker,IND,9001130,Under Way,Indian Ocean
400001131,2026-01-01T18:51:00,12.277623,64.814174,12.9,327.5,335,Vessel_1132,Cargo,SGP,9001131,Moored,Indian Ocean
400001132,2026-01-01T18:52:00,20.733511,81.347833,12.0,123.1,242,Vessel_1133,Cargo,MHL,9001132,Moored,Bay of Bengal
400001133,2026-01-01T18:53:00,5.876222,58.834135,12.1,90.7,286,Vessel_1134,Container,PAN,9001133,Anchored,Arabian Sea
400001134,2026-01-01T18:54:00,11.519776,96.433967,1.5,150.4,257,Vessel_1135,Tanker,SGP,9001134,Moored,Indian Ocean
400001135,2026-01-01T18:55:00,16.844006,82.320816,1.0,203.3,355,Vessel_1136,Cargo,LBR,9001135,Anchored,Bay of Bengal
400001136,2026-01-01T18:56:00,5.974096,80.539508,1.6,157.2,260,Vessel_1137,Bulk Carrier,MHL,9001136,Anchored,Indian Ocean
400001137,2026-01-01T18:57:00,15.322712,83.724643,0.1,205.3,303,Vessel_1138,Tanker,MHL,9001137,Anchored,Bay of Bengal
400001138,2026-01-01T18:58:00,11.232621,81.002928,6.7,79.1,137,Vessel_1139,Fishing,IND,9001138,Under Way,Indian Ocean
400001139,2026-01-01T18:59:00,5.912249,59.764335,0.9,53.2,142,Vessel_1140,Cargo,PAN,9001139,Under Way,Arabian Sea
400001140,2026-01-01T19:00:00,19.40071,99.581451,4.6,41.7,332,Vessel_1141,Container,MHL,9001140,Anchored,Indian Ocean
400001141,2026-01-01T19:01:00,6.415185,92.698311,12.1,259.2,209,Vessel_1142,Fishing,PAN,9001141,Anchored,Bay of Bengal
400001142,2026-01-01T19:02:00,17.519106,55.208164,7.8,262.2,143,Vessel_1143,Cargo,PAN,9001142,Under Way,Arabian Sea
400001143,2026-01-01T19:03:00,9.719528,94.719278,20.7,209.4,352,Vessel_1144,Bulk Carrier,PAN,9001143,Moored,Indian Ocean
400001144,2026-01-01T19:04:00,8.130251,68.24636,9.7,116.4,104,Vessel_1145,Fishing,LBR,9001144,Under Way,Indian Ocean
400001145,2026-01-01T19:05:00,8.939293,93.07315,8.1,323.9,47,Vessel_1146,Bulk Carrier,SGP,9001145,Anchored,Bay of Bengal
400001146,2026-01-01T19:06:00,21.31196,58.522211,12.5,338.7,92,Vessel_1147,Container,IND,9001146,Anchored,Arabian Sea
400001147,2026-01-01T19:07:00,22.705061,71.349984,15.1,67.4,73,Vessel_1148,Tanker,LBR,9001147,Under Way,Arabian Sea
400001148,2026-01-01T19:08:00,20.455228,97.466938,2.2,189.1,6,Vessel_1149,Fishing,IND,9001148,Anchored,Bay of Bengal
400001149,2026-01-01T19:09:00,5.352171,94.87812,16.8,231.4,22,Vessel_1150,Cargo,SGP,9001149,Under Way,Bay of Bengal
400001150,2026-01-01T19:10:00,7.424805,91.292919,0.3,346.9,54,Vessel_1151,Fishing,PAN,9001150,Moored,Bay of Bengal
400001151,2026-01-01T19:11:00,9.046433,64.608509,12.4,159.5,83,Vessel_1152,Container,PAN,9001151,Anchored,Arabian Sea
400001152,2026-01-01T19:12:00,9.876177,65.870529,5.9,195.2,10,Vessel_1153,Tanker,IND,9001152,Moored,Arabian Sea
400001153,2026-01-01T19:13:00,6.743624,95.956224,9.1,0.4,114,Vessel_1154,Tanker,SGP,9001153,Anchored,Bay of Bengal
400001154,2026-01-01T19:14:00,7.505401,91.796563,5.0,315.6,196,Vessel_1155,Tanker,LBR,9001154,Under Way,Bay of Bengal
400001155,2026-01-01T19:15:00,9.490449,74.12933,6.2,27.4,170,Vessel_1156,Tanker,PAN,9001155,Under Way,Arabian Sea
400001156,2026-01-01T19:16:00,17.090128,58.561356,11.7,215.3,347,Vessel_1157,Bulk Carrier,SGP,9001156,Moored,Arabian Sea
400001157,2026-01-01T19:17:00,-0.953087,92.702502,7.7,37.3,255,Vessel_1158,Container,PAN,9001157,Moored,Indian Ocean
400001158,2026-01-01T19:18:00,20.777123,72.23428,21.5,279.2,75,Vessel_1159,Container,SGP,9001158,Anchored,Arabian Sea
400001159,2026-01-01T19:19:00,17.262839,94.13983,10.5,24.2,295,Vessel_1160,Bulk Carrier,PAN,9001159,Under Way,Bay of Bengal
400001160,2026-01-01T19:20:00,11.461068,57.550715,16.9,126.6,253,Vessel_1161,Bulk Carrier,LBR,9001160,Moored,Arabian Sea
400001161,2026-01-01T19:21:00,15.229633,91.458875,3.0,338.9,125,Vessel_1162,Bulk Carrier,LBR,9001161,Moored,Bay of Bengal
400001162,2026-01-01T19:22:00,14.158703,88.866825,11.8,82.6,42,Vessel_1163,Fishing,LBR,9001162,Moored,Bay of Bengal
400001163,2026-01-01T19:23:00,13.297777,92.451684,4.8,31.3,185,Vessel_1164,Tanker,SGP,9001163,Under Way,Indian Ocean
400001164,2026-01-01T19:24:00,14.492366,97.237084,20.3,21.4,178,Vessel_1165,Container,SGP,9001164,Anchored,Bay of Bengal
400001165,2026-01-01T19:25:00,7.450384,95.35962,21.4,327.8,124,Vessel_1166,Cargo,SGP,9001165,Under Way,Bay of Bengal
400001166,2026-01-01T19:26:00,-5.865961,98.482079,15.5,135.5,13,Vessel_1167,Bulk Carrier,PAN,9001166,Under Way,Indian Ocean
400001167,2026-01-01T19:27:00,-6.819705,83.264283,10.5,213.2,80,Vessel_1168,Tanker,SGP,9001167,Anchored,Indian Ocean
400001168,2026-01-01T19:28:00,6.579866,56.541306,12.5,292.1,76,Vessel_1169,Cargo,LBR,9001168,Moored,Arabian Sea
400001169,2026-01-01T19:29:00,19.962142,68.971279,6.6,147.7,172,Vessel_1170,Bulk Carrier,IND,9001169,Anchored,Arabian Sea
400001170,2026-01-01T19:30:00,8.117747,72.623143,0.7,269.7,257,Vessel_1171,Cargo,IND,9001170,Anchored,Arabian Sea
400001171,2026-01-01T19:31:00,16.55836,95.767577,12.2,297.8,292,Vessel_1172,Fishing,PAN,9001171,Moored,Bay of Bengal
400001172,2026-01-01T19:32:00,13.473405,58.136013,21.4,187.2,64,Vessel_1173,Cargo,LBR,9001172,Moored,Arabian Sea
400001173,2026-01-01T19:33:00,9.378128,58.673875,16.4,200.8,39,Vessel_1174,Bulk Carrier,LBR,9001173,Anchored,Arabian Sea
400001174,2026-01-01T19:34:00,9.256725,93.090147,3.6,288.4,331,Vessel_1175,Bulk Carrier,SGP,9001174,Anchored,Indian Ocean
400001175,2026-01-01T19:35:00,7.088001,62.254033,17.1,120.4,122,Vessel_1176,Container,SGP,9001175,Moored,Arabian Sea
400001176,2026-01-01T19:36:00,6.306383,66.942215,16.6,111.0,282,Vessel_1177,Cargo,IND,9001176,Under Way,Arabian Sea
400001177,2026-01-01T19:37:00,6.445669,90.26221,1.0,354.2,247,Vessel_1178,Tanker,IND,9001177,Anchored,Bay of Bengal
400001178,2026-01-01T19:38:00,23.870183,55.169575,7.8,101.4,203,Vessel_1179,Fishing,SGP,9001178,Anchored,Arabian Sea
400001179,2026-01-01T19:39:00,17.336698,97.529313,15.5,35.0,208,Vessel_1180,Fishing,IND,9001179,Moored,Bay of Bengal
400001180,2026-01-01T19:40:00,5.473706,70.921386,10.5,311.9,19,Vessel_1181,Container,SGP,9001180,Under Way,Arabian Sea
400001181,2026-01-01T19:41:00,3.893187,95.408155,2.1,257.9,110,Vessel_1182,Cargo,SGP,9001181,Moored,Indian Ocean
400001182,2026-01-01T19:42:00,19.768366,84.349557,11.5,275.9,229,Vessel_1183,Cargo,PAN,9001182,Anchored,Indian Ocean
400001183,2026-01-01T19:43:00,15.599003,96.92254,0.9,255.9,349,Vessel_1184,Bulk Carrier,SGP,9001183,Under Way,Bay of Bengal
400001184,2026-01-01T19:44:00,8.206311,98.320626,12.5,357.0,49,Vessel_1185,Tanker,SGP,9001184,Anchored,Indian Ocean
400001185,2026-01-01T19:45:00,16.02601,91.895321,19.7,179.1,232,Vessel_1186,Container,SGP,9001185,Anchored,Indian Ocean
400001186,2026-01-01T19:46:00,6.363237,66.530232,7.8,25.5,235,Vessel_1187,Container,LBR,9001186,Anchored,Arabian Sea
400001187,2026-01-01T19:47:00,16.054965,82.52805,2.7,204.2,20,Vessel_1188,Container,PAN,9001187,Anchored,Bay of Bengal
400001188,2026-01-01T19:48:00,19.569016,96.508522,2.8,131.7,319,Vessel_1189,Container,PAN,9001188,Under Way,Bay of Bengal
400001189,2026-01-01T19:49:00,2.395827,78.003691,19.3,355.9,21,Vessel_1190,Fishing,IND,9001189,Moored,Indian Ocean
400001190,2026-01-01T19:50:00,18.994906,66.216008,3.4,37.8,192,Vessel_1191,Cargo,MHL,9001190,Anchored,Arabian Sea
400001191,2026-01-01T19:51:00,9.461026,72.483178,14.7,125.3,239,Vessel_1192,Fishing,LBR,9001191,Under Way,Arabian Sea
400001192,2026-01-01T19:52:00,8.605467,57.166967,21.1,142.5,221,Vessel_1193,Cargo,LBR,9001192,Anchored,Arabian Sea
400001193,2026-01-01T19:53:00,11.345697,74.928765,10.7,252.1,243,Vessel_1194,Tanker,PAN,9001193,Anchored,Arabian Sea
400001194,2026-01-01T19:54:00,15.901624,73.970674,3.2,76.6,290,Vessel_1195,Tanker,MHL,9001194,Anchored,Arabian Sea
400001195,2026-01-01T19:55:00,23.729193,62.229855,9.5,170.0,27,Vessel_1196,Cargo,IND,9001195,Moored,Arabian Sea
400001196,2026-01-01T19:56:00,9.587418,91.442371,1.8,24.9,207,Vessel_1197,Tanker,PAN,9001196,Moored,Bay of Bengal
400001197,2026-01-01T19:57:00,19.811915,89.446003,14.7,93.1,27,Vessel_1198,Tanker,LBR,9001197,Anchored,Bay of Bengal
400001198,2026-01-01T19:58:00,7.797066,86.286973,9.2,170.7,352,Vessel_1199,Cargo,LBR,9001198,Anchored,Bay of Bengal
400001199,2026-01-01T19:59:00,7.109506,92.920628,12.3,320.9,101,Vessel_1200,Tanker,MHL,9001199,Moored,Indian Ocean
400001200,2026-01-01T20:00:00,11.474651,74.727359,20.7,266.7,162,Vessel_1201,Tanker,SGP,9001200,Anchored,Arabian Sea
400001201,2026-01-01T20:01:00,14.988913,61.328157,17.4,241.9,134,Vessel_1202,Fishing,IND,9001201,Anchored,Arabian Sea
400001202,2026-01-01T20:02:00,17.685861,67.778328,12.7,13.1,96,Vessel_1203,Bulk Carrier,MHL,9001202,Under Way,Arabian Sea
400001203,2026-01-01T20:03:00,1.326697,73.923422,21.0,348.9,295,Vessel_1204,Tanker,PAN,9001203,Anchored,Indian Ocean
400001204,2026-01-01T20:04:00,11.038889,61.139308,18.0,44.8,255,Vessel_1205,Bulk Carrier,LBR,9001204,Anchored,Arabian Sea
400001205,2026-01-01T20:05:00,10.987591,89.764406,11.5,274.7,58,Vessel_1206,Cargo,LBR,9001205,Anchored,Bay of Bengal
400001206,2026-01-01T20:06:00,8.007218,90.708053,11.9,137.0,337,Vessel_1207,Bulk Carrier,PAN,9001206,Moored,Bay of Bengal
400001207,2026-01-01T20:07:00,18.137046,96.235311,2.2,31.5,53,Vessel_1208,Tanker,IND,9001207,Moored,Indian Ocean
400001208,2026-01-01T20:08:00,6.76248,93.498986,13.7,195.6,324,Vessel_1209,Bulk Carrier,MHL,9001208,Moored,Bay of Bengal
400001209,2026-01-01T20:09:00,18.354203,72.034105,4.7,278.9,282,Vessel_1210,Bulk Carrier,IND,9001209,Under Way,Arabian Sea
400001210,2026-01-01T20:10:00,21.159375,86.311046,17.5,166.6,330,Vessel_1211,Bulk Carrier,IND,9001210,Anchored,Bay of Bengal
400001211,2026-01-01T20:11:00,15.151216,60.352183,14.5,110.4,212,Vessel_1212,Cargo,IND,9001211,Anchored,Arabian Sea
400001212,2026-01-01T20:12:00,5.310601,58.067507,8.2,293.2,307,Vessel_1213,Container,PAN,9001212,Under Way,Arabian Sea
400001213,2026-01-01T20:13:00,19.784874,69.673245,21.4,69.2,329,Vessel_1214,Bulk Carrier,IND,9001213,Moored,Indian Ocean
400001214,2026-01-01T20:14:00,7.190798,91.452923,21.5,62.4,162,Vessel_1215,Fishing,SGP,9001214,Anchored,Bay of Bengal
400001215,2026-01-01T20:15:00,6.991558,71.023439,11.1,226.7,200,Vessel_1216,Container,MHL,9001215,Under Way,Arabian Sea
400001216,2026-01-01T20:16:00,8.463964,81.678777,9.6,225.8,303,Vessel_1217,Cargo,IND,9001216,Moored,Bay of Bengal
400001217,2026-01-01T20:17:00,6.310175,98.895995,12.6,9.1,66,Vessel_1218,Bulk Carrier,PAN,9001217,Under Way,Indian Ocean
400001218,2026-01-01T20:18:00,18.050454,59.435104,4.3,301.7,193,Vessel_1219,Container,IND,9001218,Anchored,Arabian Sea
400001219,2026-01-01T20:19:00,23.699518,67.54876,14.0,208.0,52,Vessel_1220,Tanker,LBR,9001219,Moored,Arabian Sea
400001220,2026-01-01T20:20:00,7.141533,60.649261,19.7,33.3,253,Vessel_1221,Container,SGP,9001220,Anchored,Arabian Sea
400001221,2026-01-01T20:21:00,14.820739,55.439139,1.6,344.4,39,Vessel_1222,Cargo,LBR,9001221,Anchored,Arabian Sea
400001222,2026-01-01T20:22:00,15.770381,88.115814,3.5,107.3,91,Vessel_1223,Fishing,MHL,9001222,Under Way,Bay of Bengal
400001223,2026-01-01T20:23:00,24.518317,74.874792,10.6,220.4,279,Vessel_1224,Tanker,SGP,9001223,Moored,Arabian Sea
400001224,2026-01-01T20:24:00,-2.364969,64.863744,13.3,192.4,265,Vessel_1225,Fishing,SGP,9001224,Under Way,Indian Ocean
400001225,2026-01-01T20:25:00,6.951404,83.90524,7.2,78.9,354,Vessel_1226,Cargo,PAN,9001225,Anchored,Bay of Bengal
400001226,2026-01-01T20:26:00,8.387038,81.655457,15.6,234.0,239,Vessel_1227,Bulk Carrier,LBR,9001226,Moored,Bay of Bengal
400001227,2026-01-01T20:27:00,20.679918,84.501677,4.4,303.7,143,Vessel_1228,Bulk Carrier,IND,9001227,Moored,Bay of Bengal
400001228,2026-01-01T20:28:00,-0.652446,91.763981,21.0,175.1,228,Vessel_1229,Bulk Carrier,MHL,9001228,Moored,Indian Ocean
400001229,2026-01-01T20:29:00,18.870167,91.212397,13.4,154.1,290,Vessel_1230,Container,PAN,9001229,Moored,Bay of Bengal
400001230,2026-01-01T20:30:00,13.988068,72.788994,21.1,90.8,209,Vessel_1231,Container,MHL,9001230,Moored,Arabian Sea
400001231,2026-01-01T20:31:00,0.5676,61.197598,4.0,115.8,95,Vessel_1232,Container,SGP,9001231,Under Way,Indian Ocean
400001232,2026-01-01T20:32:00,18.139092,62.439286,17.1,43.9,163,Vessel_1233,Tanker,PAN,9001232,Under Way,Arabian Sea
400001233,2026-01-01T20:33:00,14.646977,85.788102,5.1,23.8,145,Vessel_1234,Fishing,SGP,9001233,Moored,Bay of Bengal
400001234,2026-01-01T20:34:00,7.058404,60.560969,13.4,317.1,343,Vessel_1235,Tanker,MHL,9001234,Moored,Arabian Sea
400001235,2026-01-01T20:35:00,16.596243,87.8337,17.9,71.1,25,Vessel_1236,Bulk Carrier,LBR,9001235,Under Way,Bay of Bengal
400001236,2026-01-01T20:36:00,12.161033,82.233668,3.8,117.3,196,Vessel_1237,Cargo,MHL,9001236,Under Way,Bay of Bengal
400001237,2026-01-01T20:37:00,5.303217,94.099501,12.7,1.7,236,Vessel_1238,Container,SGP,9001237,Anchored,Bay of Bengal
400001238,2026-01-01T20:38:00,22.916591,73.36069,0.9,231.5,35,Vessel_1239,Bulk Carrier,IND,9001238,Anchored,Arabian Sea
400001239,2026-01-01T20:39:00,-0.970052,72.687586,7.6,28.6,160,Vessel_1240,Bulk Carrier,MHL,9001239,Under Way,Indian Ocean
400001240,2026-01-01T20:40:00,10.073545,97.711403,10.9,230.2,62,Vessel_1241,Container,MHL,9001240,Under Way,Bay of Bengal
400001241,2026-01-01T20:41:00,9.480287,71.509131,3.1,356.7,352,Vessel_1242,Bulk Carrier,SGP,9001241,Under Way,Arabian Sea
400001242,2026-01-01T20:42:00,8.823194,73.04553,8.1,324.1,2,Vessel_1243,Tanker,PAN,9001242,Under Way,Arabian Sea
400001243,2026-01-01T20:43:00,5.960068,61.085802,5.8,247.0,194,Vessel_1244,Container,SGP,9001243,Under Way,Arabian Sea
400001244,2026-01-01T20:44:00,3.820813,65.051548,19.0,270.3,211,Vessel_1245,Bulk Carrier,IND,9001244,Moored,Indian Ocean
400001245,2026-01-01T20:45:00,-2.784297,79.117073,10.8,100.7,247,Vessel_1246,Cargo,IND,9001245,Anchored,Indian Ocean
400001246,2026-01-01T20:46:00,17.093483,86.354175,18.4,87.0,331,Vessel_1247,Cargo,IND,9001246,Under Way,Bay of Bengal
400001247,2026-01-01T20:47:00,6.024538,80.236306,4.8,293.8,96,Vessel_1248,Bulk Carrier,IND,9001247,Anchored,Bay of Bengal
400001248,2026-01-01T20:48:00,21.279908,70.232051,11.3,112.5,159,Vessel_1249,Bulk Carrier,SGP,9001248,Moored,Arabian Sea
400001249,2026-01-01T20:49:00,23.282505,59.375697,8.0,350.0,317,Vessel_1250,Fishing,SGP,9001249,Anchored,Arabian Sea
400001250,2026-01-01T20:50:00,6.372786,63.46188,15.1,341.6,295,Vessel_1251,Tanker,SGP,9001250,Anchored,Arabian Sea
400001251,2026-01-01T20:51:00,19.90052,59.811249,19.7,67.1,14,Vessel_1252,Bulk Carrier,MHL,9001251,Anchored,Arabian Sea
400001252,2026-01-01T20:52:00,9.514838,96.684699,1.8,154.9,77,Vessel_1253,Bulk Carrier,MHL,9001252,Anchored,Bay of Bengal
400001253,2026-01-01T20:53:00,0.012185,77.653624,8.1,17.6,195,Vessel_1254,Bulk Carrier,SGP,9001253,Anchored,Indian Ocean
400001254,2026-01-01T20:54:00,13.053842,66.880983,11.7,177.2,221,Vessel_1255,Tanker,IND,9001254,Moored,Arabian Sea
400001255,2026-01-01T20:55:00,24.179434,59.391595,1.2,12.8,136,Vessel_1256,Cargo,IND,9001255,Moored,Arabian Sea
400001256,2026-01-01T20:56:00,10.50919,72.652006,15.4,145.2,201,Vessel_1257,Tanker,SGP,9001256,Moored,Arabian Sea
400001257,2026-01-01T20:57:00,-1.951992,68.228215,17.3,124.8,147,Vessel_1258,Fishing,PAN,9001257,Moored,Indian Ocean
400001258,2026-01-01T20:58:00,6.884851,65.064803,15.4,171.2,156,Vessel_1259,Cargo,SGP,9001258,Anchored,Arabian Sea
400001259,2026-01-01T20:59:00,-7.916361,67.493776,19.8,50.9,6,Vessel_1260,Bulk Carrier,LBR,9001259,Anchored,Indian Ocean
400001260,2026-01-01T21:00:00,8.550301,60.276644,1.7,243.8,4,Vessel_1261,Fishing,PAN,9001260,Anchored,Arabian Sea
400001261,2026-01-01T21:01:00,-9.969806,94.928742,10.4,16.2,8,Vessel_1262,Fishing,PAN,9001261,Under Way,Indian Ocean
400001262,2026-01-01T21:02:00,5.094394,90.199699,17.1,35.9,171,Vessel_1263,Bulk Carrier,LBR,9001262,Moored,Indian Ocean
400001263,2026-01-01T21:03:00,21.826483,84.632111,10.7,130.8,6,Vessel_1264,Container,PAN,9001263,Moored,Bay of Bengal
400001264,2026-01-01T21:04:00,20.153331,93.941473,18.9,323.9,305,Vessel_1265,Bulk Carrier,IND,9001264,Anchored,Bay of Bengal
400001265,2026-01-01T21:05:00,5.579267,85.592012,3.3,147.3,112,Vessel_1266,Cargo,PAN,9001265,Anchored,Indian Ocean
400001266,2026-01-01T21:06:00,9.887356,69.820249,21.4,129.0,45,Vessel_1267,Cargo,LBR,9001266,Moored,Arabian Sea
400001267,2026-01-01T21:07:00,24.309061,72.542881,14.9,322.8,230,Vessel_1268,Fishing,SGP,9001267,Anchored,Arabian Sea
400001268,2026-01-01T21:08:00,0.465352,73.247827,13.0,339.4,141,Vessel_1269,Container,SGP,9001268,Under Way,Indian Ocean
400001269,2026-01-01T21:09:00,5.602332,73.730978,13.5,155.6,232,Vessel_1270,Fishing,PAN,9001269,Anchored,Indian Ocean
400001270,2026-01-01T21:10:00,24.389398,64.97854,15.1,167.4,76,Vessel_1271,Fishing,PAN,9001270,Moored,Arabian Sea
400001271,2026-01-01T21:11:00,9.92961,72.145824,6.3,287.1,7,Vessel_1272,Bulk Carrier,IND,9001271,Under Way,Indian Ocean
400001272,2026-01-01T21:12:00,19.033,82.221844,10.7,1.8,180,Vessel_1273,Tanker,IND,9001272,Anchored,Bay of Bengal
400001273,2026-01-01T21:13:00,12.004365,60.665311,18.9,238.9,287,Vessel_1274,Cargo,IND,9001273,Moored,Arabian Sea
400001274,2026-01-01T21:14:00,7.424952,93.194956,9.5,329.7,148,Vessel_1275,Cargo,IND,9001274,Anchored,Bay of Bengal
400001275,2026-01-01T21:15:00,9.228385,92.213005,8.5,143.3,50,Vessel_1276,Container,PAN,9001275,Moored,Bay of Bengal
400001276,2026-01-01T21:16:00,7.946133,87.844693,19.3,288.8,71,Vessel_1277,Cargo,PAN,9001276,Under Way,Bay of Bengal
400001277,2026-01-01T21:17:00,14.422824,85.419121,1.9,203.4,321,Vessel_1278,Bulk Carrier,MHL,9001277,Under Way,Bay of Bengal
400001278,2026-01-01T21:18:00,18.300897,95.009342,2.1,189.0,355,Vessel_1279,Container,MHL,9001278,Moored,Bay of Bengal
400001279,2026-01-01T21:19:00,0.72677,74.167754,10.3,345.2,236,Vessel_1280,Tanker,MHL,9001279,Under Way,Indian Ocean
400001280,2026-01-01T21:20:00,6.503293,82.530541,20.0,282.4,297,Vessel_1281,Fishing,PAN,9001280,Under Way,Bay of Bengal
400001281,2026-01-01T21:21:00,6.298087,82.622984,6.5,271.2,201,Vessel_1282,Cargo,LBR,9001281,Moored,Indian Ocean
400001282,2026-01-01T21:22:00,14.256156,70.25991,11.4,301.3,43,Vessel_1283,Tanker,PAN,9001282,Moored,Arabian Sea
400001283,2026-01-01T21:23:00,11.669669,56.947981,6.4,172.8,169,Vessel_1284,Tanker,IND,9001283,Moored,Arabian Sea
400001284,2026-01-01T21:24:00,10.23239,89.574537,1.2,73.6,73,Vessel_1285,Fishing,LBR,9001284,Under Way,Indian Ocean
400001285,2026-01-01T21:25:00,22.901047,67.793363,3.4,225.5,3,Vessel_1286,Bulk Carrier,MHL,9001285,Moored,Arabian Sea
400001286,2026-01-01T21:26:00,7.294177,55.000714,13.3,43.5,49,Vessel_1287,Cargo,SGP,9001286,Under Way,Arabian Sea
400001287,2026-01-01T21:27:00,5.419159,89.104481,8.6,332.4,153,Vessel_1288,Bulk Carrier,LBR,9001287,Under Way,Bay of Bengal
400001288,2026-01-01T21:28:00,21.834416,65.934385,18.1,244.6,336,Vessel_1289,Fishing,IND,9001288,Anchored,Arabian Sea
400001289,2026-01-01T21:29:00,17.723943,58.696157,18.0,236.0,87,Vessel_1290,Fishing,MHL,9001289,Under Way,Arabian Sea
400001290,2026-01-01T21:30:00,13.16793,85.210083,2.2,211.4,188,Vessel_1291,Container,LBR,9001290,Anchored,Bay of Bengal
400001291,2026-01-01T21:31:00,13.995656,78.558548,17.9,53.2,145,Vessel_1292,Bulk Carrier,IND,9001291,Moored,Indian Ocean
400001292,2026-01-01T21:32:00,5.187334,85.449708,14.2,320.7,317,Vessel_1293,Bulk Carrier,IND,9001292,Anchored,Bay of Bengal
400001293,2026-01-01T21:33:00,14.358142,69.461305,6.1,352.4,183,Vessel_1294,Fishing,MHL,9001293,Under Way,Arabian Sea
400001294,2026-01-01T21:34:00,20.343359,89.451002,11.3,62.6,77,Vessel_1295,Container,MHL,9001294,Anchored,Bay of Bengal
400001295,2026-01-01T21:35:00,17.1581,94.160544,6.1,273.8,155,Vessel_1296,Bulk Carrier,IND,9001295,Moored,Bay of Bengal
400001296,2026-01-01T21:36:00,11.400886,88.491542,14.5,206.8,259,Vessel_1297,Fishing,PAN,9001296,Under Way,Bay of Bengal
400001297,2026-01-01T21:37:00,-0.277702,98.207784,7.7,221.7,206,Vessel_1298,Tanker,IND,9001297,Under Way,Indian Ocean
400001298,2026-01-01T21:38:00,-5.22461,63.861618,2.3,335.4,243,Vessel_1299,Container,SGP,9001298,Moored,Indian Ocean
400001299,2026-01-01T21:39:00,7.108636,72.615108,16.0,137.9,215,Vessel_1300,Tanker,IND,9001299,Moored,Arabian Sea
400001300,2026-01-01T21:40:00,6.946054,95.242433,1.6,274.0,310,Vessel_1301,Tanker,SGP,9001300,Anchored,Bay of Bengal
400001301,2026-01-01T21:41:00,18.974515,62.552579,21.8,206.0,102,Vessel_1302,Cargo,PAN,9001301,Anchored,Arabian Sea
400001302,2026-01-01T21:42:00,16.540433,84.058938,16.3,155.8,270,Vessel_1303,Cargo,IND,9001302,Moored,Bay of Bengal
400001303,2026-01-01T21:43:00,17.582313,68.373165,4.5,290.8,2,Vessel_1304,Container,LBR,9001303,Moored,Arabian Sea
400001304,2026-01-01T21:44:00,15.934735,73.628452,15.0,343.8,328,Vessel_1305,Fishing,LBR,9001304,Under Way,Indian Ocean
400001305,2026-01-01T21:45:00,16.407401,64.474657,7.7,222.0,286,Vessel_1306,Cargo,IND,9001305,Anchored,Arabian Sea
400001306,2026-01-01T21:46:00,15.633002,95.731584,12.5,45.7,264,Vessel_1307,Container,IND,9001306,Under Way,Bay of Bengal
400001307,2026-01-01T21:47:00,8.91975,90.826813,7.3,80.4,148,Vessel_1308,Container,LBR,9001307,Moored,Bay of Bengal
400001308,2026-01-01T21:48:00,6.155198,95.68652,21.3,26.8,294,Vessel_1309,Cargo,MHL,9001308,Moored,Bay of Bengal
400001309,2026-01-01T21:49:00,-0.63282,84.745797,12.0,320.2,298,Vessel_1310,Bulk Carrier,PAN,9001309,Moored,Indian Ocean
400001310,2026-01-01T21:50:00,5.645495,63.428114,4.4,318.8,30,Vessel_1311,Cargo,SGP,9001310,Moored,Arabian Sea
400001311,2026-01-01T21:51:00,-0.111725,90.293791,20.1,22.4,252,Vessel_1312,Tanker,MHL,9001311,Moored,Indian Ocean
400001312,2026-01-01T21:52:00,15.050104,92.2995,7.6,25.4,213,Vessel_1313,Fishing,MHL,9001312,Under Way,Indian Ocean
400001313,2026-01-01T21:53:00,4.363145,65.178583,15.9,37.4,254,Vessel_1314,Fishing,SGP,9001313,Moored,Indian Ocean
400001314,2026-01-01T21:54:00,12.335765,85.46153,18.7,348.8,10,Vessel_1315,Tanker,IND,9001314,Under Way,Bay of Bengal
400001315,2026-01-01T21:55:00,8.244167,75.175536,15.0,6.5,246,Vessel_1316,Tanker,LBR,9001315,Anchored,Indian Ocean
400001316,2026-01-01T21:56:00,-6.242878,88.053512,12.1,41.5,60,Vessel_1317,Fishing,PAN,9001316,Anchored,Indian Ocean
400001317,2026-01-01T21:57:00,11.862513,73.361372,5.2,33.0,5,Vessel_1318,Cargo,LBR,9001317,Moored,Arabian Sea
400001318,2026-01-01T21:58:00,7.041458,99.637549,0.3,258.4,29,Vessel_1319,Tanker,IND,9001318,Under Way,Indian Ocean
400001319,2026-01-01T21:59:00,8.070089,80.78695,7.7,235.2,125,Vessel_1320,Container,SGP,9001319,Moored,Bay of Bengal
400001320,2026-01-01T22:00:00,13.137923,82.202774,1.7,89.8,278,Vessel_1321,Cargo,LBR,9001320,Moored,Bay of Bengal
400001321,2026-01-01T22:01:00,14.402745,95.905607,18.9,159.2,154,Vessel_1322,Container,MHL,9001321,Anchored,Indian Ocean
400001322,2026-01-01T22:02:00,-2.673826,95.719139,7.0,194.4,53,Vessel_1323,Tanker,PAN,9001322,Anchored,Indian Ocean
400001323,2026-01-01T22:03:00,18.516904,79.448308,1.7,327.4,266,Vessel_1324,Cargo,PAN,9001323,Moored,Indian Ocean
400001324,2026-01-01T22:04:00,-3.676911,74.895599,18.0,51.0,120,Vessel_1325,Bulk Carrier,LBR,9001324,Under Way,Indian Ocean
400001325,2026-01-01T22:05:00,14.97815,55.675124,6.1,137.9,43,Vessel_1326,Tanker,PAN,9001325,Moored,Arabian Sea
400001326,2026-01-01T22:06:00,13.421077,95.529911,8.5,15.9,105,Vessel_1327,Bulk Carrier,SGP,9001326,Moored,Bay of Bengal
400001327,2026-01-01T22:07:00,14.052363,91.887244,0.7,273.9,13,Vessel_1328,Fishing,PAN,9001327,Anchored,Bay of Bengal
400001328,2026-01-01T22:08:00,-3.503676,61.093806,16.0,223.1,218,Vessel_1329,Tanker,IND,9001328,Moored,Indian Ocean
400001329,2026-01-01T22:09:00,21.192051,96.784509,6.3,355.7,273,Vessel_1330,Bulk Carrier,LBR,9001329,Moored,Bay of Bengal
400001330,2026-01-01T22:10:00,7.049092,80.756514,3.6,136.9,121,Vessel_1331,Cargo,IND,9001330,Anchored,Indian Ocean
400001331,2026-01-01T22:11:00,18.529017,63.421475,5.5,194.9,172,Vessel_1332,Fishing,LBR,9001331,Under Way,Indian Ocean
400001332,2026-01-01T22:12:00,-1.771904,70.749894,5.5,234.4,311,Vessel_1333,Tanker,IND,9001332,Anchored,Indian Ocean
400001333,2026-01-01T22:13:00,9.823294,93.439992,18.6,159.3,8,Vessel_1334,Bulk Carrier,IND,9001333,Anchored,Indian Ocean
400001334,2026-01-01T22:14:00,24.31771,64.604158,18.6,78.2,29,Vessel_1335,Fishing,IND,9001334,Anchored,Arabian Sea
400001335,2026-01-01T22:15:00,6.543436,98.131731,9.7,92.6,141,Vessel_1336,Container,LBR,9001335,Under Way,Indian Ocean
400001336,2026-01-01T22:16:00,17.606764,57.938036,13.6,17.8,58,Vessel_1337,Tanker,SGP,9001336,Moored,Arabian Sea
400001337,2026-01-01T22:17:00,15.817108,83.195629,0.9,257.5,31,Vessel_1338,Container,PAN,9001337,Under Way,Indian Ocean
400001338,2026-01-01T22:18:00,15.347927,93.976293,11.9,16.1,120,Vessel_1339,Container,IND,9001338,Under Way,Indian Ocean
400001339,2026-01-01T22:19:00,3.314381,80.441421,5.2,117.0,190,Vessel_1340,Bulk Carrier,IND,9001339,Moored,Indian Ocean
400001340,2026-01-01T22:20:00,19.889503,82.575431,7.2,283.0,171,Vessel_1341,Bulk Carrier,PAN,9001340,Anchored,Bay of Bengal
400001341,2026-01-01T22:21:00,15.572578,82.885631,1.0,334.0,302,Vessel_1342,Tanker,IND,9001341,Moored,Bay of Bengal
400001342,2026-01-01T22:22:00,21.160684,65.215923,17.2,182.4,297,Vessel_1343,Container,SGP,9001342,Anchored,Arabian Sea
400001343,2026-01-01T22:23:00,-9.022014,89.05039,8.4,358.2,40,Vessel_1344,Tanker,SGP,9001343,Moored,Indian Ocean
400001344,2026-01-01T22:24:00,19.934389,85.212975,16.1,193.5,62,Vessel_1345,Fishing,IND,9001344,Moored,Indian Ocean
400001345,2026-01-01T22:25:00,16.206362,89.366048,7.0,70.0,294,Vessel_1346,Container,SGP,9001345,Anchored,Bay of Bengal
400001346,2026-01-01T22:26:00,20.980119,74.549495,5.1,113.0,59,Vessel_1347,Cargo,LBR,9001346,Moored,Arabian Sea
400001347,2026-01-01T22:27:00,11.15198,86.335723,11.1,328.4,334,Vessel_1348,Bulk Carrier,MHL,9001347,Under Way,Bay of Bengal
400001348,2026-01-01T22:28:00,18.36717,84.135739,18.2,354.2,275,Vessel_1349,Cargo,LBR,9001348,Moored,Bay of Bengal
400001349,2026-01-01T22:29:00,9.97708,84.221827,17.5,122.6,60,Vessel_1350,Tanker,LBR,9001349,Anchored,Indian Ocean
400001350,2026-01-01T22:30:00,19.497433,83.04047,13.9,277.4,92,Vessel_1351,Bulk Carrier,IND,9001350,Under Way,Indian Ocean
400001351,2026-01-01T22:31:00,13.372512,70.310191,15.7,168.7,51,Vessel_1352,Cargo,IND,9001351,Anchored,Arabian Sea
400001352,2026-01-01T22:32:00,18.800931,74.79867,2.9,311.2,198,Vessel_1353,Bulk Carrier,PAN,9001352,Under Way,Arabian Sea
400001353,2026-01-01T22:33:00,16.847788,84.345828,6.5,120.9,172,Vessel_1354,Fishing,MHL,9001353,Moored,Bay of Bengal
400001354,2026-01-01T22:34:00,24.882682,55.904754,16.3,127.4,229,Vessel_1355,Bulk Carrier,LBR,9001354,Moored,Arabian Sea
400001355,2026-01-01T22:35:00,9.917949,88.587909,3.0,65.9,301,Vessel_1356,Fishing,IND,9001355,Under Way,Bay of Bengal
400001356,2026-01-01T22:36:00,16.871066,62.397478,14.3,136.2,224,Vessel_1357,Cargo,MHL,9001356,Moored,Arabian Sea
400001357,2026-01-01T22:37:00,-1.621012,90.920253,5.1,177.1,24,Vessel_1358,Fishing,MHL,9001357,Moored,Indian Ocean
400001358,2026-01-01T22:38:00,5.246837,97.121743,6.3,137.9,91,Vessel_1359,Cargo,IND,9001358,Moored,Indian Ocean
400001359,2026-01-01T22:39:00,-3.679579,80.765399,12.7,221.0,50,Vessel_1360,Container,PAN,9001359,Under Way,Indian Ocean
400001360,2026-01-01T22:40:00,10.756863,64.732715,4.9,60.8,132,Vessel_1361,Fishing,IND,9001360,Under Way,Arabian Sea
400001361,2026-01-01T22:41:00,-1.641139,63.83904,12.1,182.6,86,Vessel_1362,Tanker,MHL,9001361,Under Way,Indian Ocean
400001362,2026-01-01T22:42:00,6.137478,67.805307,10.7,295.2,189,Vessel_1363,Cargo,PAN,9001362,Moored,Indian Ocean
400001363,2026-01-01T22:43:00,17.44552,89.37609,18.3,105.9,56,Vessel_1364,Tanker,LBR,9001363,Anchored,Bay of Bengal
400001364,2026-01-01T22:44:00,9.471961,95.56105,21.8,262.7,59,Vessel_1365,Container,IND,9001364,Moored,Bay of Bengal
400001365,2026-01-01T22:45:00,19.547232,61.542314,11.2,99.1,322,Vessel_1366,Fishing,IND,9001365,Moored,Arabian Sea
400001366,2026-01-01T22:46:00,-0.555702,96.989199,9.5,334.7,266,Vessel_1367,Container,SGP,9001366,Moored,Indian Ocean
400001367,2026-01-01T22:47:00,15.129051,85.043232,20.9,225.2,125,Vessel_1368,Cargo,MHL,9001367,Anchored,Indian Ocean
400001368,2026-01-01T22:48:00,18.466953,60.305721,3.3,292.2,254,Vessel_1369,Container,SGP,9001368,Under Way,Arabian Sea
400001369,2026-01-01T22:49:00,16.275918,98.03331,18.9,269.1,1,Vessel_1370,Bulk Carrier,IND,9001369,Anchored,Indian Ocean
400001370,2026-01-01T22:50:00,8.336516,88.39962,0.9,247.0,314,Vessel_1371,Bulk Carrier,MHL,9001370,Under Way,Indian Ocean
400001371,2026-01-01T22:51:00,0.461113,81.218445,21.0,315.2,118,Vessel_1372,Container,LBR,9001371,Anchored,Indian Ocean
400001372,2026-01-01T22:52:00,1.766302,74.285115,10.6,34.7,57,Vessel_1373,Container,LBR,9001372,Anchored,Indian Ocean
400001373,2026-01-01T22:53:00,9.205736,87.647575,3.9,343.3,338,Vessel_1374,Tanker,PAN,9001373,Moored,Bay of Bengal
400001374,2026-01-01T22:54:00,16.98192,93.926272,10.6,288.9,250,Vessel_1375,Fishing,LBR,9001374,Moored,Bay of Bengal
400001375,2026-01-01T22:55:00,5.579251,60.358477,4.7,305.5,209,Vessel_1376,Tanker,MHL,9001375,Anchored,Arabian Sea
400001376,2026-01-01T22:56:00,16.474814,87.402124,17.8,152.6,133,Vessel_1377,Tanker,PAN,9001376,Anchored,Bay of Bengal
400001377,2026-01-01T22:57:00,-3.431554,85.450648,1.0,160.7,113,Vessel_1378,Fishing,SGP,9001377,Moored,Indian Ocean
400001378,2026-01-01T22:58:00,20.59104,57.206312,21.3,219.3,66,Vessel_1379,Fishing,MHL,9001378,Under Way,Arabian Sea
400001379,2026-01-01T22:59:00,-9.366469,75.167525,17.2,119.7,180,Vessel_1380,Fishing,IND,9001379,Moored,Indian Ocean
400001380,2026-01-01T23:00:00,15.37298,62.241955,4.4,56.4,274,Vessel_1381,Bulk Carrier,SGP,9001380,Anchored,Arabian Sea
400001381,2026-01-01T23:01:00,23.213076,61.630042,4.7,263.3,6,Vessel_1382,Tanker,IND,9001381,Moored,Arabian Sea
400001382,2026-01-01T23:02:00,15.029986,70.826869,0.9,101.6,12,Vessel_1383,Cargo,SGP,9001382,Under Way,Arabian Sea
400001383,2026-01-01T23:03:00,17.748562,94.633925,8.3,143.9,138,Vessel_1384,Tanker,IND,9001383,Under Way,Bay of Bengal
400001384,2026-01-01T23:04:00,11.663386,90.49544,9.1,5.3,277,Vessel_1385,Fishing,SGP,9001384,Under Way,Indian Ocean
400001385,2026-01-01T23:05:00,7.645874,75.644956,18.3,308.5,165,Vessel_1386,Bulk Carrier,MHL,9001385,Moored,Indian Ocean
400001386,2026-01-01T23:06:00,11.04308,64.178113,2.2,348.0,295,Vessel_1387,Bulk Carrier,LBR,9001386,Anchored,Arabian Sea
400001387,2026-01-01T23:07:00,6.582061,97.403954,12.3,173.5,359,Vessel_1388,Fishing,MHL,9001387,Under Way,Bay of Bengal
400001388,2026-01-01T23:08:00,5.292613,88.946628,8.7,133.8,279,Vessel_1389,Tanker,LBR,9001388,Under Way,Bay of Bengal
400001389,2026-01-01T23:09:00,19.255718,75.893945,5.1,132.8,288,Vessel_1390,Tanker,PAN,9001389,Anchored,Indian Ocean
400001390,2026-01-01T23:10:00,21.193616,74.516349,2.1,60.8,250,Vessel_1391,Fishing,SGP,9001390,Under Way,Arabian Sea
400001391,2026-01-01T23:11:00,13.063901,71.761408,11.5,301.4,119,Vessel_1392,Tanker,LBR,9001391,Anchored,Arabian Sea
400001392,2026-01-01T23:12:00,10.294734,86.081633,3.3,115.4,289,Vessel_1393,Fishing,LBR,9001392,Under Way,Bay of Bengal
400001393,2026-01-01T23:13:00,16.736755,93.590683,17.5,195.9,160,Vessel_1394,Cargo,PAN,9001393,Anchored,Bay of Bengal
400001394,2026-01-01T23:14:00,4.48989,82.19229,16.3,263.2,53,Vessel_1395,Bulk Carrier,IND,9001394,Anchored,Indian Ocean
400001395,2026-01-01T23:15:00,20.137734,58.241862,16.5,59.7,224,Vessel_1396,Tanker,IND,9001395,Anchored,Arabian Sea
400001396,2026-01-01T23:16:00,7.902275,94.456765,10.7,268.9,280,Vessel_1397,Bulk Carrier,LBR,9001396,Under Way,Bay of Bengal
400001397,2026-01-01T23:17:00,6.998916,97.923398,15.8,316.0,138,Vessel_1398,Fishing,PAN,9001397,Moored,Bay of Bengal
400001398,2026-01-01T23:18:00,14.584777,82.987022,6.4,245.9,314,Vessel_1399,Container,MHL,9001398,Moored,Bay of Bengal
400001399,2026-01-01T23:19:00,13.025871,83.791108,7.3,268.1,69,Vessel_1400,Cargo,MHL,9001399,Moored,Bay of Bengal
400001400,2026-01-01T23:20:00,5.16696,87.493453,3.3,24.1,2,Vessel_1401,Container,SGP,9001400,Under Way,Bay of Bengal
400001401,2026-01-01T23:21:00,-7.184565,78.343743,2.1,224.4,304,Vessel_1402,Cargo,IND,9001401,Anchored,Indian Ocean
400001402,2026-01-01T23:22:00,6.774683,69.04118,13.8,333.1,140,Vessel_1403,Container,LBR,9001402,Moored,Indian Ocean
400001403,2026-01-01T23:23:00,-0.82749,84.980037,8.9,91.5,277,Vessel_1404,Cargo,IND,9001403,Moored,Indian Ocean
400001404,2026-01-01T23:24:00,7.059526,59.328829,3.9,202.4,64,Vessel_1405,Fishing,MHL,9001404,Moored,Arabian Sea
400001405,2026-01-01T23:25:00,10.612723,93.895616,13.0,99.5,315,Vessel_1406,Bulk Carrier,SGP,9001405,Under Way,Bay of Bengal
400001406,2026-01-01T23:26:00,20.667298,74.781745,2.0,288.4,75,Vessel_1407,Cargo,SGP,9001406,Anchored,Arabian Sea
400001407,2026-01-01T23:27:00,11.466758,72.919067,1.1,183.7,225,Vessel_1408,Bulk Carrier,LBR,9001407,Anchored,Arabian Sea
400001408,2026-01-01T23:28:00,13.506377,82.111337,12.3,135.5,197,Vessel_1409,Bulk Carrier,PAN,9001408,Anchored,Bay of Bengal
400001409,2026-01-01T23:29:00,-0.490842,63.127986,13.3,76.8,85,Vessel_1410,Container,SGP,9001409,Anchored,Indian Ocean
400001410,2026-01-01T23:30:00,3.249405,87.80399,5.5,43.2,222,Vessel_1411,Container,SGP,9001410,Under Way,Indian Ocean
400001411,2026-01-01T23:31:00,19.541329,93.873406,7.6,152.2,315,Vessel_1412,Fishing,SGP,9001411,Anchored,Bay of Bengal
400001412,2026-01-01T23:32:00,8.043095,93.457313,0.2,158.7,269,Vessel_1413,Cargo,IND,9001412,Moored,Bay of Bengal
400001413,2026-01-01T23:33:00,10.583676,96.398734,20.1,180.5,6,Vessel_1414,Fishing,PAN,9001413,Under Way,Bay of Bengal
400001414,2026-01-01T23:34:00,-1.751457,79.149395,1.0,249.7,129,Vessel_1415,Container,IND,9001414,Moored,Indian Ocean
400001415,2026-01-01T23:35:00,22.263706,73.551497,21.9,227.0,251,Vessel_1416,Cargo,LBR,9001415,Moored,Arabian Sea
400001416,2026-01-01T23:36:00,12.51759,92.297227,0.8,10.4,78,Vessel_1417,Cargo,SGP,9001416,Under Way,Indian Ocean
400001417,2026-01-01T23:37:00,19.179095,82.149682,9.8,255.1,160,Vessel_1418,Tanker,MHL,9001417,Anchored,Bay of Bengal
400001418,2026-01-01T23:38:00,18.102104,69.749073,7.3,241.2,162,Vessel_1419,Cargo,MHL,9001418,Moored,Arabian Sea
400001419,2026-01-01T23:39:00,13.777788,96.929813,8.9,300.7,342,Vessel_1420,Tanker,IND,9001419,Under Way,Bay of Bengal
400001420,2026-01-01T23:40:00,-5.574582,70.665437,3.8,16.0,311,Vessel_1421,Cargo,MHL,9001420,Anchored,Indian Ocean
400001421,2026-01-01T23:41:00,17.705994,71.842481,20.7,111.7,287,Vessel_1422,Container,IND,9001421,Anchored,Arabian Sea
400001422,2026-01-01T23:42:00,14.658946,92.533259,12.5,166.2,59,Vessel_1423,Tanker,SGP,9001422,Moored,Bay of Bengal
400001423,2026-01-01T23:43:00,8.713178,66.822971,21.2,275.3,5,Vessel_1424,Cargo,PAN,9001423,Anchored,Arabian Sea
400001424,2026-01-01T23:44:00,22.543968,73.864747,6.8,244.4,97,Vessel_1425,Cargo,PAN,9001424,Under Way,Arabian Sea
400001425,2026-01-01T23:45:00,17.000537,83.204073,3.1,113.3,115,Vessel_1426,Cargo,PAN,9001425,Under Way,Bay of Bengal
400001426,2026-01-01T23:46:00,24.585564,60.187082,9.7,33.2,181,Vessel_1427,Fishing,PAN,9001426,Anchored,Arabian Sea
400001427,2026-01-01T23:47:00,5.691282,93.180003,15.1,61.2,299,Vessel_1428,Bulk Carrier,SGP,9001427,Moored,Indian Ocean
400001428,2026-01-01T23:48:00,-3.680116,88.087499,7.6,291.1,147,Vessel_1429,Cargo,PAN,9001428,Moored,Indian Ocean
400001429,2026-01-01T23:49:00,6.548336,89.725271,5.9,184.3,107,Vessel_1430,Container,SGP,9001429,Anchored,Indian Ocean
400001430,2026-01-01T23:50:00,5.534617,82.075367,14.5,66.9,71,Vessel_1431,Bulk Carrier,MHL,9001430,Anchored,Bay of Bengal
400001431,2026-01-01T23:51:00,14.58408,91.849487,19.8,115.7,53,Vessel_1432,Container,IND,9001431,Under Way,Bay of Bengal
400001432,2026-01-01T23:52:00,13.083431,86.060093,19.9,67.2,183,Vessel_1433,Container,SGP,9001432,Anchored,Bay of Bengal
400001433,2026-01-01T23:53:00,-4.415178,60.869999,17.8,163.9,294,Vessel_1434,Bulk Carrier,LBR,9001433,Anchored,Indian Ocean
400001434,2026-01-01T23:54:00,10.051495,62.464296,7.4,243.6,153,Vessel_1435,Tanker,SGP,9001434,Moored,Arabian Sea
400001435,2026-01-01T23:55:00,13.41972,70.481449,21.0,143.9,14,Vessel_1436,Cargo,MHL,9001435,Under Way,Arabian Sea
400001436,2026-01-01T23:56:00,20.072119,97.374241,20.7,71.2,290,Vessel_1437,Cargo,SGP,9001436,Moored,Bay of Bengal
400001437,2026-01-01T23:57:00,18.40568,80.968402,2.0,284.6,72,Vessel_1438,Container,LBR,9001437,Anchored,Bay of Bengal
400001438,2026-01-01T23:58:00,14.211755,68.172172,4.4,61.8,157,Vessel_1439,Tanker,SGP,9001438,Under Way,Arabian Sea
400001439,2026-01-01T23:59:00,13.730978,69.482688,3.4,199.4,191,Vessel_1440,Tanker,LBR,9001439,Under Way,Arabian Sea
400001440,2026-01-02T00:00:00,6.698529,89.896923,8.7,76.3,241,Vessel_1441,Bulk Carrier,LBR,9001440,Moored,Bay of Bengal
400001441,2026-01-02T00:01:00,20.261123,56.916497,2.8,273.9,68,Vessel_1442,Bulk Carrier,PAN,9001441,Anchored,Arabian Sea
400001442,2026-01-02T00:02:00,11.911163,76.983698,8.7,25.7,250,Vessel_1443,Fishing,IND,9001442,Under Way,Indian Ocean
400001443,2026-01-02T00:03:00,-4.655199,69.406303,8.0,180.0,0,Vessel_1444,Fishing,MHL,9001443,Anchored,Indian Ocean
400001444,2026-01-02T00:04:00,17.911545,57.761598,4.1,75.8,222,Vessel_1445,Tanker,PAN,9001444,Anchored,Arabian Sea
400001445,2026-01-02T00:05:00,-4.603731,66.029903,6.8,242.4,246,Vessel_1446,Tanker,PAN,9001445,Anchored,Indian Ocean
400001446,2026-01-02T00:06:00,8.270858,68.646796,18.4,166.9,42,Vessel_1447,Container,IND,9001446,Moored,Arabian Sea
400001447,2026-01-02T00:07:00,18.660354,80.220041,7.0,206.3,196,Vessel_1448,Bulk Carrier,IND,9001447,Anchored,Bay of Bengal
400001448,2026-01-02T00:08:00,18.797632,76.068136,17.0,108.8,132,Vessel_1449,Tanker,MHL,9001448,Anchored,Indian Ocean
400001449,2026-01-02T00:09:00,1.184759,78.941891,7.4,192.1,186,Vessel_1450,Tanker,SGP,9001449,Anchored,Indian Ocean
400001450,2026-01-02T00:10:00,12.788323,94.812572,1.8,2.5,302,Vessel_1451,Container,SGP,9001450,Moored,Indian Ocean
400001451,2026-01-02T00:11:00,11.828863,78.199574,1.1,101.1,62,Vessel_1452,Bulk Carrier,LBR,9001451,Anchored,Indian Ocean
400001452,2026-01-02T00:12:00,22.783319,68.727753,5.6,121.1,151,Vessel_1453,Tanker,MHL,9001452,Anchored,Arabian Sea
400001453,2026-01-02T00:13:00,10.864794,63.341205,9.8,106.9,18,Vessel_1454,Fishing,IND,9001453,Anchored,Arabian Sea
400001454,2026-01-02T00:14:00,-8.901629,89.547212,5.5,30.2,48,Vessel_1455,Cargo,SGP,9001454,Moored,Indian Ocean
400001455,2026-01-02T00:15:00,12.328709,84.944532,21.4,247.3,124,Vessel_1456,Fishing,MHL,9001455,Anchored,Bay of Bengal
400001456,2026-01-02T00:16:00,6.530723,62.455907,3.2,350.7,326,Vessel_1457,Tanker,LBR,9001456,Moored,Arabian Sea
400001457,2026-01-02T00:17:00,-7.637054,97.097622,16.5,151.7,11,Vessel_1458,Cargo,PAN,9001457,Moored,Indian Ocean
400001458,2026-01-02T00:18:00,12.280547,63.171331,20.1,346.5,98,Vessel_1459,Fishing,PAN,9001458,Anchored,Indian Ocean
400001459,2026-01-02T00:19:00,5.421187,94.169746,5.4,286.8,191,Vessel_1460,Fishing,LBR,9001459,Under Way,Indian Ocean
400001460,2026-01-02T00:20:00,9.671375,92.399539,4.1,180.1,23,Vessel_1461,Fishing,LBR,9001460,Under Way,Bay of Bengal
400001461,2026-01-02T00:21:00,-1.452625,60.202042,4.6,280.8,336,Vessel_1462,Cargo,PAN,9001461,Anchored,Indian Ocean
400001462,2026-01-02T00:22:00,15.184351,97.566157,7.0,79.5,9,Vessel_1463,Container,SGP,9001462,Under Way,Bay of Bengal
400001463,2026-01-02T00:23:00,-1.365061,88.481344,18.2,211.1,325,Vessel_1464,Fishing,PAN,9001463,Moored,Indian Ocean
400001464,2026-01-02T00:24:00,13.085249,90.037828,7.5,114.8,227,Vessel_1465,Cargo,LBR,9001464,Moored,Bay of Bengal
400001465,2026-01-02T00:25:00,8.580836,92.559057,14.8,91.8,16,Vessel_1466,Fishing,IND,9001465,Moored,Bay of Bengal
400001466,2026-01-02T00:26:00,14.542538,86.215385,4.6,353.6,189,Vessel_1467,Container,PAN,9001466,Anchored,Bay of Bengal
400001467,2026-01-02T00:27:00,16.466523,80.532162,13.7,59.9,180,Vessel_1468,Fishing,LBR,9001467,Anchored,Bay of Bengal
400001468,2026-01-02T00:28:00,20.027768,60.677754,16.4,355.3,192,Vessel_1469,Fishing,SGP,9001468,Anchored,Arabian Sea
400001469,2026-01-02T00:29:00,18.464573,64.93976,8.7,75.9,56,Vessel_1470,Fishing,PAN,9001469,Under Way,Indian Ocean
400001470,2026-01-02T00:30:00,20.337493,74.687654,21.5,197.5,180,Vessel_1471,Cargo,LBR,9001470,Moored,Arabian Sea
400001471,2026-01-02T00:31:00,10.429859,86.537144,2.3,317.6,324,Vessel_1472,Container,MHL,9001471,Moored,Bay of Bengal
400001472,2026-01-02T00:32:00,1.765201,94.362264,10.9,166.5,230,Vessel_1473,Cargo,SGP,9001472,Anchored,Indian Ocean
400001473,2026-01-02T00:33:00,5.056735,94.937593,16.8,235.6,349,Vessel_1474,Tanker,LBR,9001473,Moored,Bay of Bengal
400001474,2026-01-02T00:34:00,2.542997,76.730783,4.2,10.4,114,Vessel_1475,Cargo,MHL,9001474,Moored,Indian Ocean
400001475,2026-01-02T00:35:00,19.967297,83.982727,16.1,339.4,166,Vessel_1476,Fishing,SGP,9001475,Under Way,Indian Ocean
400001476,2026-01-02T00:36:00,8.764854,87.374522,20.9,8.2,307,Vessel_1477,Bulk Carrier,MHL,9001476,Moored,Indian Ocean
400001477,2026-01-02T00:37:00,22.00618,58.227585,8.1,314.0,89,Vessel_1478,Bulk Carrier,SGP,9001477,Anchored,Arabian Sea
400001478,2026-01-02T00:38:00,10.859638,72.888913,4.6,165.6,125,Vessel_1479,Fishing,LBR,9001478,Under Way,Arabian Sea
400001479,2026-01-02T00:39:00,24.456106,65.004299,2.4,216.8,169,Vessel_1480,Cargo,SGP,9001479,Anchored,Arabian Sea
400001480,2026-01-02T00:40:00,18.874221,60.275333,0.7,243.0,266,Vessel_1481,Bulk Carrier,LBR,9001480,Under Way,Indian Ocean
400001481,2026-01-02T00:41:00,21.278772,95.900427,11.8,257.0,310,Vessel_1482,Fishing,IND,9001481,Anchored,Bay of Bengal
400001482,2026-01-02T00:42:00,19.071815,81.076153,17.9,297.4,20,Vessel_1483,Container,LBR,9001482,Moored,Bay of Bengal
400001483,2026-01-02T00:43:00,8.878046,77.601832,17.3,37.2,134,Vessel_1484,Fishing,IND,9001483,Moored,Indian Ocean
400001484,2026-01-02T00:44:00,12.32929,68.13074,3.1,87.3,247,Vessel_1485,Cargo,PAN,9001484,Under Way,Arabian Sea
400001485,2026-01-02T00:45:00,15.914605,81.333252,19.8,176.5,125,Vessel_1486,Container,PAN,9001485,Anchored,Bay of Bengal
400001486,2026-01-02T00:46:00,3.340162,91.494958,15.4,204.0,304,Vessel_1487,Tanker,SGP,9001486,Under Way,Indian Ocean
400001487,2026-01-02T00:47:00,-1.347087,68.840862,8.2,130.2,149,Vessel_1488,Container,SGP,9001487,Moored,Indian Ocean
400001488,2026-01-02T00:48:00,-0.857759,88.523153,14.8,55.4,355,Vessel_1489,Cargo,SGP,9001488,Moored,Indian Ocean
400001489,2026-01-02T00:49:00,19.60551,84.631504,5.0,305.5,298,Vessel_1490,Container,SGP,9001489,Moored,Bay of Bengal
400001490,2026-01-02T00:50:00,10.188423,69.422787,16.4,357.6,207,Vessel_1491,Bulk Carrier,MHL,9001490,Under Way,Arabian Sea
400001491,2026-01-02T00:51:00,15.945476,90.568438,11.0,187.9,193,Vessel_1492,Bulk Carrier,SGP,9001491,Moored,Bay of Bengal
400001492,2026-01-02T00:52:00,7.981585,96.148405,0.3,340.0,175,Vessel_1493,Cargo,PAN,9001492,Under Way,Bay of Bengal
400001493,2026-01-02T00:53:00,8.00177,67.172825,16.0,42.9,100,Vessel_1494,Container,LBR,9001493,Anchored,Arabian Sea
400001494,2026-01-02T00:54:00,17.381075,96.252081,18.5,303.6,268,Vessel_1495,Cargo,SGP,9001494,Anchored,Indian Ocean
400001495,2026-01-02T00:55:00,-9.014784,85.056081,20.9,182.2,138,Vessel_1496,Fishing,MHL,9001495,Moored,Indian Ocean
400001496,2026-01-02T00:56:00,16.178468,98.817489,1.2,203.4,126,Vessel_1497,Cargo,PAN,9001496,Moored,Indian Ocean
400001497,2026-01-02T00:57:00,18.793981,68.016144,5.4,247.6,233,Vessel_1498,Cargo,IND,9001497,Moored,Arabian Sea
400001498,2026-01-02T00:58:00,14.383586,81.644466,4.2,298.2,32,Vessel_1499,Cargo,MHL,9001498,Anchored,Bay of Bengal
400001499,2026-01-02T00:59:00,9.154641,59.878812,16.8,171.3,50,Vessel_1500,Fishing,IND,9001499,Anchored,Arabian Sea
400001500,2026-01-02T01:00:00,-7.808364,79.131962,9.7,170.9,51,Vessel_1501,Fishing,MHL,9001500,Under Way,Indian Ocean
400001501,2026-01-02T01:01:00,4.61692,82.773171,12.8,309.1,57,Vessel_1502,Bulk Carrier,SGP,9001501,Moored,Indian Ocean
400001502,2026-01-02T01:02:00,8.432398,78.250178,0.0,270.9,307,Vessel_1503,Container,LBR,9001502,Moored,Indian Ocean
400001503,2026-01-02T01:03:00,11.572788,64.665593,6.2,231.7,135,Vessel_1504,Fishing,SGP,9001503,Anchored,Arabian Sea
400001504,2026-01-02T01:04:00,16.523323,89.055121,13.8,40.0,93,Vessel_1505,Bulk Carrier,IND,9001504,Anchored,Bay of Bengal
400001505,2026-01-02T01:05:00,4.11519,66.525235,1.4,155.1,155,Vessel_1506,Tanker,LBR,9001505,Anchored,Indian Ocean
400001506,2026-01-02T01:06:00,10.608768,92.902307,4.3,39.0,118,Vessel_1507,Cargo,PAN,9001506,Moored,Indian Ocean
400001507,2026-01-02T01:07:00,10.44027,89.547191,2.3,107.7,312,Vessel_1508,Cargo,MHL,9001507,Moored,Bay of Bengal
400001508,2026-01-02T01:08:00,11.475309,58.838081,8.7,61.7,80,Vessel_1509,Fishing,SGP,9001508,Anchored,Arabian Sea
400001509,2026-01-02T01:09:00,19.434632,86.139625,17.4,279.9,137,Vessel_1510,Cargo,PAN,9001509,Anchored,Indian Ocean
400001510,2026-01-02T01:10:00,11.303449,85.512183,16.0,297.7,161,Vessel_1511,Bulk Carrier,PAN,9001510,Anchored,Bay of Bengal
400001511,2026-01-02T01:11:00,1.806266,76.684946,16.8,145.1,209,Vessel_1512,Container,SGP,9001511,Anchored,Indian Ocean
400001512,2026-01-02T01:12:00,5.331154,92.6781,4.6,257.3,150,Vessel_1513,Container,IND,9001512,Anchored,Bay of Bengal
400001513,2026-01-02T01:13:00,18.445639,85.862332,12.3,71.6,110,Vessel_1514,Fishing,MHL,9001513,Anchored,Bay of Bengal
400001514,2026-01-02T01:14:00,6.816188,84.376481,7.2,172.2,303,Vessel_1515,Bulk Carrier,IND,9001514,Moored,Bay of Bengal
400001515,2026-01-02T01:15:00,16.692616,96.359972,10.7,100.6,310,Vessel_1516,Fishing,LBR,9001515,Under Way,Bay of Bengal
400001516,2026-01-02T01:16:00,6.122291,61.853839,11.8,157.3,145,Vessel_1517,Tanker,LBR,9001516,Under Way,Arabian Sea
400001517,2026-01-02T01:17:00,-7.780337,99.08715,16.1,295.9,77,Vessel_1518,Fishing,PAN,9001517,Moored,Indian Ocean
400001518,2026-01-02T01:18:00,16.236728,63.765224,7.2,196.2,338,Vessel_1519,Container,MHL,9001518,Moored,Arabian Sea
400001519,2026-01-02T01:19:00,16.722692,82.528416,16.9,312.6,358,Vessel_1520,Container,PAN,9001519,Anchored,Bay of Bengal
400001520,2026-01-02T01:20:00,16.537557,67.365601,10.3,165.4,170,Vessel_1521,Cargo,PAN,9001520,Anchored,Indian Ocean
400001521,2026-01-02T01:21:00,12.429508,60.925532,2.6,147.5,202,Vessel_1522,Bulk Carrier,IND,9001521,Moored,Indian Ocean
400001522,2026-01-02T01:22:00,23.259644,65.245233,0.4,157.0,16,Vessel_1523,Fishing,PAN,9001522,Moored,Arabian Sea
400001523,2026-01-02T01:23:00,9.804989,86.007546,1.5,27.1,47,Vessel_1524,Fishing,IND,9001523,Moored,Bay of Bengal
400001524,2026-01-02T01:24:00,20.97182,71.925987,1.9,331.2,312,Vessel_1525,Cargo,IND,9001524,Moored,Arabian Sea
400001525,2026-01-02T01:25:00,18.901848,88.382873,19.6,357.0,77,Vessel_1526,Container,IND,9001525,Under Way,Bay of Bengal
400001526,2026-01-02T01:26:00,7.256713,78.161883,17.2,265.5,221,Vessel_1527,Tanker,LBR,9001526,Moored,Indian Ocean
400001527,2026-01-02T01:27:00,5.108017,94.908008,0.4,80.9,218,Vessel_1528,Cargo,PAN,9001527,Under Way,Bay of Bengal
400001528,2026-01-02T01:28:00,10.236149,73.064771,10.1,238.9,294,Vessel_1529,Container,MHL,9001528,Under Way,Indian Ocean
400001529,2026-01-02T01:29:00,20.45984,59.122883,4.0,9.4,308,Vessel_1530,Tanker,SGP,9001529,Moored,Arabian Sea
400001530,2026-01-02T01:30:00,21.22923,85.894299,6.9,82.6,106,Vessel_1531,Cargo,PAN,9001530,Under Way,Bay of Bengal
400001531,2026-01-02T01:31:00,21.847062,84.193619,20.2,277.3,13,Vessel_1532,Cargo,LBR,9001531,Under Way,Bay of Bengal
400001532,2026-01-02T01:32:00,5.432206,95.61559,18.8,74.9,25,Vessel_1533,Bulk Carrier,LBR,9001532,Anchored,Bay of Bengal
400001533,2026-01-02T01:33:00,9.112645,62.610098,17.9,33.3,89,Vessel_1534,Fishing,MHL,9001533,Moored,Arabian Sea
400001534,2026-01-02T01:34:00,-6.348887,90.264254,2.6,175.6,309,Vessel_1535,Container,PAN,9001534,Anchored,Indian Ocean
400001535,2026-01-02T01:35:00,9.206549,56.81582,11.2,171.6,260,Vessel_1536,Tanker,LBR,9001535,Under Way,Arabian Sea
400001536,2026-01-02T01:36:00,12.600583,63.400279,21.2,35.9,184,Vessel_1537,Container,IND,9001536,Anchored,Arabian Sea
400001537,2026-01-02T01:37:00,-0.979167,99.988263,1.9,231.0,199,Vessel_1538,Bulk Carrier,IND,9001537,Anchored,Indian Ocean
400001538,2026-01-02T01:38:00,9.420788,72.930837,3.1,89.4,289,Vessel_1539,Tanker,SGP,9001538,Moored,Indian Ocean
400001539,2026-01-02T01:39:00,7.804407,64.396254,0.9,214.0,107,Vessel_1540,Container,PAN,9001539,Moored,Arabian Sea
400001540,2026-01-02T01:40:00,18.995262,87.546305,3.8,186.2,77,Vessel_1541,Cargo,PAN,9001540,Under Way,Bay of Bengal
400001541,2026-01-02T01:41:00,5.599603,59.081538,8.9,134.0,135,Vessel_1542,Fishing,PAN,9001541,Under Way,Arabian Sea
400001542,2026-01-02T01:42:00,11.631641,72.776409,0.8,313.1,208,Vessel_1543,Tanker,MHL,9001542,Anchored,Arabian Sea
400001543,2026-01-02T01:43:00,11.675682,66.789609,2.2,125.2,114,Vessel_1544,Tanker,LBR,9001543,Under Way,Indian Ocean
400001544,2026-01-02T01:44:00,24.374608,64.288666,9.1,322.4,225,Vessel_1545,Cargo,MHL,9001544,Moored,Arabian Sea
400001545,2026-01-02T01:45:00,11.228618,64.38974,19.9,46.0,336,Vessel_1546,Fishing,PAN,9001545,Moored,Arabian Sea
400001546,2026-01-02T01:46:00,11.489459,79.111594,16.5,305.9,100,Vessel_1547,Cargo,SGP,9001546,Moored,Indian Ocean
400001547,2026-01-02T01:47:00,21.10895,57.851911,14.5,266.8,206,Vessel_1548,Container,MHL,9001547,Under Way,Arabian Sea
400001548,2026-01-02T01:48:00,9.524468,58.692535,14.5,118.0,236,Vessel_1549,Fishing,MHL,9001548,Moored,Arabian Sea
400001549,2026-01-02T01:49:00,19.629288,70.669035,19.8,117.7,191,Vessel_1550,Cargo,MHL,9001549,Moored,Indian Ocean
400001550,2026-01-02T01:50:00,19.958719,70.995428,13.9,285.1,93,Vessel_1551,Tanker,SGP,9001550,Moored,Arabian Sea
400001551,2026-01-02T01:51:00,21.707582,59.756587,8.7,4.2,246,Vessel_1552,Bulk Carrier,PAN,9001551,Under Way,Arabian Sea
400001552,2026-01-02T01:52:00,16.085775,98.831191,8.9,356.4,232,Vessel_1553,Fishing,PAN,9001552,Moored,Indian Ocean
400001553,2026-01-02T01:53:00,7.002925,85.027494,16.9,331.7,172,Vessel_1554,Cargo,PAN,9001553,Anchored,Bay of Bengal
400001554,2026-01-02T01:54:00,18.124132,88.213688,2.1,307.4,265,Vessel_1555,Container,IND,9001554,Anchored,Bay of Bengal
400001555,2026-01-02T01:55:00,15.918976,97.365564,2.8,81.5,234,Vessel_1556,Tanker,IND,9001555,Moored,Bay of Bengal
400001556,2026-01-02T01:56:00,-1.128597,94.93227,6.8,156.6,42,Vessel_1557,Fishing,SGP,9001556,Anchored,Indian Ocean
400001557,2026-01-02T01:57:00,-4.153661,93.600513,4.9,6.0,181,Vessel_1558,Fishing,MHL,9001557,Under Way,Indian Ocean
400001558,2026-01-02T01:58:00,15.797786,81.001809,17.6,130.2,117,Vessel_1559,Fishing,SGP,9001558,Anchored,Indian Ocean
400001559,2026-01-02T01:59:00,7.002761,58.31271,14.0,221.9,77,Vessel_1560,Fishing,MHL,9001559,Anchored,Arabian Sea
400001560,2026-01-02T02:00:00,10.568428,74.181135,20.9,106.4,267,Vessel_1561,Bulk Carrier,LBR,9001560,Anchored,Arabian Sea
400001561,2026-01-02T02:01:00,7.314038,96.88658,0.0,90.2,284,Vessel_1562,Container,SGP,9001561,Moored,Bay of Bengal
400001562,2026-01-02T02:02:00,7.819548,62.672592,16.6,50.4,246,Vessel_1563,Cargo,SGP,9001562,Anchored,Indian Ocean
400001563,2026-01-02T02:03:00,17.921692,62.819993,4.3,299.5,36,Vessel_1564,Cargo,PAN,9001563,Under Way,Arabian Sea
400001564,2026-01-02T02:04:00,7.099014,93.31379,20.8,54.5,227,Vessel_1565,Cargo,PAN,9001564,Anchored,Bay of Bengal
400001565,2026-01-02T02:05:00,17.735132,65.412406,11.5,277.0,306,Vessel_1566,Bulk Carrier,SGP,9001565,Moored,Arabian Sea
400001566,2026-01-02T02:06:00,10.079978,82.247561,16.3,163.1,36,Vessel_1567,Container,PAN,9001566,Under Way,Bay of Bengal
400001567,2026-01-02T02:07:00,19.245617,84.598143,13.8,152.9,86,Vessel_1568,Bulk Carrier,PAN,9001567,Under Way,Bay of Bengal
400001568,2026-01-02T02:08:00,-6.908495,99.904212,13.3,215.1,185,Vessel_1569,Cargo,LBR,9001568,Moored,Indian Ocean
400001569,2026-01-02T02:09:00,12.16846,91.485078,19.0,100.6,141,Vessel_1570,Container,MHL,9001569,Anchored,Bay of Bengal
400001570,2026-01-02T02:10:00,16.338634,84.522483,7.8,4.6,248,Vessel_1571,Cargo,MHL,9001570,Anchored,Bay of Bengal
400001571,2026-01-02T02:11:00,16.821689,68.31257,2.3,280.4,249,Vessel_1572,Fishing,MHL,9001571,Moored,Arabian Sea
400001572,2026-01-02T02:12:00,15.312673,95.667082,14.7,15.1,55,Vessel_1573,Fishing,IND,9001572,Moored,Bay of Bengal
400001573,2026-01-02T02:13:00,7.349467,70.280613,7.9,241.5,309,Vessel_1574,Bulk Carrier,LBR,9001573,Moored,Arabian Sea
400001574,2026-01-02T02:14:00,-8.804052,85.883539,9.7,165.4,267,Vessel_1575,Tanker,LBR,9001574,Moored,Indian Ocean
400001575,2026-01-02T02:15:00,13.328923,86.762735,0.6,203.5,12,Vessel_1576,Container,IND,9001575,Anchored,Indian Ocean
400001576,2026-01-02T02:16:00,18.632219,93.123033,18.7,91.0,349,Vessel_1577,Container,PAN,9001576,Under Way,Bay of Bengal
400001577,2026-01-02T02:17:00,12.582119,80.860384,10.1,355.8,134,Vessel_1578,Cargo,SGP,9001577,Moored,Bay of Bengal
400001578,2026-01-02T02:18:00,9.448607,89.628191,16.6,280.4,88,Vessel_1579,Bulk Carrier,IND,9001578,Anchored,Indian Ocean
400001579,2026-01-02T02:19:00,15.478846,93.317468,18.4,81.7,156,Vessel_1580,Tanker,IND,9001579,Moored,Bay of Bengal
400001580,2026-01-02T02:20:00,10.319714,88.949468,4.1,137.4,135,Vessel_1581,Bulk Carrier,PAN,9001580,Anchored,Bay of Bengal
400001581,2026-01-02T02:21:00,20.228264,93.585875,21.1,115.9,57,Vessel_1582,Cargo,MHL,9001581,Anchored,Bay of Bengal
400001582,2026-01-02T02:22:00,11.006849,82.419412,16.6,193.2,203,Vessel_1583,Fishing,IND,9001582,Under Way,Indian Ocean
400001583,2026-01-02T02:23:00,6.810844,66.959388,19.3,145.3,134,Vessel_1584,Cargo,PAN,9001583,Moored,Arabian Sea
400001584,2026-01-02T02:24:00,11.744865,96.58265,2.3,343.2,150,Vessel_1585,Fishing,MHL,9001584,Under Way,Bay of Bengal
400001585,2026-01-02T02:25:00,21.990461,87.965649,0.9,196.7,341,Vessel_1586,Container,IND,9001585,Anchored,Bay of Bengal
400001586,2026-01-02T02:26:00,21.664959,74.665246,5.4,81.1,331,Vessel_1587,Cargo,SGP,9001586,Under Way,Arabian Sea
400001587,2026-01-02T02:27:00,9.142563,80.373931,13.5,300.8,212,Vessel_1588,Fishing,MHL,9001587,Moored,Bay of Bengal
400001588,2026-01-02T02:28:00,13.246471,71.958096,12.8,225.2,198,Vessel_1589,Container,PAN,9001588,Anchored,Arabian Sea
400001589,2026-01-02T02:29:00,11.293885,96.200951,20.6,114.9,182,Vessel_1590,Tanker,SGP,9001589,Anchored,Bay of Bengal
400001590,2026-01-02T02:30:00,-2.593139,81.531017,2.8,352.2,259,Vessel_1591,Bulk Carrier,MHL,9001590,Anchored,Indian Ocean
400001591,2026-01-02T02:31:00,21.145071,67.081832,15.8,257.6,330,Vessel_1592,Fishing,SGP,9001591,Anchored,Arabian Sea
400001592,2026-01-02T02:32:00,14.762406,80.957626,13.6,178.5,223,Vessel_1593,Tanker,SGP,9001592,Under Way,Bay of Bengal
400001593,2026-01-02T02:33:00,3.454048,86.011103,19.7,171.1,75,Vessel_1594,Tanker,PAN,9001593,Under Way,Indian Ocean
400001594,2026-01-02T02:34:00,-1.717289,70.080483,19.7,9.9,306,Vessel_1595,Bulk Carrier,LBR,9001594,Moored,Indian Ocean
400001595,2026-01-02T02:35:00,24.724132,59.304083,9.9,193.3,345,Vessel_1596,Container,PAN,9001595,Under Way,Arabian Sea
400001596,2026-01-02T02:36:00,13.95249,80.318197,9.0,275.1,348,Vessel_1597,Fishing,PAN,9001596,Under Way,Indian Ocean
400001597,2026-01-02T02:37:00,-8.410872,90.178653,12.9,278.1,36,Vessel_1598,Fishing,IND,9001597,Moored,Indian Ocean
400001598,2026-01-02T02:38:00,17.416466,93.186014,5.5,215.9,91,Vessel_1599,Cargo,IND,9001598,Moored,Bay of Bengal
400001599,2026-01-02T02:39:00,17.387341,85.972222,2.1,144.9,358,Vessel_1600,Bulk Carrier,LBR,9001599,Anchored,Bay of Bengal
400001600,2026-01-02T02:40:00,4.232227,93.890622,4.0,111.7,90,Vessel_1601,Bulk Carrier,PAN,9001600,Anchored,Indian Ocean
400001601,2026-01-02T02:41:00,8.691328,63.028555,5.0,353.8,324,Vessel_1602,Tanker,PAN,9001601,Anchored,Arabian Sea
400001602,2026-01-02T02:42:00,15.477345,55.408015,13.3,352.5,30,Vessel_1603,Container,IND,9001602,Under Way,Arabian Sea
400001603,2026-01-02T02:43:00,24.271995,65.582419,0.1,138.1,14,Vessel_1604,Fishing,MHL,9001603,Anchored,Arabian Sea
400001604,2026-01-02T02:44:00,24.114234,58.769642,13.7,65.3,111,Vessel_1605,Container,IND,9001604,Moored,Arabian Sea
400001605,2026-01-02T02:45:00,16.994366,66.4797,19.6,253.6,90,Vessel_1606,Fishing,SGP,9001605,Anchored,Arabian Sea
400001606,2026-01-02T02:46:00,17.441652,73.705861,19.5,284.9,61,Vessel_1607,Container,PAN,9001606,Under Way,Arabian Sea
400001607,2026-01-02T02:47:00,16.611545,90.621914,3.7,35.8,98,Vessel_1608,Fishing,SGP,9001607,Moored,Bay of Bengal
400001608,2026-01-02T02:48:00,20.94291,96.714916,12.1,139.6,229,Vessel_1609,Tanker,MHL,9001608,Under Way,Bay of Bengal
400001609,2026-01-02T02:49:00,9.185777,82.544865,21.1,176.2,206,Vessel_1610,Tanker,PAN,9001609,Under Way,Bay of Bengal
400001610,2026-01-02T02:50:00,18.785425,96.374025,15.6,301.2,50,Vessel_1611,Fishing,IND,9001610,Moored,Bay of Bengal
400001611,2026-01-02T02:51:00,-0.383408,81.0935,12.7,191.0,201,Vessel_1612,Fishing,SGP,9001611,Anchored,Indian Ocean
400001612,2026-01-02T02:52:00,7.303086,93.743407,6.4,224.9,206,Vessel_1613,Bulk Carrier,LBR,9001612,Under Way,Bay of Bengal
400001613,2026-01-02T02:53:00,5.405181,81.877733,12.3,218.9,156,Vessel_1614,Bulk Carrier,PAN,9001613,Moored,Bay of Bengal
400001614,2026-01-02T02:54:00,-8.346534,93.250288,4.1,32.0,300,Vessel_1615,Fishing,MHL,9001614,Under Way,Indian Ocean
400001615,2026-01-02T02:55:00,-0.590391,61.918241,0.6,347.1,197,Vessel_1616,Cargo,PAN,9001615,Moored,Indian Ocean
400001616,2026-01-02T02:56:00,21.474923,68.683307,9.5,182.5,91,Vessel_1617,Fishing,PAN,9001616,Moored,Arabian Sea
400001617,2026-01-02T02:57:00,-8.658379,68.579727,10.1,66.7,113,Vessel_1618,Container,IND,9001617,Moored,Indian Ocean
400001618,2026-01-02T02:58:00,14.905504,66.422907,13.5,16.2,195,Vessel_1619,Cargo,IND,9001618,Anchored,Arabian Sea
400001619,2026-01-02T02:59:00,23.087916,68.191884,20.1,118.7,90,Vessel_1620,Bulk Carrier,SGP,9001619,Anchored,Arabian Sea
400001620,2026-01-02T03:00:00,5.760865,82.55005,5.4,240.0,216,Vessel_1621,Fishing,PAN,9001620,Under Way,Bay of Bengal
400001621,2026-01-02T03:01:00,12.099007,70.904597,15.2,149.3,211,Vessel_1622,Bulk Carrier,PAN,9001621,Under Way,Indian Ocean
400001622,2026-01-02T03:02:00,9.308233,80.187735,15.2,15.0,229,Vessel_1623,Cargo,SGP,9001622,Under Way,Bay of Bengal
400001623,2026-01-02T03:03:00,-6.568589,66.356953,17.4,23.9,274,Vessel_1624,Container,SGP,9001623,Moored,Indian Ocean
400001624,2026-01-02T03:04:00,21.240392,92.870421,15.3,102.2,146,Vessel_1625,Container,MHL,9001624,Anchored,Bay of Bengal
400001625,2026-01-02T03:05:00,20.219786,62.898125,19.5,72.6,44,Vessel_1626,Fishing,LBR,9001625,Under Way,Arabian Sea
400001626,2026-01-02T03:06:00,15.364511,55.713904,10.5,40.0,19,Vessel_1627,Bulk Carrier,SGP,9001626,Under Way,Arabian Sea
400001627,2026-01-02T03:07:00,14.192273,69.670074,13.5,157.3,73,Vessel_1628,Bulk Carrier,MHL,9001627,Under Way,Indian Ocean
400001628,2026-01-02T03:08:00,18.008468,90.671607,4.2,75.5,162,Vessel_1629,Tanker,MHL,9001628,Under Way,Indian Ocean
400001629,2026-01-02T03:09:00,11.82695,74.008288,20.3,125.7,102,Vessel_1630,Tanker,LBR,9001629,Anchored,Arabian Sea
400001630,2026-01-02T03:10:00,23.936426,65.111892,5.0,225.2,171,Vessel_1631,Bulk Carrier,IND,9001630,Anchored,Arabian Sea
400001631,2026-01-02T03:11:00,21.868446,67.033201,6.3,57.8,280,Vessel_1632,Container,IND,9001631,Under Way,Arabian Sea
400001632,2026-01-02T03:12:00,-8.04606,80.721893,0.4,258.7,164,Vessel_1633,Container,IND,9001632,Under Way,Indian Ocean
400001633,2026-01-02T03:13:00,18.686332,55.118032,0.1,21.0,198,Vessel_1634,Fishing,IND,9001633,Under Way,Arabian Sea
400001634,2026-01-02T03:14:00,-8.944143,81.823301,0.4,295.8,243,Vessel_1635,Fishing,LBR,9001634,Anchored,Indian Ocean
400001635,2026-01-02T03:15:00,8.481473,77.986848,16.5,245.2,313,Vessel_1636,Container,PAN,9001635,Moored,Indian Ocean
400001636,2026-01-02T03:16:00,13.145194,96.174382,10.0,315.7,114,Vessel_1637,Cargo,PAN,9001636,Moored,Bay of Bengal
400001637,2026-01-02T03:17:00,-4.769405,98.6948,22.0,316.6,188,Vessel_1638,Tanker,LBR,9001637,Anchored,Indian Ocean
400001638,2026-01-02T03:18:00,5.851098,63.207429,19.4,305.8,205,Vessel_1639,Cargo,PAN,9001638,Under Way,Arabian Sea
400001639,2026-01-02T03:19:00,12.159391,87.519061,16.1,159.4,198,Vessel_1640,Bulk Carrier,PAN,9001639,Anchored,Bay of Bengal
400001640,2026-01-02T03:20:00,16.311348,82.396064,11.7,88.3,97,Vessel_1641,Fishing,SGP,9001640,Moored,Bay of Bengal
400001641,2026-01-02T03:21:00,13.523773,74.536596,10.2,309.6,209,Vessel_1642,Container,PAN,9001641,Under Way,Indian Ocean
400001642,2026-01-02T03:22:00,7.402635,81.955703,14.3,107.8,319,Vessel_1643,Bulk Carrier,IND,9001642,Under Way,Bay of Bengal
400001643,2026-01-02T03:23:00,11.753663,72.798493,14.5,336.4,221,Vessel_1644,Cargo,LBR,9001643,Under Way,Arabian Sea
400001644,2026-01-02T03:24:00,-3.806402,82.695716,3.8,353.1,348,Vessel_1645,Fishing,SGP,9001644,Moored,Indian Ocean
400001645,2026-01-02T03:25:00,14.776175,94.415062,3.3,113.6,125,Vessel_1646,Cargo,LBR,9001645,Anchored,Bay of Bengal
400001646,2026-01-02T03:26:00,17.990607,84.492996,16.2,314.5,346,Vessel_1647,Tanker,IND,9001646,Under Way,Indian Ocean
400001647,2026-01-02T03:27:00,5.173374,72.244985,1.2,306.1,160,Vessel_1648,Container,SGP,9001647,Moored,Arabian Sea
400001648,2026-01-02T03:28:00,24.159132,61.151237,1.5,223.7,161,Vessel_1649,Fishing,LBR,9001648,Anchored,Arabian Sea
400001649,2026-01-02T03:29:00,16.961255,85.215339,2.2,201.7,77,Vessel_1650,Cargo,LBR,9001649,Under Way,Bay of Bengal
400001650,2026-01-02T03:30:00,17.306945,76.387196,12.4,225.7,358,Vessel_1651,Container,SGP,9001650,Under Way,Indian Ocean
400001651,2026-01-02T03:31:00,18.362055,96.367393,2.1,14.1,195,Vessel_1652,Bulk Carrier,LBR,9001651,Anchored,Indian Ocean
400001652,2026-01-02T03:32:00,20.342762,66.723507,21.7,130.1,225,Vessel_1653,Fishing,MHL,9001652,Under Way,Arabian Sea
400001653,2026-01-02T03:33:00,20.197797,97.465341,20.8,203.5,173,Vessel_1654,Tanker,PAN,9001653,Under Way,Bay of Bengal
400001654,2026-01-02T03:34:00,7.698868,61.002091,8.7,53.7,342,Vessel_1655,Cargo,PAN,9001654,Anchored,Arabian Sea
400001655,2026-01-02T03:35:00,13.783456,91.46309,7.8,353.1,253,Vessel_1656,Tanker,MHL,9001655,Moored,Indian Ocean
400001656,2026-01-02T03:36:00,21.858931,86.573888,5.6,184.3,266,Vessel_1657,Tanker,LBR,9001656,Anchored,Bay of Bengal
400001657,2026-01-02T03:37:00,6.040221,59.776079,6.7,161.2,221,Vessel_1658,Container,IND,9001657,Anchored,Arabian Sea
400001658,2026-01-02T03:38:00,19.852901,86.267735,14.5,119.5,16,Vessel_1659,Cargo,MHL,9001658,Under Way,Indian Ocean
400001659,2026-01-02T03:39:00,7.209578,72.108419,4.4,168.8,198,Vessel_1660,Tanker,PAN,9001659,Moored,Indian Ocean
400001660,2026-01-02T03:40:00,10.705794,94.456629,18.8,281.5,208,Vessel_1661,Container,SGP,9001660,Anchored,Bay of Bengal
400001661,2026-01-02T03:41:00,-2.152362,67.716137,6.2,29.9,230,Vessel_1662,Tanker,PAN,9001661,Moored,Indian Ocean
400001662,2026-01-02T03:42:00,5.460149,57.570517,16.8,87.2,90,Vessel_1663,Container,IND,9001662,Under Way,Arabian Sea
400001663,2026-01-02T03:43:00,14.043712,91.155067,19.0,3.5,6,Vessel_1664,Container,MHL,9001663,Under Way,Indian Ocean
400001664,2026-01-02T03:44:00,16.655098,74.312887,21.3,226.5,169,Vessel_1665,Tanker,MHL,9001664,Under Way,Arabian Sea
400001665,2026-01-02T03:45:00,19.082953,58.990426,16.4,29.1,46,Vessel_1666,Tanker,IND,9001665,Anchored,Arabian Sea
400001666,2026-01-02T03:46:00,-3.007728,61.999945,1.7,115.0,271,Vessel_1667,Cargo,LBR,9001666,Under Way,Indian Ocean
400001667,2026-01-02T03:47:00,19.637887,84.218313,4.1,103.4,346,Vessel_1668,Fishing,IND,9001667,Anchored,Indian Ocean
400001668,2026-01-02T03:48:00,15.151688,56.591166,21.4,94.5,277,Vessel_1669,Fishing,SGP,9001668,Moored,Arabian Sea
400001669,2026-01-02T03:49:00,19.057362,56.515595,4.1,115.4,116,Vessel_1670,Cargo,LBR,9001669,Moored,Arabian Sea
400001670,2026-01-02T03:50:00,-1.098415,76.491279,14.1,78.4,128,Vessel_1671,Container,SGP,9001670,Moored,Indian Ocean
400001671,2026-01-02T03:51:00,18.096843,74.362781,5.5,270.8,33,Vessel_1672,Tanker,IND,9001671,Anchored,Arabian Sea
400001672,2026-01-02T03:52:00,20.345789,81.087272,16.6,154.4,345,Vessel_1673,Bulk Carrier,IND,9001672,Moored,Bay of Bengal
400001673,2026-01-02T03:53:00,-7.353049,83.525545,20.2,129.8,348,Vessel_1674,Fishing,IND,9001673,Moored,Indian Ocean
400001674,2026-01-02T03:54:00,17.361532,85.743152,7.9,291.1,189,Vessel_1675,Bulk Carrier,PAN,9001674,Anchored,Bay of Bengal
400001675,2026-01-02T03:55:00,14.280587,93.409448,5.0,61.2,353,Vessel_1676,Container,LBR,9001675,Anchored,Bay of Bengal
400001676,2026-01-02T03:56:00,10.514252,94.33253,20.8,144.8,237,Vessel_1677,Bulk Carrier,SGP,9001676,Under Way,Bay of Bengal
400001677,2026-01-02T03:57:00,12.516563,76.783887,0.5,50.1,162,Vessel_1678,Bulk Carrier,SGP,9001677,Anchored,Indian Ocean
400001678,2026-01-02T03:58:00,5.237153,94.244752,14.6,62.0,303,Vessel_1679,Cargo,SGP,9001678,Under Way,Bay of Bengal
400001679,2026-01-02T03:59:00,12.825833,57.997997,7.4,7.8,200,Vessel_1680,Cargo,PAN,9001679,Moored,Arabian Sea
400001680,2026-01-02T04:00:00,8.871568,88.757626,15.9,155.4,81,Vessel_1681,Bulk Carrier,IND,9001680,Anchored,Bay of Bengal
400001681,2026-01-02T04:01:00,6.338122,61.46565,10.5,103.9,120,Vessel_1682,Fishing,LBR,9001681,Under Way,Arabian Sea
400001682,2026-01-02T04:02:00,13.338617,97.223421,13.9,121.6,159,Vessel_1683,Fishing,LBR,9001682,Moored,Bay of Bengal
400001683,2026-01-02T04:03:00,16.982316,65.592734,7.5,134.0,352,Vessel_1684,Cargo,PAN,9001683,Moored,Arabian Sea
400001684,2026-01-02T04:04:00,6.073125,88.047408,9.2,75.2,167,Vessel_1685,Cargo,PAN,9001684,Moored,Bay of Bengal
400001685,2026-01-02T04:05:00,18.375704,89.989923,12.7,118.9,99,Vessel_1686,Cargo,PAN,9001685,Moored,Bay of Bengal
400001686,2026-01-02T04:06:00,19.13407,69.157068,13.0,85.1,127,Vessel_1687,Bulk Carrier,MHL,9001686,Anchored,Indian Ocean
400001687,2026-01-02T04:07:00,11.269201,72.614563,8.5,53.3,164,Vessel_1688,Tanker,MHL,9001687,Anchored,Arabian Sea
400001688,2026-01-02T04:08:00,15.244196,96.03639,21.1,95.5,230,Vessel_1689,Bulk Carrier,SGP,9001688,Anchored,Bay of Bengal
400001689,2026-01-02T04:09:00,-5.707499,93.910911,1.3,88.5,324,Vessel_1690,Tanker,PAN,9001689,Anchored,Indian Ocean
400001690,2026-01-02T04:10:00,4.476594,65.844808,6.0,114.9,160,Vessel_1691,Fishing,MHL,9001690,Under Way,Indian Ocean
400001691,2026-01-02T04:11:00,-4.354148,96.948367,13.3,106.1,31,Vessel_1692,Cargo,MHL,9001691,Moored,Indian Ocean
400001692,2026-01-02T04:12:00,9.21985,86.76816,15.4,306.1,152,Vessel_1693,Container,SGP,9001692,Under Way,Bay of Bengal
400001693,2026-01-02T04:13:00,5.429823,91.729429,16.8,28.3,238,Vessel_1694,Cargo,LBR,9001693,Moored,Bay of Bengal
400001694,2026-01-02T04:14:00,14.439494,90.689211,16.7,38.7,140,Vessel_1695,Bulk Carrier,PAN,9001694,Under Way,Bay of Bengal
400001695,2026-01-02T04:15:00,8.196274,71.390511,12.9,115.9,8,Vessel_1696,Tanker,IND,9001695,Anchored,Indian Ocean
400001696,2026-01-02T04:16:00,4.313045,65.670114,18.3,134.6,13,Vessel_1697,Bulk Carrier,PAN,9001696,Anchored,Indian Ocean
400001697,2026-01-02T04:17:00,11.532209,71.721466,0.8,101.6,289,Vessel_1698,Fishing,IND,9001697,Moored,Arabian Sea
400001698,2026-01-02T04:18:00,19.455533,69.273282,10.9,332.8,71,Vessel_1699,Cargo,IND,9001698,Moored,Arabian Sea
400001699,2026-01-02T04:19:00,23.802456,59.700272,16.6,349.1,173,Vessel_1700,Tanker,LBR,9001699,Anchored,Arabian Sea
400001700,2026-01-02T04:20:00,14.849114,65.902228,11.5,230.4,202,Vessel_1701,Cargo,MHL,9001700,Under Way,Arabian Sea
400001701,2026-01-02T04:21:00,13.969963,57.304983,20.1,93.6,122,Vessel_1702,Tanker,MHL,9001701,Under Way,Arabian Sea
400001702,2026-01-02T04:22:00,17.858051,68.945755,10.5,15.1,119,Vessel_1703,Cargo,SGP,9001702,Moored,Arabian Sea
400001703,2026-01-02T04:23:00,10.490154,93.607335,14.7,6.9,148,Vessel_1704,Bulk Carrier,IND,9001703,Moored,Bay of Bengal
400001704,2026-01-02T04:24:00,10.913742,82.001243,0.9,211.7,106,Vessel_1705,Cargo,MHL,9001704,Anchored,Indian Ocean
400001705,2026-01-02T04:25:00,11.987631,56.612549,19.4,182.8,84,Vessel_1706,Bulk Carrier,SGP,9001705,Under Way,Arabian Sea
400001706,2026-01-02T04:26:00,-9.779502,85.107192,13.7,95.4,191,Vessel_1707,Fishing,LBR,9001706,Under Way,Indian Ocean
400001707,2026-01-02T04:27:00,20.083429,60.125565,4.3,322.4,201,Vessel_1708,Tanker,PAN,9001707,Anchored,Arabian Sea
400001708,2026-01-02T04:28:00,13.910869,74.354695,14.8,276.4,104,Vessel_1709,Cargo,IND,9001708,Under Way,Arabian Sea
400001709,2026-01-02T04:29:00,18.678809,93.370641,19.2,71.9,291,Vessel_1710,Container,SGP,9001709,Moored,Bay of Bengal
400001710,2026-01-02T04:30:00,11.135951,80.978616,13.8,203.5,129,Vessel_1711,Cargo,MHL,9001710,Under Way,Bay of Bengal
400001711,2026-01-02T04:31:00,5.210126,94.932569,18.9,74.1,198,Vessel_1712,Container,LBR,9001711,Anchored,Bay of Bengal
400001712,2026-01-02T04:32:00,12.615759,96.832758,10.6,214.2,341,Vessel_1713,Cargo,IND,9001712,Moored,Indian Ocean
400001713,2026-01-02T04:33:00,22.688247,72.053628,13.6,307.7,140,Vessel_1714,Tanker,PAN,9001713,Anchored,Arabian Sea
400001714,2026-01-02T04:34:00,17.38872,97.301751,2.1,132.1,330,Vessel_1715,Cargo,LBR,9001714,Moored,Bay of Bengal
400001715,2026-01-02T04:35:00,6.293692,87.514767,0.5,276.6,61,Vessel_1716,Container,SGP,9001715,Anchored,Bay of Bengal
400001716,2026-01-02T04:36:00,20.812138,95.972515,17.6,73.5,325,Vessel_1717,Tanker,LBR,9001716,Under Way,Bay of Bengal
400001717,2026-01-02T04:37:00,7.251735,69.496181,10.0,318.2,355,Vessel_1718,Fishing,PAN,9001717,Anchored,Arabian Sea
400001718,2026-01-02T04:38:00,19.057535,64.5945,16.1,55.0,33,Vessel_1719,Bulk Carrier,LBR,9001718,Under Way,Arabian Sea
400001719,2026-01-02T04:39:00,14.948469,71.609024,9.1,349.3,295,Vessel_1720,Tanker,IND,9001719,Anchored,Arabian Sea
400001720,2026-01-02T04:40:00,-1.552942,79.166847,17.6,8.8,139,Vessel_1721,Cargo,SGP,9001720,Moored,Indian Ocean
400001721,2026-01-02T04:41:00,18.776017,97.925074,1.0,202.2,222,Vessel_1722,Fishing,LBR,9001721,Under Way,Bay of Bengal
400001722,2026-01-02T04:42:00,15.453697,61.891781,8.0,214.7,233,Vessel_1723,Bulk Carrier,MHL,9001722,Under Way,Indian Ocean
400001723,2026-01-02T04:43:00,16.196223,86.682901,12.1,52.3,327,Vessel_1724,Container,LBR,9001723,Under Way,Bay of Bengal
400001724,2026-01-02T04:44:00,2.053376,78.699367,7.6,105.0,344,Vessel_1725,Bulk Carrier,MHL,9001724,Anchored,Indian Ocean
400001725,2026-01-02T04:45:00,21.343569,81.55602,5.6,49.4,183,Vessel_1726,Bulk Carrier,LBR,9001725,Moored,Bay of Bengal
400001726,2026-01-02T04:46:00,-5.071715,61.710229,11.1,308.6,320,Vessel_1727,Cargo,MHL,9001726,Anchored,Indian Ocean
400001727,2026-01-02T04:47:00,8.980923,89.791756,18.7,206.0,105,Vessel_1728,Bulk Carrier,IND,9001727,Anchored,Indian Ocean
400001728,2026-01-02T04:48:00,24.810079,65.879935,11.4,206.6,130,Vessel_1729,Fishing,SGP,9001728,Moored,Arabian Sea
400001729,2026-01-02T04:49:00,18.680214,70.754485,10.8,116.8,191,Vessel_1730,Fishing,LBR,9001729,Moored,Arabian Sea
400001730,2026-01-02T04:50:00,14.580827,68.762857,7.7,146.5,54,Vessel_1731,Cargo,LBR,9001730,Under Way,Indian Ocean
400001731,2026-01-02T04:51:00,16.857031,67.533245,0.0,284.9,258,Vessel_1732,Tanker,LBR,9001731,Under Way,Indian Ocean
400001732,2026-01-02T04:52:00,18.898748,61.131119,16.6,108.7,107,Vessel_1733,Fishing,IND,9001732,Under Way,Arabian Sea
400001733,2026-01-02T04:53:00,5.3244,60.915681,4.6,297.1,348,Vessel_1734,Tanker,IND,9001733,Anchored,Arabian Sea
400001734,2026-01-02T04:54:00,21.167215,87.594515,7.9,144.7,357,Vessel_1735,Fishing,PAN,9001734,Anchored,Bay of Bengal
400001735,2026-01-02T04:55:00,11.373571,85.468159,13.6,330.1,325,Vessel_1736,Fishing,MHL,9001735,Under Way,Bay of Bengal
400001736,2026-01-02T04:56:00,4.740004,61.260722,7.0,11.1,358,Vessel_1737,Bulk Carrier,LBR,9001736,Moored,Indian Ocean
400001737,2026-01-02T04:57:00,13.454033,66.742494,19.4,340.7,350,Vessel_1738,Bulk Carrier,IND,9001737,Anchored,Arabian Sea
400001738,2026-01-02T04:58:00,24.255365,70.180989,1.9,90.5,47,Vessel_1739,Tanker,SGP,9001738,Moored,Arabian Sea
400001739,2026-01-02T04:59:00,8.938965,63.760225,8.4,121.1,309,Vessel_1740,Bulk Carrier,IND,9001739,Anchored,Indian Ocean
400001740,2026-01-02T05:00:00,14.394638,92.672722,9.9,220.3,48,Vessel_1741,Tanker,SGP,9001740,Moored,Bay of Bengal
400001741,2026-01-02T05:01:00,13.425047,97.421527,9.8,180.2,237,Vessel_1742,Container,MHL,9001741,Anchored,Indian Ocean
400001742,2026-01-02T05:02:00,9.611069,61.948595,12.9,250.7,251,Vessel_1743,Cargo,LBR,9001742,Anchored,Indian Ocean
400001743,2026-01-02T05:03:00,5.79633,67.022407,9.4,246.6,39,Vessel_1744,Cargo,LBR,9001743,Anchored,Arabian Sea
400001744,2026-01-02T05:04:00,5.11385,70.514802,17.7,325.0,192,Vessel_1745,Tanker,PAN,9001744,Under Way,Arabian Sea
400001745,2026-01-02T05:05:00,11.801408,68.660663,18.6,82.1,227,Vessel_1746,Tanker,IND,9001745,Under Way,Arabian Sea
400001746,2026-01-02T05:06:00,7.63998,74.575939,13.3,8.5,254,Vessel_1747,Container,LBR,9001746,Under Way,Arabian Sea
400001747,2026-01-02T05:07:00,5.755257,87.752484,14.0,38.2,242,Vessel_1748,Tanker,PAN,9001747,Anchored,Indian Ocean
400001748,2026-01-02T05:08:00,11.061433,62.677542,1.9,315.1,340,Vessel_1749,Container,LBR,9001748,Anchored,Indian Ocean
400001749,2026-01-02T05:09:00,17.578234,96.26465,19.3,43.4,82,Vessel_1750,Tanker,MHL,9001749,Under Way,Indian Ocean
400001750,2026-01-02T05:10:00,-4.104489,86.394479,12.0,200.1,244,Vessel_1751,Tanker,SGP,9001750,Moored,Indian Ocean
400001751,2026-01-02T05:11:00,6.969447,80.715604,4.5,107.8,359,Vessel_1752,Bulk Carrier,IND,9001751,Anchored,Bay of Bengal
400001752,2026-01-02T05:12:00,15.203921,55.243308,11.5,95.5,271,Vessel_1753,Tanker,PAN,9001752,Under Way,Arabian Sea
400001753,2026-01-02T05:13:00,20.652438,95.490542,17.6,67.7,243,Vessel_1754,Bulk Carrier,LBR,9001753,Under Way,Bay of Bengal
400001754,2026-01-02T05:14:00,8.448359,66.060651,13.8,308.3,36,Vessel_1755,Cargo,SGP,9001754,Moored,Arabian Sea
400001755,2026-01-02T05:15:00,22.223709,56.35988,11.3,354.5,289,Vessel_1756,Cargo,SGP,9001755,Moored,Arabian Sea
400001756,2026-01-02T05:16:00,19.276106,86.511005,5.0,94.2,30,Vessel_1757,Bulk Carrier,IND,9001756,Anchored,Bay of Bengal
400001757,2026-01-02T05:17:00,5.470309,92.089808,20.5,140.3,310,Vessel_1758,Cargo,SGP,9001757,Anchored,Bay of Bengal
400001758,2026-01-02T05:18:00,18.481637,80.381891,8.9,313.0,325,Vessel_1759,Cargo,SGP,9001758,Moored,Indian Ocean
400001759,2026-01-02T05:19:00,-1.37117,90.923967,9.5,11.1,33,Vessel_1760,Fishing,IND,9001759,Moored,Indian Ocean
400001760,2026-01-02T05:20:00,20.458361,55.798971,6.1,100.8,332,Vessel_1761,Container,PAN,9001760,Moored,Arabian Sea
400001761,2026-01-02T05:21:00,-0.187367,72.325675,20.9,183.6,197,Vessel_1762,Fishing,MHL,9001761,Moored,Indian Ocean
400001762,2026-01-02T05:22:00,7.980256,91.432643,3.0,121.0,354,Vessel_1763,Bulk Carrier,PAN,9001762,Moored,Indian Ocean
400001763,2026-01-02T05:23:00,8.491,62.517375,13.8,335.4,147,Vessel_1764,Fishing,MHL,9001763,Under Way,Indian Ocean
400001764,2026-01-02T05:24:00,20.755937,85.834958,5.3,68.7,156,Vessel_1765,Cargo,PAN,9001764,Moored,Bay of Bengal
400001765,2026-01-02T05:25:00,2.346177,70.556406,9.3,236.6,313,Vessel_1766,Cargo,PAN,9001765,Under Way,Indian Ocean
400001766,2026-01-02T05:26:00,10.57939,88.504841,12.2,73.4,236,Vessel_1767,Fishing,MHL,9001766,Under Way,Indian Ocean
400001767,2026-01-02T05:27:00,19.491854,72.522913,14.0,73.9,324,Vessel_1768,Container,SGP,9001767,Moored,Arabian Sea
400001768,2026-01-02T05:28:00,11.374977,87.049344,15.8,334.8,235,Vessel_1769,Fishing,PAN,9001768,Under Way,Bay of Bengal
400001769,2026-01-02T05:29:00,15.301724,84.545642,21.3,291.9,201,Vessel_1770,Tanker,IND,9001769,Under Way,Bay of Bengal
400001770,2026-01-02T05:30:00,20.772697,88.18569,21.8,209.5,141,Vessel_1771,Fishing,MHL,9001770,Anchored,Bay of Bengal
400001771,2026-01-02T05:31:00,10.314024,74.631553,13.8,175.8,55,Vessel_1772,Bulk Carrier,LBR,9001771,Anchored,Arabian Sea
400001772,2026-01-02T05:32:00,7.030561,83.259885,7.9,287.7,27,Vessel_1773,Tanker,IND,9001772,Anchored,Bay of Bengal
400001773,2026-01-02T05:33:00,15.969814,60.368286,17.2,332.3,351,Vessel_1774,Bulk Carrier,SGP,9001773,Under Way,Arabian Sea
400001774,2026-01-02T05:34:00,6.99702,60.394244,7.4,224.1,141,Vessel_1775,Container,LBR,9001774,Under Way,Indian Ocean
400001775,2026-01-02T05:35:00,9.408752,67.073226,16.5,333.1,181,Vessel_1776,Cargo,SGP,9001775,Under Way,Arabian Sea
400001776,2026-01-02T05:36:00,7.5236,90.494049,3.8,346.9,196,Vessel_1777,Cargo,MHL,9001776,Moored,Indian Ocean
400001777,2026-01-02T05:37:00,24.089466,56.823555,16.3,351.3,138,Vessel_1778,Bulk Carrier,IND,9001777,Under Way,Arabian Sea
400001778,2026-01-02T05:38:00,21.907645,59.41947,10.1,59.5,88,Vessel_1779,Cargo,PAN,9001778,Under Way,Arabian Sea
400001779,2026-01-02T05:39:00,9.775415,61.169885,12.8,215.3,197,Vessel_1780,Bulk Carrier,SGP,9001779,Under Way,Arabian Sea
400001780,2026-01-02T05:40:00,21.945644,63.170692,9.8,54.0,196,Vessel_1781,Fishing,LBR,9001780,Under Way,Arabian Sea
400001781,2026-01-02T05:41:00,12.951675,68.205151,14.8,156.8,268,Vessel_1782,Container,PAN,9001781,Under Way,Indian Ocean
400001782,2026-01-02T05:42:00,13.628509,86.982212,9.7,73.8,73,Vessel_1783,Tanker,MHL,9001782,Moored,Bay of Bengal
400001783,2026-01-02T05:43:00,1.329928,91.522798,4.6,112.8,207,Vessel_1784,Container,SGP,9001783,Moored,Indian Ocean
400001784,2026-01-02T05:44:00,20.273694,86.829993,19.3,344.9,351,Vessel_1785,Fishing,SGP,9001784,Moored,Bay of Bengal
400001785,2026-01-02T05:45:00,-8.059151,88.522787,0.5,205.2,184,Vessel_1786,Bulk Carrier,IND,9001785,Anchored,Indian Ocean
400001786,2026-01-02T05:46:00,17.311034,96.365385,2.0,91.5,117,Vessel_1787,Container,PAN,9001786,Anchored,Bay of Bengal
400001787,2026-01-02T05:47:00,7.687669,83.944462,12.9,185.7,271,Vessel_1788,Cargo,IND,9001787,Anchored,Bay of Bengal
400001788,2026-01-02T05:48:00,5.815635,84.114443,15.6,57.0,315,Vessel_1789,Fishing,IND,9001788,Anchored,Bay of Bengal
400001789,2026-01-02T05:49:00,15.505077,60.102907,3.3,50.8,223,Vessel_1790,Container,SGP,9001789,Under Way,Arabian Sea
400001790,2026-01-02T05:50:00,10.297172,89.369143,5.1,33.1,26,Vessel_1791,Fishing,SGP,9001790,Anchored,Bay of Bengal
400001791,2026-01-02T05:51:00,4.107451,76.93056,3.7,6.2,100,Vessel_1792,Fishing,IND,9001791,Under Way,Indian Ocean
400001792,2026-01-02T05:52:00,10.380883,70.662872,11.7,279.7,283,Vessel_1793,Container,SGP,9001792,Under Way,Arabian Sea
400001793,2026-01-02T05:53:00,17.964503,69.825862,0.2,307.1,139,Vessel_1794,Fishing,IND,9001793,Moored,Indian Ocean
400001794,2026-01-02T05:54:00,16.845146,75.752227,3.7,168.4,67,Vessel_1795,Cargo,MHL,9001794,Anchored,Indian Ocean
400001795,2026-01-02T05:55:00,13.494724,78.496209,10.0,255.0,127,Vessel_1796,Cargo,MHL,9001795,Under Way,Indian Ocean
400001796,2026-01-02T05:56:00,24.657126,57.718085,6.3,189.9,250,Vessel_1797,Bulk Carrier,MHL,9001796,Moored,Arabian Sea
400001797,2026-01-02T05:57:00,2.116954,81.002031,21.2,338.6,181,Vessel_1798,Fishing,MHL,9001797,Moored,Indian Ocean
400001798,2026-01-02T05:58:00,2.155959,70.057193,20.6,59.9,255,Vessel_1799,Cargo,IND,9001798,Under Way,Indian Ocean
400001799,2026-01-02T05:59:00,16.995964,62.350025,6.6,217.0,211,Vessel_1800,Bulk Carrier,LBR,9001799,Anchored,Arabian Sea
400001800,2026-01-02T06:00:00,5.405889,88.769989,16.5,77.4,326,Vessel_1801,Cargo,LBR,9001800,Moored,Bay of Bengal
400001801,2026-01-02T06:01:00,-5.804647,91.750421,8.7,51.1,116,Vessel_1802,Bulk Carrier,PAN,9001801,Anchored,Indian Ocean
400001802,2026-01-02T06:02:00,12.927934,88.373685,19.4,166.3,212,Vessel_1803,Tanker,SGP,9001802,Under Way,Bay of Bengal
400001803,2026-01-02T06:03:00,17.682402,71.816723,1.2,167.0,197,Vessel_1804,Bulk Carrier,IND,9001803,Moored,Indian Ocean
400001804,2026-01-02T06:04:00,11.031165,89.226107,10.5,335.3,245,Vessel_1805,Tanker,PAN,9001804,Anchored,Bay of Bengal
400001805,2026-01-02T06:05:00,11.206835,65.134351,0.2,36.4,287,Vessel_1806,Container,IND,9001805,Under Way,Arabian Sea
400001806,2026-01-02T06:06:00,-3.439186,80.843641,0.5,144.8,313,Vessel_1807,Bulk Carrier,PAN,9001806,Moored,Indian Ocean
400001807,2026-01-02T06:07:00,9.843762,80.916494,11.4,44.3,224,Vessel_1808,Bulk Carrier,LBR,9001807,Moored,Bay of Bengal
400001808,2026-01-02T06:08:00,18.3264,65.959795,16.5,181.6,78,Vessel_1809,Bulk Carrier,PAN,9001808,Moored,Arabian Sea
400001809,2026-01-02T06:09:00,3.195844,88.901741,5.9,51.1,100,Vessel_1810,Tanker,MHL,9001809,Anchored,Indian Ocean
400001810,2026-01-02T06:10:00,11.70479,80.75405,6.7,342.3,99,Vessel_1811,Bulk Carrier,MHL,9001810,Under Way,Bay of Bengal
400001811,2026-01-02T06:11:00,18.591018,95.896999,9.4,204.0,107,Vessel_1812,Tanker,IND,9001811,Under Way,Bay of Bengal
400001812,2026-01-02T06:12:00,10.310154,64.653292,1.5,168.1,84,Vessel_1813,Bulk Carrier,IND,9001812,Under Way,Arabian Sea
400001813,2026-01-02T06:13:00,3.788188,95.976212,13.6,351.6,240,Vessel_1814,Container,MHL,9001813,Moored,Indian Ocean
400001814,2026-01-02T06:14:00,16.675109,92.575217,7.3,238.7,269,Vessel_1815,Cargo,MHL,9001814,Moored,Indian Ocean
400001815,2026-01-02T06:15:00,-1.631062,83.754013,19.7,81.2,11,Vessel_1816,Bulk Carrier,LBR,9001815,Anchored,Indian Ocean
400001816,2026-01-02T06:16:00,20.978981,85.410241,21.4,355.9,26,Vessel_1817,Fishing,PAN,9001816,Anchored,Bay of Bengal
400001817,2026-01-02T06:17:00,21.48138,66.100282,18.6,78.6,127,Vessel_1818,Bulk Carrier,SGP,9001817,Under Way,Arabian Sea
400001818,2026-01-02T06:18:00,6.266278,74.519716,16.3,150.5,169,Vessel_1819,Container,IND,9001818,Under Way,Indian Ocean
400001819,2026-01-02T06:19:00,17.461163,73.969832,14.6,278.2,29,Vessel_1820,Bulk Carrier,LBR,9001819,Anchored,Arabian Sea
400001820,2026-01-02T06:20:00,13.284458,74.567172,7.3,133.0,157,Vessel_1821,Cargo,LBR,9001820,Anchored,Arabian Sea
400001821,2026-01-02T06:21:00,15.003195,87.295719,18.7,102.8,312,Vessel_1822,Cargo,PAN,9001821,Under Way,Bay of Bengal
400001822,2026-01-02T06:22:00,-0.185713,75.073906,1.8,29.5,4,Vessel_1823,Cargo,MHL,9001822,Anchored,Indian Ocean
400001823,2026-01-02T06:23:00,20.241882,96.818737,17.5,250.4,77,Vessel_1824,Tanker,IND,9001823,Anchored,Bay of Bengal
400001824,2026-01-02T06:24:00,5.653693,60.828461,18.6,243.7,358,Vessel_1825,Container,MHL,9001824,Under Way,Arabian Sea
400001825,2026-01-02T06:25:00,8.304431,61.195348,2.2,357.7,42,Vessel_1826,Tanker,MHL,9001825,Under Way,Arabian Sea
400001826,2026-01-02T06:26:00,20.790854,72.941123,18.1,176.0,136,Vessel_1827,Fishing,PAN,9001826,Moored,Arabian Sea
400001827,2026-01-02T06:27:00,-7.849501,84.509479,3.0,166.0,133,Vessel_1828,Cargo,MHL,9001827,Under Way,Indian Ocean
400001828,2026-01-02T06:28:00,15.310221,92.402576,0.7,305.9,340,Vessel_1829,Cargo,LBR,9001828,Anchored,Bay of Bengal
400001829,2026-01-02T06:29:00,21.178978,85.515178,14.4,292.5,214,Vessel_1830,Cargo,PAN,9001829,Moored,Bay of Bengal
400001830,2026-01-02T06:30:00,8.579304,88.303162,15.5,13.2,30,Vessel_1831,Fishing,IND,9001830,Under Way,Bay of Bengal
400001831,2026-01-02T06:31:00,24.964514,57.522195,15.9,101.4,170,Vessel_1832,Container,MHL,9001831,Under Way,Arabian Sea
400001832,2026-01-02T06:32:00,4.447903,76.395223,20.5,239.9,343,Vessel_1833,Fishing,MHL,9001832,Anchored,Indian Ocean
400001833,2026-01-02T06:33:00,-3.706844,78.929131,0.7,56.2,98,Vessel_1834,Container,IND,9001833,Under Way,Indian Ocean
400001834,2026-01-02T06:34:00,21.822427,71.072548,8.6,291.7,237,Vessel_1835,Bulk Carrier,PAN,9001834,Anchored,Arabian Sea
400001835,2026-01-02T06:35:00,21.315624,69.905625,15.6,236.4,290,Vessel_1836,Cargo,IND,9001835,Under Way,Arabian Sea
400001836,2026-01-02T06:36:00,12.068618,88.764096,21.7,53.2,71,Vessel_1837,Cargo,MHL,9001836,Moored,Bay of Bengal
400001837,2026-01-02T06:37:00,21.270064,96.331524,15.9,150.0,4,Vessel_1838,Container,PAN,9001837,Moored,Bay of Bengal
400001838,2026-01-02T06:38:00,10.732057,81.882751,17.0,348.0,103,Vessel_1839,Cargo,SGP,9001838,Anchored,Bay of Bengal
400001839,2026-01-02T06:39:00,9.759969,89.461819,11.1,190.6,270,Vessel_1840,Fishing,MHL,9001839,Moored,Indian Ocean
400001840,2026-01-02T06:40:00,13.698753,73.996339,17.6,163.3,302,Vessel_1841,Fishing,PAN,9001840,Moored,Arabian Sea
400001841,2026-01-02T06:41:00,5.756732,85.986897,9.0,225.1,32,Vessel_1842,Bulk Carrier,LBR,9001841,Anchored,Bay of Bengal
400001842,2026-01-02T06:42:00,7.156929,96.923581,18.4,80.0,135,Vessel_1843,Container,IND,9001842,Under Way,Indian Ocean
400001843,2026-01-02T06:43:00,17.131413,70.165677,5.8,190.5,20,Vessel_1844,Cargo,LBR,9001843,Under Way,Indian Ocean
400001844,2026-01-02T06:44:00,5.038257,80.859748,1.7,288.4,274,Vessel_1845,Fishing,LBR,9001844,Under Way,Bay of Bengal
400001845,2026-01-02T06:45:00,16.056378,89.310004,16.9,282.9,307,Vessel_1846,Tanker,LBR,9001845,Moored,Indian Ocean
400001846,2026-01-02T06:46:00,15.6818,66.047185,17.2,307.0,199,Vessel_1847,Fishing,PAN,9001846,Under Way,Arabian Sea
400001847,2026-01-02T06:47:00,9.683076,60.568454,9.4,118.0,125,Vessel_1848,Bulk Carrier,IND,9001847,Under Way,Indian Ocean
400001848,2026-01-02T06:48:00,23.62164,69.620332,3.7,104.9,131,Vessel_1849,Bulk Carrier,SGP,9001848,Anchored,Arabian Sea
400001849,2026-01-02T06:49:00,19.583236,62.228592,16.8,103.7,277,Vessel_1850,Fishing,IND,9001849,Under Way,Arabian Sea
400001850,2026-01-02T06:50:00,22.464423,72.060606,0.1,86.0,138,Vessel_1851,Cargo,IND,9001850,Anchored,Arabian Sea
400001851,2026-01-02T06:51:00,7.064464,93.787996,17.1,167.0,62,Vessel_1852,Bulk Carrier,MHL,9001851,Anchored,Bay of Bengal
400001852,2026-01-02T06:52:00,12.125181,56.840602,3.9,289.6,279,Vessel_1853,Container,IND,9001852,Moored,Arabian Sea
400001853,2026-01-02T06:53:00,24.84246,58.245843,7.5,187.4,353,Vessel_1854,Fishing,SGP,9001853,Anchored,Arabian Sea
400001854,2026-01-02T06:54:00,0.541478,73.607231,8.6,271.7,53,Vessel_1855,Fishing,LBR,9001854,Under Way,Indian Ocean
400001855,2026-01-02T06:55:00,8.802874,67.749785,17.0,268.4,34,Vessel_1856,Cargo,LBR,9001855,Moored,Arabian Sea
400001856,2026-01-02T06:56:00,11.583685,91.565493,4.4,15.1,231,Vessel_1857,Cargo,IND,9001856,Moored,Bay of Bengal
400001857,2026-01-02T06:57:00,5.291063,91.962444,8.2,121.6,3,Vessel_1858,Container,LBR,9001857,Under Way,Bay of Bengal
400001858,2026-01-02T06:58:00,21.860448,66.89297,12.4,41.8,69,Vessel_1859,Bulk Carrier,LBR,9001858,Moored,Arabian Sea
400001859,2026-01-02T06:59:00,11.77711,73.628133,13.7,11.7,326,Vessel_1860,Container,SGP,9001859,Anchored,Indian Ocean
400001860,2026-01-02T07:00:00,14.664937,71.738053,18.9,19.7,153,Vessel_1861,Cargo,PAN,9001860,Anchored,Indian Ocean
400001861,2026-01-02T07:01:00,10.613362,71.99474,21.6,350.1,186,Vessel_1862,Tanker,LBR,9001861,Anchored,Arabian Sea
400001862,2026-01-02T07:02:00,-1.005396,60.909289,21.6,117.7,47,Vessel_1863,Cargo,MHL,9001862,Moored,Indian Ocean
400001863,2026-01-02T07:03:00,15.547097,74.501286,2.1,94.8,170,Vessel_1864,Container,IND,9001863,Under Way,Indian Ocean
400001864,2026-01-02T07:04:00,-3.630686,92.014864,5.1,99.3,281,Vessel_1865,Fishing,IND,9001864,Moored,Indian Ocean
400001865,2026-01-02T07:05:00,18.056279,94.812017,12.0,325.4,336,Vessel_1866,Container,IND,9001865,Anchored,Indian Ocean
400001866,2026-01-02T07:06:00,11.237844,72.559285,2.0,119.6,26,Vessel_1867,Cargo,IND,9001866,Under Way,Arabian Sea
400001867,2026-01-02T07:07:00,-9.879717,95.656095,0.9,290.6,207,Vessel_1868,Fishing,IND,9001867,Anchored,Indian Ocean
400001868,2026-01-02T07:08:00,16.817077,66.223809,17.5,29.4,86,Vessel_1869,Cargo,MHL,9001868,Moored,Arabian Sea
400001869,2026-01-02T07:09:00,17.616778,55.33691,4.8,254.2,86,Vessel_1870,Fishing,SGP,9001869,Anchored,Arabian Sea
400001870,2026-01-02T07:10:00,18.628224,72.501455,12.7,262.0,96,Vessel_1871,Bulk Carrier,MHL,9001870,Under Way,Arabian Sea
400001871,2026-01-02T07:11:00,13.594462,67.265159,8.5,296.2,149,Vessel_1872,Container,SGP,9001871,Anchored,Arabian Sea
400001872,2026-01-02T07:12:00,2.346291,83.133268,5.9,221.3,63,Vessel_1873,Bulk Carrier,PAN,9001872,Moored,Indian Ocean
400001873,2026-01-02T07:13:00,4.930317,99.112634,8.9,68.6,129,Vessel_1874,Cargo,MHL,9001873,Under Way,Indian Ocean
400001874,2026-01-02T07:14:00,7.406123,98.686975,5.5,255.3,118,Vessel_1875,Cargo,IND,9001874,Moored,Indian Ocean
400001875,2026-01-02T07:15:00,18.681363,57.659241,4.8,344.4,294,Vessel_1876,Tanker,SGP,9001875,Moored,Arabian Sea
400001876,2026-01-02T07:16:00,21.599414,55.275198,2.4,74.1,73,Vessel_1877,Cargo,IND,9001876,Anchored,Arabian Sea
400001877,2026-01-02T07:17:00,21.61325,86.817044,11.4,98.7,339,Vessel_1878,Cargo,SGP,9001877,Under Way,Bay of Bengal
400001878,2026-01-02T07:18:00,11.004029,95.659119,18.9,237.8,250,Vessel_1879,Bulk Carrier,PAN,9001878,Anchored,Bay of Bengal
400001879,2026-01-02T07:19:00,10.042225,63.665868,3.5,280.5,30,Vessel_1880,Bulk Carrier,MHL,9001879,Anchored,Arabian Sea
400001880,2026-01-02T07:20:00,13.268087,72.626132,3.1,100.3,218,Vessel_1881,Tanker,LBR,9001880,Moored,Arabian Sea
400001881,2026-01-02T07:21:00,16.729689,61.95686,14.2,161.3,352,Vessel_1882,Container,LBR,9001881,Anchored,Arabian Sea
400001882,2026-01-02T07:22:00,7.727791,83.970182,19.9,6.2,120,Vessel_1883,Bulk Carrier,LBR,9001882,Under Way,Bay of Bengal
400001883,2026-01-02T07:23:00,5.290931,97.35905,2.4,258.9,267,Vessel_1884,Container,IND,9001883,Anchored,Indian Ocean
400001884,2026-01-02T07:24:00,5.494416,72.408687,8.9,22.6,54,Vessel_1885,Cargo,PAN,9001884,Anchored,Indian Ocean
400001885,2026-01-02T07:25:00,20.154738,68.368939,12.2,220.3,271,Vessel_1886,Cargo,LBR,9001885,Moored,Arabian Sea
400001886,2026-01-02T07:26:00,7.981926,55.391401,16.9,276.3,214,Vessel_1887,Fishing,PAN,9001886,Under Way,Arabian Sea
400001887,2026-01-02T07:27:00,8.288125,81.952392,6.7,274.3,128,Vessel_1888,Container,MHL,9001887,Under Way,Bay of Bengal
400001888,2026-01-02T07:28:00,2.05861,93.676401,13.2,202.5,49,Vessel_1889,Bulk Carrier,LBR,9001888,Moored,Indian Ocean
400001889,2026-01-02T07:29:00,22.805141,61.494301,18.9,128.1,123,Vessel_1890,Fishing,PAN,9001889,Anchored,Arabian Sea
400001890,2026-01-02T07:30:00,13.616464,66.248706,15.2,37.0,70,Vessel_1891,Cargo,LBR,9001890,Under Way,Arabian Sea
400001891,2026-01-02T07:31:00,14.341658,65.699614,16.2,36.8,280,Vessel_1892,Bulk Carrier,SGP,9001891,Under Way,Arabian Sea
400001892,2026-01-02T07:32:00,-3.563988,74.835079,0.8,4.2,300,Vessel_1893,Bulk Carrier,IND,9001892,Anchored,Indian Ocean
400001893,2026-01-02T07:33:00,7.658787,77.993475,4.6,122.4,121,Vessel_1894,Fishing,IND,9001893,Under Way,Indian Ocean
400001894,2026-01-02T07:34:00,18.448692,89.66404,13.8,273.2,22,Vessel_1895,Bulk Carrier,PAN,9001894,Moored,Bay of Bengal
400001895,2026-01-02T07:35:00,18.14594,68.917377,0.1,302.3,110,Vessel_1896,Bulk Carrier,PAN,9001895,Under Way,Arabian Sea
400001896,2026-01-02T07:36:00,15.074009,59.586585,12.7,0.0,356,Vessel_1897,Container,PAN,9001896,Anchored,Arabian Sea
400001897,2026-01-02T07:37:00,10.87817,61.075975,2.1,225.2,10,Vessel_1898,Container,SGP,9001897,Under Way,Indian Ocean
400001898,2026-01-02T07:38:00,9.684391,55.904083,3.9,297.0,101,Vessel_1899,Cargo,PAN,9001898,Anchored,Arabian Sea
400001899,2026-01-02T07:39:00,18.233225,59.512504,3.0,42.3,104,Vessel_1900,Container,PAN,9001899,Moored,Arabian Sea
400001900,2026-01-02T07:40:00,7.616801,81.138824,19.8,170.1,3,Vessel_1901,Cargo,PAN,9001900,Under Way,Bay of Bengal
400001901,2026-01-02T07:41:00,-4.747128,93.716308,9.2,30.5,80,Vessel_1902,Cargo,IND,9001901,Under Way,Indian Ocean
400001902,2026-01-02T07:42:00,6.843475,84.126628,17.9,95.5,266,Vessel_1903,Fishing,MHL,9001902,Moored,Bay of Bengal
400001903,2026-01-02T07:43:00,19.532226,95.455528,3.5,358.0,272,Vessel_1904,Fishing,SGP,9001903,Anchored,Indian Ocean
400001904,2026-01-02T07:44:00,7.926295,95.060421,9.8,113.3,310,Vessel_1905,Cargo,IND,9001904,Under Way,Bay of Bengal
400001905,2026-01-02T07:45:00,10.024082,93.906045,10.2,32.7,297,Vessel_1906,Tanker,SGP,9001905,Under Way,Bay of Bengal
400001906,2026-01-02T07:46:00,19.740072,65.670858,18.9,201.1,202,Vessel_1907,Fishing,SGP,9001906,Under Way,Arabian Sea
400001907,2026-01-02T07:47:00,-4.606222,95.031963,17.6,86.3,25,Vessel_1908,Fishing,MHL,9001907,Moored,Indian Ocean
400001908,2026-01-02T07:48:00,9.829895,66.045546,7.5,193.0,132,Vessel_1909,Container,PAN,9001908,Moored,Arabian Sea
400001909,2026-01-02T07:49:00,21.562202,55.880371,10.8,300.8,71,Vessel_1910,Cargo,IND,9001909,Moored,Arabian Sea
400001910,2026-01-02T07:50:00,17.496801,56.428705,15.9,196.3,164,Vessel_1911,Bulk Carrier,SGP,9001910,Moored,Arabian Sea
400001911,2026-01-02T07:51:00,21.876782,86.078267,0.7,4.1,13,Vessel_1912,Tanker,IND,9001911,Under Way,Bay of Bengal
400001912,2026-01-02T07:52:00,7.803707,93.359565,14.0,29.1,352,Vessel_1913,Cargo,LBR,9001912,Under Way,Bay of Bengal
400001913,2026-01-02T07:53:00,18.322045,89.702564,8.2,282.7,309,Vessel_1914,Tanker,SGP,9001913,Anchored,Bay of Bengal
400001914,2026-01-02T07:54:00,11.443766,82.072836,20.1,231.8,149,Vessel_1915,Container,SGP,9001914,Under Way,Bay of Bengal
400001915,2026-01-02T07:55:00,14.382976,84.013932,12.7,171.2,251,Vessel_1916,Fishing,IND,9001915,Under Way,Indian Ocean
400001916,2026-01-02T07:56:00,21.48714,60.779544,13.7,15.2,194,Vessel_1917,Bulk Carrier,IND,9001916,Moored,Arabian Sea
400001917,2026-01-02T07:57:00,12.944317,80.794635,1.1,237.7,125,Vessel_1918,Bulk Carrier,PAN,9001917,Moored,Bay of Bengal
400001918,2026-01-02T07:58:00,6.507705,93.030186,6.1,53.8,193,Vessel_1919,Fishing,IND,9001918,Under Way,Bay of Bengal
400001919,2026-01-02T07:59:00,7.537642,84.849367,5.0,115.5,338,Vessel_1920,Tanker,PAN,9001919,Anchored,Bay of Bengal
400001920,2026-01-02T08:00:00,20.702798,62.506511,0.9,256.4,320,Vessel_1921,Bulk Carrier,IND,9001920,Anchored,Arabian Sea
400001921,2026-01-02T08:01:00,9.807797,67.04205,13.5,165.1,181,Vessel_1922,Tanker,MHL,9001921,Moored,Arabian Sea
400001922,2026-01-02T08:02:00,-4.457007,62.580581,5.9,16.9,62,Vessel_1923,Bulk Carrier,PAN,9001922,Moored,Indian Ocean
400001923,2026-01-02T08:03:00,22.8041,73.304699,16.2,93.9,132,Vessel_1924,Cargo,MHL,9001923,Anchored,Arabian Sea
400001924,2026-01-02T08:04:00,19.967718,84.482276,4.3,257.8,96,Vessel_1925,Fishing,IND,9001924,Anchored,Bay of Bengal
400001925,2026-01-02T08:05:00,9.117862,92.113996,3.1,143.6,347,Vessel_1926,Container,SGP,9001925,Moored,Bay of Bengal
400001926,2026-01-02T08:06:00,9.355582,86.679159,6.8,106.8,10,Vessel_1927,Cargo,LBR,9001926,Moored,Indian Ocean
400001927,2026-01-02T08:07:00,12.36513,69.504571,11.6,76.8,158,Vessel_1928,Container,IND,9001927,Anchored,Arabian Sea
400001928,2026-01-02T08:08:00,21.440738,60.832506,21.6,140.0,181,Vessel_1929,Container,PAN,9001928,Under Way,Arabian Sea
400001929,2026-01-02T08:09:00,13.065584,59.581581,14.9,122.0,349,Vessel_1930,Cargo,PAN,9001929,Under Way,Arabian Sea
400001930,2026-01-02T08:10:00,-9.302077,63.384274,8.3,147.6,143,Vessel_1931,Container,MHL,9001930,Moored,Indian Ocean
400001931,2026-01-02T08:11:00,5.15649,96.722057,17.0,262.4,188,Vessel_1932,Cargo,MHL,9001931,Moored,Indian Ocean
400001932,2026-01-02T08:12:00,5.562407,93.216625,6.1,260.5,68,Vessel_1933,Bulk Carrier,MHL,9001932,Moored,Indian Ocean
400001933,2026-01-02T08:13:00,18.473556,61.79858,6.4,229.4,149,Vessel_1934,Cargo,SGP,9001933,Under Way,Arabian Sea
400001934,2026-01-02T08:14:00,24.394638,71.478751,4.3,188.9,300,Vessel_1935,Container,IND,9001934,Anchored,Arabian Sea
400001935,2026-01-02T08:15:00,-3.343635,65.656643,2.2,34.0,307,Vessel_1936,Bulk Carrier,MHL,9001935,Anchored,Indian Ocean
400001936,2026-01-02T08:16:00,16.357896,64.951152,1.1,350.2,123,Vessel_1937,Fishing,IND,9001936,Moored,Indian Ocean
400001937,2026-01-02T08:17:00,-4.060295,68.67129,8.9,116.0,115,Vessel_1938,Tanker,LBR,9001937,Under Way,Indian Ocean
400001938,2026-01-02T08:18:00,-7.694782,63.354612,16.5,273.3,254,Vessel_1939,Container,LBR,9001938,Under Way,Indian Ocean
400001939,2026-01-02T08:19:00,21.332579,95.450812,17.1,258.6,268,Vessel_1940,Tanker,IND,9001939,Under Way,Bay of Bengal
400001940,2026-01-02T08:20:00,21.406977,74.945262,0.6,38.3,212,Vessel_1941,Tanker,MHL,9001940,Under Way,Arabian Sea
400001941,2026-01-02T08:21:00,5.716092,60.524808,15.1,119.9,326,Vessel_1942,Bulk Carrier,PAN,9001941,Moored,Indian Ocean
400001942,2026-01-02T08:22:00,18.991696,90.729298,21.1,325.9,1,Vessel_1943,Fishing,SGP,9001942,Anchored,Bay of Bengal
400001943,2026-01-02T08:23:00,15.365625,86.224266,19.5,27.4,309,Vessel_1944,Tanker,IND,9001943,Moored,Bay of Bengal
400001944,2026-01-02T08:24:00,13.156022,71.473447,11.9,81.1,203,Vessel_1945,Fishing,LBR,9001944,Anchored,Indian Ocean
400001945,2026-01-02T08:25:00,16.731142,70.130424,9.0,61.2,80,Vessel_1946,Cargo,MHL,9001945,Moored,Arabian Sea
400001946,2026-01-02T08:26:00,-5.56353,69.605695,6.1,121.2,39,Vessel_1947,Tanker,PAN,9001946,Under Way,Indian Ocean
400001947,2026-01-02T08:27:00,12.38047,89.229089,2.9,192.5,21,Vessel_1948,Container,IND,9001947,Anchored,Indian Ocean
400001948,2026-01-02T08:28:00,14.847511,62.909931,9.6,283.9,23,Vessel_1949,Fishing,IND,9001948,Under Way,Arabian Sea
400001949,2026-01-02T08:29:00,-6.136407,91.212271,0.4,15.1,98,Vessel_1950,Tanker,MHL,9001949,Under Way,Indian Ocean
400001950,2026-01-02T08:30:00,11.640026,95.921713,1.9,312.8,13,Vessel_1951,Bulk Carrier,SGP,9001950,Moored,Bay of Bengal
400001951,2026-01-02T08:31:00,6.23555,96.925566,4.7,342.1,111,Vessel_1952,Container,PAN,9001951,Anchored,Bay of Bengal
400001952,2026-01-02T08:32:00,21.347954,65.181516,4.0,205.4,248,Vessel_1953,Bulk Carrier,LBR,9001952,Moored,Arabian Sea
400001953,2026-01-02T08:33:00,17.072536,84.847147,21.6,298.5,148,Vessel_1954,Tanker,IND,9001953,Under Way,Indian Ocean
400001954,2026-01-02T08:34:00,20.238128,80.089262,11.6,160.6,99,Vessel_1955,Container,PAN,9001954,Under Way,Bay of Bengal
400001955,2026-01-02T08:35:00,19.668173,96.429037,16.2,189.8,208,Vessel_1956,Tanker,SGP,9001955,Under Way,Bay of Bengal
400001956,2026-01-02T08:36:00,1.229078,88.954293,1.2,239.5,231,Vessel_1957,Tanker,MHL,9001956,Under Way,Indian Ocean
400001957,2026-01-02T08:37:00,1.047285,82.578471,15.6,288.4,146,Vessel_1958,Fishing,SGP,9001957,Under Way,Indian Ocean
400001958,2026-01-02T08:38:00,19.860906,99.675764,12.8,59.5,306,Vessel_1959,Fishing,MHL,9001958,Moored,Indian Ocean
400001959,2026-01-02T08:39:00,18.032684,90.308875,8.3,280.2,151,Vessel_1960,Fishing,MHL,9001959,Moored,Bay of Bengal
400001960,2026-01-02T08:40:00,11.892744,87.131172,21.6,163.8,267,Vessel_1961,Container,SGP,9001960,Moored,Indian Ocean
400001961,2026-01-02T08:41:00,14.847753,91.461986,12.5,52.7,289,Vessel_1962,Tanker,PAN,9001961,Under Way,Bay of Bengal
400001962,2026-01-02T08:42:00,16.620152,82.779261,17.4,307.6,89,Vessel_1963,Cargo,IND,9001962,Under Way,Indian Ocean
400001963,2026-01-02T08:43:00,10.888633,57.825844,21.3,145.1,286,Vessel_1964,Tanker,LBR,9001963,Moored,Arabian Sea
400001964,2026-01-02T08:44:00,-9.31118,82.316342,3.4,229.8,234,Vessel_1965,Bulk Carrier,IND,9001964,Moored,Indian Ocean
400001965,2026-01-02T08:45:00,7.956549,83.886323,12.4,357.1,116,Vessel_1966,Fishing,MHL,9001965,Under Way,Bay of Bengal
400001966,2026-01-02T08:46:00,16.392492,90.843202,8.0,87.6,266,Vessel_1967,Cargo,MHL,9001966,Under Way,Bay of Bengal
400001967,2026-01-02T08:47:00,19.076231,96.150514,21.1,318.5,60,Vessel_1968,Cargo,MHL,9001967,Moored,Bay of Bengal
400001968,2026-01-02T08:48:00,10.802775,89.88654,18.7,52.9,302,Vessel_1969,Container,MHL,9001968,Moored,Bay of Bengal
400001969,2026-01-02T08:49:00,13.682911,60.320771,17.2,137.3,193,Vessel_1970,Container,LBR,9001969,Moored,Arabian Sea
400001970,2026-01-02T08:50:00,23.469228,59.332642,12.4,290.3,50,Vessel_1971,Cargo,SGP,9001970,Moored,Arabian Sea
400001971,2026-01-02T08:51:00,14.715619,97.648534,16.5,90.4,98,Vessel_1972,Container,LBR,9001971,Moored,Bay of Bengal
400001972,2026-01-02T08:52:00,9.812016,70.925671,6.8,182.7,320,Vessel_1973,Tanker,IND,9001972,Under Way,Arabian Sea
400001973,2026-01-02T08:53:00,17.789658,80.017607,14.7,184.5,307,Vessel_1974,Bulk Carrier,LBR,9001973,Under Way,Bay of Bengal
400001974,2026-01-02T08:54:00,7.335679,74.593011,8.5,72.5,41,Vessel_1975,Cargo,MHL,9001974,Anchored,Arabian Sea
400001975,2026-01-02T08:55:00,5.958323,56.324449,11.6,219.7,142,Vessel_1976,Tanker,PAN,9001975,Moored,Arabian Sea
400001976,2026-01-02T08:56:00,-7.805116,89.509214,1.2,146.4,90,Vessel_1977,Fishing,SGP,9001976,Moored,Indian Ocean
400001977,2026-01-02T08:57:00,15.915245,91.285598,1.1,132.2,326,Vessel_1978,Container,PAN,9001977,Under Way,Bay of Bengal
400001978,2026-01-02T08:58:00,12.491042,90.779043,8.6,20.9,229,Vessel_1979,Cargo,LBR,9001978,Anchored,Bay of Bengal
400001979,2026-01-02T08:59:00,-6.099137,65.487724,0.4,286.7,251,Vessel_1980,Bulk Carrier,LBR,9001979,Under Way,Indian Ocean
400001980,2026-01-02T09:00:00,16.308427,73.649703,1.5,279.2,11,Vessel_1981,Bulk Carrier,MHL,9001980,Moored,Arabian Sea
400001981,2026-01-02T09:01:00,-2.116028,98.811879,4.4,162.9,45,Vessel_1982,Cargo,PAN,9001981,Anchored,Indian Ocean
400001982,2026-01-02T09:02:00,17.918331,68.104743,20.1,144.1,239,Vessel_1983,Fishing,IND,9001982,Anchored,Indian Ocean
400001983,2026-01-02T09:03:00,9.098341,74.922217,20.0,243.4,40,Vessel_1984,Fishing,SGP,9001983,Under Way,Arabian Sea
400001984,2026-01-02T09:04:00,6.91454,93.506078,5.2,184.3,342,Vessel_1985,Container,SGP,9001984,Anchored,Bay of Bengal
400001985,2026-01-02T09:05:00,14.283917,97.575796,8.3,68.3,229,Vessel_1986,Tanker,MHL,9001985,Anchored,Bay of Bengal
400001986,2026-01-02T09:06:00,9.498177,80.885316,21.1,310.4,165,Vessel_1987,Tanker,SGP,9001986,Anchored,Bay of Bengal
400001987,2026-01-02T09:07:00,13.674567,97.515414,2.1,98.9,27,Vessel_1988,Cargo,LBR,9001987,Under Way,Bay of Bengal
400001988,2026-01-02T09:08:00,-2.496222,64.064618,10.3,38.9,72,Vessel_1989,Bulk Carrier,LBR,9001988,Moored,Indian Ocean
400001989,2026-01-02T09:09:00,-4.890454,67.465933,0.3,58.0,47,Vessel_1990,Bulk Carrier,MHL,9001989,Moored,Indian Ocean
400001990,2026-01-02T09:10:00,7.046759,58.867708,11.4,349.6,87,Vessel_1991,Fishing,MHL,9001990,Anchored,Arabian Sea
400001991,2026-01-02T09:11:00,14.892422,91.375782,15.1,157.2,218,Vessel_1992,Cargo,MHL,9001991,Under Way,Indian Ocean
400001992,2026-01-02T09:12:00,21.961521,58.544332,15.0,114.3,14,Vessel_1993,Container,SGP,9001992,Moored,Arabian Sea
400001993,2026-01-02T09:13:00,21.316046,80.412536,17.3,211.3,325,Vessel_1994,Bulk Carrier,LBR,9001993,Moored,Bay of Bengal
400001994,2026-01-02T09:14:00,14.071474,69.002231,8.9,336.8,120,Vessel_1995,Bulk Carrier,MHL,9001994,Under Way,Arabian Sea
400001995,2026-01-02T09:15:00,12.301726,55.045029,11.9,30.3,87,Vessel_1996,Cargo,SGP,9001995,Moored,Arabian Sea
400001996,2026-01-02T09:16:00,10.57414,82.865909,21.8,243.7,337,Vessel_1997,Container,IND,9001996,Anchored,Bay of Bengal
400001997,2026-01-02T09:17:00,19.666201,97.48235,15.1,145.4,76,Vessel_1998,Tanker,MHL,9001997,Moored,Indian Ocean
400001998,2026-01-02T09:18:00,6.455066,66.412365,7.2,142.9,233,Vessel_1999,Fishing,IND,9001998,Moored,Arabian Sea
400001999,2026-01-02T09:19:00,6.027785,87.27448,5.2,223.8,277,Vessel_2000,Container,MHL,9001999,Under Way,Indian Ocean
400002000,2026-01-02T09:20:00,7.537482,73.37172,18.7,286.6,309,Vessel_2001,Cargo,MHL,9002000,Anchored,Arabian Sea
400002001,2026-01-02T09:21:00,7.946687,87.656257,11.2,104.8,66,Vessel_2002,Container,MHL,9002001,Anchored,Indian Ocean
400002002,2026-01-02T09:22:00,8.291899,82.141635,1.5,30.2,177,Vessel_2003,Bulk Carrier,MHL,9002002,Moored,Indian Ocean
400002003,2026-01-02T09:23:00,21.36131,93.521139,0.8,235.1,46,Vessel_2004,Container,SGP,9002003,Under Way,Bay of Bengal
400002004,2026-01-02T09:24:00,2.0496,75.619847,4.3,276.1,336,Vessel_2005,Cargo,IND,9002004,Moored,Indian Ocean
400002005,2026-01-02T09:25:00,9.673301,94.044463,21.2,22.8,321,Vessel_2006,Bulk Carrier,LBR,9002005,Moored,Bay of Bengal
400002006,2026-01-02T09:26:00,4.774135,81.679071,18.9,206.3,223,Vessel_2007,Fishing,LBR,9002006,Moored,Indian Ocean
400002007,2026-01-02T09:27:00,21.7409,57.58975,11.4,70.4,19,Vessel_2008,Fishing,PAN,9002007,Moored,Arabian Sea
400002008,2026-01-02T09:28:00,-9.980361,85.741978,15.0,284.5,188,Vessel_2009,Tanker,PAN,9002008,Under Way,Indian Ocean
400002009,2026-01-02T09:29:00,16.841502,74.414291,21.9,136.8,317,Vessel_2010,Container,LBR,9002009,Moored,Indian Ocean
400002010,2026-01-02T09:30:00,5.612683,57.49651,6.2,194.5,175,Vessel_2011,Container,PAN,9002010,Anchored,Arabian Sea
400002011,2026-01-02T09:31:00,23.684617,62.863467,13.1,70.4,180,Vessel_2012,Fishing,PAN,9002011,Under Way,Arabian Sea
400002012,2026-01-02T09:32:00,-2.601256,98.065594,15.0,265.4,137,Vessel_2013,Bulk Carrier,SGP,9002012,Under Way,Indian Ocean
400002013,2026-01-02T09:33:00,18.814241,96.950847,20.6,122.1,84,Vessel_2014,Container,IND,9002013,Moored,Indian Ocean
400002014,2026-01-02T09:34:00,17.479914,67.464072,16.8,259.3,247,Vessel_2015,Cargo,PAN,9002014,Anchored,Indian Ocean
400002015,2026-01-02T09:35:00,24.37256,58.437144,20.8,79.6,355,Vessel_2016,Cargo,PAN,9002015,Moored,Arabian Sea
400002016,2026-01-02T09:36:00,13.450477,74.802075,4.9,355.9,258,Vessel_2017,Tanker,MHL,9002016,Moored,Indian Ocean
400002017,2026-01-02T09:37:00,11.276934,80.461867,14.2,186.3,197,Vessel_2018,Fishing,PAN,9002017,Under Way,Bay of Bengal
400002018,2026-01-02T09:38:00,-0.386758,79.510735,15.0,296.1,114,Vessel_2019,Tanker,SGP,9002018,Anchored,Indian Ocean
400002019,2026-01-02T09:39:00,8.695409,95.110003,19.7,295.9,38,Vessel_2020,Tanker,LBR,9002019,Moored,Indian Ocean
400002020,2026-01-02T09:40:00,7.801853,83.584661,18.3,119.8,120,Vessel_2021,Container,IND,9002020,Under Way,Bay of Bengal
400002021,2026-01-02T09:41:00,8.57316,85.536449,7.2,162.9,167,Vessel_2022,Container,SGP,9002021,Under Way,Bay of Bengal
400002022,2026-01-02T09:42:00,19.578649,62.322202,19.5,293.5,243,Vessel_2023,Fishing,IND,9002022,Under Way,Arabian Sea
400002023,2026-01-02T09:43:00,12.604557,85.711764,0.4,222.9,76,Vessel_2024,Tanker,PAN,9002023,Under Way,Bay of Bengal
400002024,2026-01-02T09:44:00,20.526674,58.546495,8.4,190.0,62,Vessel_2025,Fishing,MHL,9002024,Anchored,Arabian Sea
400002025,2026-01-02T09:45:00,-8.19573,89.300071,2.9,171.6,139,Vessel_2026,Container,SGP,9002025,Under Way,Indian Ocean
400002026,2026-01-02T09:46:00,5.803493,94.258136,7.7,58.4,70,Vessel_2027,Container,MHL,9002026,Anchored,Indian Ocean
400002027,2026-01-02T09:47:00,5.992276,85.840193,17.0,181.8,230,Vessel_2028,Fishing,LBR,9002027,Anchored,Bay of Bengal
400002028,2026-01-02T09:48:00,19.664076,82.487943,15.5,183.2,342,Vessel_2029,Container,MHL,9002028,Moored,Bay of Bengal
400002029,2026-01-02T09:49:00,17.459093,87.595363,8.0,311.2,314,Vessel_2030,Container,SGP,9002029,Moored,Bay of Bengal
400002030,2026-01-02T09:50:00,11.090834,67.287651,2.6,29.8,354,Vessel_2031,Bulk Carrier,PAN,9002030,Under Way,Arabian Sea
400002031,2026-01-02T09:51:00,23.65149,55.125151,0.9,56.0,157,Vessel_2032,Container,SGP,9002031,Moored,Arabian Sea
400002032,2026-01-02T09:52:00,16.352232,62.909927,5.2,230.7,59,Vessel_2033,Container,PAN,9002032,Under Way,Indian Ocean
400002033,2026-01-02T09:53:00,5.111394,61.798595,0.7,73.3,324,Vessel_2034,Bulk Carrier,MHL,9002033,Moored,Arabian Sea
400002034,2026-01-02T09:54:00,18.639899,60.67819,6.3,186.6,315,Vessel_2035,Bulk Carrier,LBR,9002034,Moored,Arabian Sea
400002035,2026-01-02T09:55:00,19.853013,79.625176,11.0,305.3,113,Vessel_2036,Bulk Carrier,LBR,9002035,Moored,Indian Ocean
400002036,2026-01-02T09:56:00,17.229133,85.268027,9.1,268.1,66,Vessel_2037,Container,MHL,9002036,Moored,Bay of Bengal
400002037,2026-01-02T09:57:00,-4.968732,74.753374,4.6,344.2,269,Vessel_2038,Cargo,SGP,9002037,Moored,Indian Ocean
400002038,2026-01-02T09:58:00,14.231875,64.234448,2.9,300.2,64,Vessel_2039,Cargo,MHL,9002038,Under Way,Indian Ocean
400002039,2026-01-02T09:59:00,-9.787471,72.194778,2.0,135.4,4,Vessel_2040,Tanker,MHL,9002039,Under Way,Indian Ocean
400002040,2026-01-02T10:00:00,9.460636,82.882714,15.8,166.3,12,Vessel_2041,Fishing,SGP,9002040,Anchored,Bay of Bengal
400002041,2026-01-02T10:01:00,13.817582,81.567654,10.0,282.5,179,Vessel_2042,Bulk Carrier,LBR,9002041,Anchored,Bay of Bengal
400002042,2026-01-02T10:02:00,17.696052,86.537373,13.8,173.7,194,Vessel_2043,Cargo,MHL,9002042,Under Way,Bay of Bengal
400002043,2026-01-02T10:03:00,7.421578,81.624213,18.0,306.9,232,Vessel_2044,Bulk Carrier,MHL,9002043,Under Way,Bay of Bengal
400002044,2026-01-02T10:04:00,-6.932502,62.123858,19.1,257.9,61,Vessel_2045,Bulk Carrier,SGP,9002044,Under Way,Indian Ocean
400002045,2026-01-02T10:05:00,16.687208,83.569781,17.3,261.5,289,Vessel_2046,Fishing,SGP,9002045,Under Way,Bay of Bengal
400002046,2026-01-02T10:06:00,8.090417,82.79345,21.0,326.6,109,Vessel_2047,Bulk Carrier,SGP,9002046,Under Way,Bay of Bengal
400002047,2026-01-02T10:07:00,2.813002,73.078188,18.8,27.1,155,Vessel_2048,Cargo,MHL,9002047,Moored,Indian Ocean
400002048,2026-01-02T10:08:00,9.729094,58.331277,14.4,252.2,125,Vessel_2049,Fishing,MHL,9002048,Under Way,Arabian Sea
400002049,2026-01-02T10:09:00,14.45105,85.545105,9.2,175.6,330,Vessel_2050,Bulk Carrier,LBR,9002049,Under Way,Bay of Bengal
400002050,2026-01-02T10:10:00,21.164837,60.796856,20.7,205.0,133,Vessel_2051,Container,MHL,9002050,Anchored,Arabian Sea
400002051,2026-01-02T10:11:00,11.464727,64.659156,19.7,216.7,298,Vessel_2052,Bulk Carrier,IND,9002051,Under Way,Indian Ocean
400002052,2026-01-02T10:12:00,-4.770083,62.795299,1.2,88.5,305,Vessel_2053,Bulk Carrier,MHL,9002052,Anchored,Indian Ocean
400002053,2026-01-02T10:13:00,-6.624607,79.6131,19.7,117.3,296,Vessel_2054,Fishing,MHL,9002053,Under Way,Indian Ocean
400002054,2026-01-02T10:14:00,7.984792,71.246415,16.6,35.4,186,Vessel_2055,Bulk Carrier,IND,9002054,Moored,Arabian Sea
400002055,2026-01-02T10:15:00,8.465327,72.66743,5.8,199.0,310,Vessel_2056,Bulk Carrier,MHL,9002055,Moored,Arabian Sea
400002056,2026-01-02T10:16:00,15.908691,77.534798,15.0,248.9,190,Vessel_2057,Fishing,PAN,9002056,Under Way,Indian Ocean
400002057,2026-01-02T10:17:00,17.748543,62.886915,1.3,300.8,20,Vessel_2058,Cargo,IND,9002057,Anchored,Arabian Sea
400002058,2026-01-02T10:18:00,9.016885,86.98132,1.8,205.6,293,Vessel_2059,Container,IND,9002058,Anchored,Bay of Bengal
400002059,2026-01-02T10:19:00,11.937749,72.436505,21.0,313.1,292,Vessel_2060,Tanker,IND,9002059,Under Way,Arabian Sea
400002060,2026-01-02T10:20:00,7.315653,91.168821,16.1,210.7,178,Vessel_2061,Tanker,IND,9002060,Anchored,Indian Ocean
400002061,2026-01-02T10:21:00,14.559375,68.075094,16.2,69.2,313,Vessel_2062,Cargo,IND,9002061,Moored,Arabian Sea
400002062,2026-01-02T10:22:00,21.867033,81.487661,15.1,179.5,311,Vessel_2063,Tanker,SGP,9002062,Anchored,Bay of Bengal
400002063,2026-01-02T10:23:00,17.665814,69.635109,2.5,56.5,351,Vessel_2064,Bulk Carrier,LBR,9002063,Anchored,Arabian Sea
400002064,2026-01-02T10:24:00,-5.810949,64.606637,17.0,241.8,59,Vessel_2065,Tanker,LBR,9002064,Anchored,Indian Ocean
400002065,2026-01-02T10:25:00,7.59005,58.61414,2.7,259.1,228,Vessel_2066,Cargo,PAN,9002065,Moored,Arabian Sea
400002066,2026-01-02T10:26:00,17.76592,90.39808,20.5,71.1,318,Vessel_2067,Cargo,IND,9002066,Anchored,Indian Ocean
400002067,2026-01-02T10:27:00,-4.226663,75.211344,4.6,4.8,91,Vessel_2068,Bulk Carrier,PAN,9002067,Moored,Indian Ocean
400002068,2026-01-02T10:28:00,7.992635,70.70002,3.9,32.3,11,Vessel_2069,Fishing,LBR,9002068,Moored,Arabian Sea
400002069,2026-01-02T10:29:00,-5.781664,73.486225,0.2,238.7,68,Vessel_2070,Cargo,MHL,9002069,Anchored,Indian Ocean
400002070,2026-01-02T10:30:00,7.189726,95.119845,13.0,251.5,187,Vessel_2071,Container,LBR,9002070,Under Way,Bay of Bengal
400002071,2026-01-02T10:31:00,12.079497,60.049443,20.5,256.9,291,Vessel_2072,Fishing,PAN,9002071,Under Way,Indian Ocean
400002072,2026-01-02T10:32:00,7.503766,92.939746,17.1,82.2,232,Vessel_2073,Tanker,SGP,9002072,Anchored,Indian Ocean
400002073,2026-01-02T10:33:00,13.477242,62.180321,7.2,131.6,157,Vessel_2074,Cargo,SGP,9002073,Under Way,Arabian Sea
400002074,2026-01-02T10:34:00,21.005715,95.985841,17.1,9.2,246,Vessel_2075,Tanker,LBR,9002074,Under Way,Bay of Bengal
400002075,2026-01-02T10:35:00,15.44227,88.627589,12.3,99.8,85,Vessel_2076,Fishing,MHL,9002075,Under Way,Bay of Bengal
400002076,2026-01-02T10:36:00,17.220297,97.351892,9.5,309.4,11,Vessel_2077,Bulk Carrier,SGP,9002076,Under Way,Bay of Bengal
400002077,2026-01-02T10:37:00,22.200218,65.620944,20.8,38.4,163,Vessel_2078,Container,SGP,9002077,Moored,Arabian Sea
400002078,2026-01-02T10:38:00,9.261229,68.873476,15.6,102.5,127,Vessel_2079,Tanker,IND,9002078,Under Way,Indian Ocean
400002079,2026-01-02T10:39:00,0.895603,96.203851,21.0,202.6,327,Vessel_2080,Bulk Carrier,PAN,9002079,Anchored,Indian Ocean
400002080,2026-01-02T10:40:00,15.589409,86.675984,13.0,279.4,178,Vessel_2081,Container,PAN,9002080,Anchored,Bay of Bengal
400002081,2026-01-02T10:41:00,23.915403,60.025624,18.5,49.1,128,Vessel_2082,Bulk Carrier,LBR,9002081,Under Way,Arabian Sea
400002082,2026-01-02T10:42:00,5.882472,56.18797,2.6,281.3,62,Vessel_2083,Tanker,SGP,9002082,Under Way,Arabian Sea
400002083,2026-01-02T10:43:00,13.775898,82.153734,2.2,143.1,46,Vessel_2084,Bulk Carrier,SGP,9002083,Anchored,Indian Ocean
400002084,2026-01-02T10:44:00,-8.721297,60.525161,2.1,260.9,187,Vessel_2085,Bulk Carrier,IND,9002084,Under Way,Indian Ocean
400002085,2026-01-02T10:45:00,-9.085538,88.791705,21.4,252.8,237,Vessel_2086,Tanker,SGP,9002085,Moored,Indian Ocean
400002086,2026-01-02T10:46:00,13.171737,57.033329,1.2,255.8,170,Vessel_2087,Tanker,IND,9002086,Anchored,Arabian Sea
400002087,2026-01-02T10:47:00,21.489478,97.169975,10.8,71.6,205,Vessel_2088,Cargo,IND,9002087,Moored,Bay of Bengal
400002088,2026-01-02T10:48:00,5.495803,66.302624,4.0,190.9,270,Vessel_2089,Container,LBR,9002088,Anchored,Arabian Sea
400002089,2026-01-02T10:49:00,2.884547,70.150426,0.7,43.3,2,Vessel_2090,Container,SGP,9002089,Moored,Indian Ocean
400002090,2026-01-02T10:50:00,17.139254,58.131689,17.8,337.0,130,Vessel_2091,Bulk Carrier,LBR,9002090,Anchored,Arabian Sea
400002091,2026-01-02T10:51:00,6.578668,66.702944,11.5,298.2,358,Vessel_2092,Bulk Carrier,IND,9002091,Under Way,Arabian Sea
400002092,2026-01-02T10:52:00,24.596456,63.059687,9.4,111.5,169,Vessel_2093,Fishing,IND,9002092,Under Way,Arabian Sea
400002093,2026-01-02T10:53:00,6.011551,66.770286,14.7,44.6,129,Vessel_2094,Tanker,IND,9002093,Moored,Arabian Sea
400002094,2026-01-02T10:54:00,-2.119174,69.438079,16.9,198.2,288,Vessel_2095,Container,MHL,9002094,Under Way,Indian Ocean
400002095,2026-01-02T10:55:00,9.237939,97.95473,1.4,281.6,21,Vessel_2096,Container,MHL,9002095,Moored,Bay of Bengal
400002096,2026-01-02T10:56:00,-8.863066,83.585829,14.2,214.7,254,Vessel_2097,Bulk Carrier,MHL,9002096,Moored,Indian Ocean
400002097,2026-01-02T10:57:00,15.860987,91.664484,4.4,211.9,350,Vessel_2098,Tanker,LBR,9002097,Anchored,Bay of Bengal
400002098,2026-01-02T10:58:00,6.69626,71.704641,9.0,137.1,50,Vessel_2099,Cargo,SGP,9002098,Anchored,Indian Ocean
400002099,2026-01-02T10:59:00,21.193288,88.730385,12.6,89.1,89,Vessel_2100,Container,LBR,9002099,Under Way,Bay of Bengal
400002100,2026-01-02T11:00:00,19.739359,74.340817,14.7,213.6,298,Vessel_2101,Fishing,IND,9002100,Moored,Arabian Sea
400002101,2026-01-02T11:01:00,18.719228,81.205921,18.1,94.8,220,Vessel_2102,Cargo,IND,9002101,Under Way,Bay of Bengal
400002102,2026-01-02T11:02:00,5.866674,88.293352,19.9,303.1,54,Vessel_2103,Tanker,LBR,9002102,Under Way,Bay of Bengal
400002103,2026-01-02T11:03:00,18.215119,68.185277,13.9,237.1,132,Vessel_2104,Tanker,MHL,9002103,Under Way,Arabian Sea
400002104,2026-01-02T11:04:00,12.38754,69.03634,13.5,184.2,258,Vessel_2105,Fishing,LBR,9002104,Under Way,Arabian Sea
400002105,2026-01-02T11:05:00,6.670016,63.889136,0.5,300.2,257,Vessel_2106,Fishing,PAN,9002105,Moored,Arabian Sea
400002106,2026-01-02T11:06:00,-9.083926,92.813942,1.6,196.2,204,Vessel_2107,Container,PAN,9002106,Moored,Indian Ocean
400002107,2026-01-02T11:07:00,8.214326,57.404858,20.8,317.2,267,Vessel_2108,Fishing,SGP,9002107,Moored,Arabian Sea
400002108,2026-01-02T11:08:00,21.532826,86.728387,20.5,193.5,31,Vessel_2109,Tanker,PAN,9002108,Moored,Bay of Bengal
400002109,2026-01-02T11:09:00,13.375752,61.403963,14.7,297.5,92,Vessel_2110,Cargo,LBR,9002109,Moored,Arabian Sea
400002110,2026-01-02T11:10:00,10.991113,63.06459,16.8,239.8,80,Vessel_2111,Fishing,LBR,9002110,Moored,Arabian Sea
400002111,2026-01-02T11:11:00,-1.887517,66.613977,14.7,200.9,258,Vessel_2112,Cargo,LBR,9002111,Moored,Indian Ocean
400002112,2026-01-02T11:12:00,14.836132,97.982867,20.5,171.3,325,Vessel_2113,Tanker,PAN,9002112,Under Way,Bay of Bengal
400002113,2026-01-02T11:13:00,0.639237,88.53528,5.7,283.8,297,Vessel_2114,Bulk Carrier,IND,9002113,Anchored,Indian Ocean
400002114,2026-01-02T11:14:00,5.74836,96.192566,14.1,63.6,145,Vessel_2115,Fishing,MHL,9002114,Under Way,Bay of Bengal
400002115,2026-01-02T11:15:00,17.28871,86.372766,17.1,165.2,337,Vessel_2116,Bulk Carrier,SGP,9002115,Anchored,Bay of Bengal
400002116,2026-01-02T11:16:00,-8.644973,84.189872,9.3,229.6,312,Vessel_2117,Bulk Carrier,LBR,9002116,Moored,Indian Ocean
400002117,2026-01-02T11:17:00,19.407099,73.71113,9.4,95.4,261,Vessel_2118,Container,SGP,9002117,Under Way,Arabian Sea
400002118,2026-01-02T11:18:00,5.197459,90.094997,2.2,51.1,182,Vessel_2119,Fishing,SGP,9002118,Moored,Bay of Bengal
400002119,2026-01-02T11:19:00,9.678693,89.840814,0.0,347.4,113,Vessel_2120,Container,MHL,9002119,Anchored,Bay of Bengal
400002120,2026-01-02T11:20:00,10.900635,69.118082,0.9,156.5,132,Vessel_2121,Bulk Carrier,LBR,9002120,Under Way,Indian Ocean
400002121,2026-01-02T11:21:00,3.35523,83.03001,9.3,223.7,32,Vessel_2122,Tanker,PAN,9002121,Under Way,Indian Ocean
400002122,2026-01-02T11:22:00,24.974216,57.258924,19.7,356.9,127,Vessel_2123,Container,MHL,9002122,Moored,Arabian Sea
400002123,2026-01-02T11:23:00,24.97158,72.462656,15.7,38.8,109,Vessel_2124,Bulk Carrier,LBR,9002123,Under Way,Arabian Sea
400002124,2026-01-02T11:24:00,8.171866,84.475257,20.2,115.3,261,Vessel_2125,Tanker,LBR,9002124,Anchored,Bay of Bengal
400002125,2026-01-02T11:25:00,-9.342074,66.622934,19.9,100.0,154,Vessel_2126,Bulk Carrier,SGP,9002125,Anchored,Indian Ocean
400002126,2026-01-02T11:26:00,17.325592,63.578354,14.3,313.4,356,Vessel_2127,Container,PAN,9002126,Under Way,Arabian Sea
400002127,2026-01-02T11:27:00,2.491726,93.805118,10.3,265.8,33,Vessel_2128,Fishing,SGP,9002127,Moored,Indian Ocean
400002128,2026-01-02T11:28:00,15.107302,90.318222,12.0,15.0,277,Vessel_2129,Tanker,LBR,9002128,Anchored,Bay of Bengal
400002129,2026-01-02T11:29:00,-5.636194,70.859944,9.7,148.5,53,Vessel_2130,Cargo,PAN,9002129,Moored,Indian Ocean
400002130,2026-01-02T11:30:00,23.382334,67.531802,20.8,196.0,315,Vessel_2131,Fishing,MHL,9002130,Under Way,Arabian Sea
400002131,2026-01-02T11:31:00,19.257674,75.833103,13.6,158.1,259,Vessel_2132,Bulk Carrier,MHL,9002131,Anchored,Indian Ocean
400002132,2026-01-02T11:32:00,16.775696,63.611835,7.5,93.8,160,Vessel_2133,Tanker,IND,9002132,Under Way,Indian Ocean
400002133,2026-01-02T11:33:00,-5.956969,83.964325,4.0,303.3,244,Vessel_2134,Container,SGP,9002133,Moored,Indian Ocean
400002134,2026-01-02T11:34:00,20.115615,80.800792,2.5,170.3,216,Vessel_2135,Tanker,SGP,9002134,Moored,Bay of Bengal
400002135,2026-01-02T11:35:00,12.58119,82.209575,8.7,151.2,127,Vessel_2136,Bulk Carrier,SGP,9002135,Under Way,Indian Ocean
400002136,2026-01-02T11:36:00,7.378066,73.106154,13.2,136.1,3,Vessel_2137,Tanker,IND,9002136,Moored,Indian Ocean
400002137,2026-01-02T11:37:00,9.539821,72.04531,3.0,190.4,297,Vessel_2138,Container,SGP,9002137,Under Way,Indian Ocean
400002138,2026-01-02T11:38:00,20.648644,97.97552,15.0,98.4,285,Vessel_2139,Fishing,LBR,9002138,Anchored,Bay of Bengal
400002139,2026-01-02T11:39:00,11.977825,85.883741,9.6,58.1,159,Vessel_2140,Container,LBR,9002139,Anchored,Bay of Bengal
400002140,2026-01-02T11:40:00,17.856527,86.118501,19.6,205.1,157,Vessel_2141,Container,SGP,9002140,Under Way,Bay of Bengal
400002141,2026-01-02T11:41:00,14.157939,61.155653,2.9,307.7,189,Vessel_2142,Container,LBR,9002141,Anchored,Indian Ocean
400002142,2026-01-02T11:42:00,22.085765,58.686507,9.2,251.5,27,Vessel_2143,Tanker,LBR,9002142,Moored,Arabian Sea
400002143,2026-01-02T11:43:00,15.262058,86.246423,20.4,3.3,345,Vessel_2144,Bulk Carrier,SGP,9002143,Under Way,Bay of Bengal
400002144,2026-01-02T11:44:00,8.498158,60.882247,21.2,286.6,219,Vessel_2145,Bulk Carrier,LBR,9002144,Anchored,Arabian Sea
400002145,2026-01-02T11:45:00,7.283722,85.688094,1.5,10.0,40,Vessel_2146,Cargo,PAN,9002145,Moored,Bay of Bengal
400002146,2026-01-02T11:46:00,6.846003,73.214379,18.7,292.7,128,Vessel_2147,Fishing,MHL,9002146,Moored,Arabian Sea
400002147,2026-01-02T11:47:00,21.88735,80.110147,19.9,192.7,55,Vessel_2148,Bulk Carrier,MHL,9002147,Moored,Bay of Bengal
400002148,2026-01-02T11:48:00,13.180406,88.901616,12.3,70.3,40,Vessel_2149,Cargo,MHL,9002148,Moored,Bay of Bengal
400002149,2026-01-02T11:49:00,12.549502,94.140683,0.3,287.9,228,Vessel_2150,Cargo,LBR,9002149,Anchored,Bay of Bengal
400002150,2026-01-02T11:50:00,17.771881,63.499763,3.2,39.8,84,Vessel_2151,Tanker,SGP,9002150,Moored,Arabian Sea
400002151,2026-01-02T11:51:00,8.889729,93.674999,10.5,81.8,177,Vessel_2152,Fishing,LBR,9002151,Moored,Bay of Bengal
400002152,2026-01-02T11:52:00,14.224085,62.007088,18.0,60.6,135,Vessel_2153,Fishing,SGP,9002152,Anchored,Arabian Sea
400002153,2026-01-02T11:53:00,7.468118,66.149842,16.5,180.7,129,Vessel_2154,Container,PAN,9002153,Under Way,Arabian Sea
400002154,2026-01-02T11:54:00,18.516413,63.584745,6.7,131.9,333,Vessel_2155,Bulk Carrier,PAN,9002154,Moored,Arabian Sea
400002155,2026-01-02T11:55:00,22.397407,71.910199,1.7,50.2,99,Vessel_2156,Cargo,LBR,9002155,Anchored,Arabian Sea
400002156,2026-01-02T11:56:00,8.443299,89.459159,21.5,244.9,317,Vessel_2157,Tanker,LBR,9002156,Anchored,Indian Ocean
400002157,2026-01-02T11:57:00,17.990674,84.372132,6.5,230.3,85,Vessel_2158,Bulk Carrier,SGP,9002157,Under Way,Bay of Bengal
400002158,2026-01-02T11:58:00,22.352197,66.101777,8.3,60.9,37,Vessel_2159,Bulk Carrier,PAN,9002158,Moored,Arabian Sea
400002159,2026-01-02T11:59:00,18.101096,56.215564,18.6,217.8,198,Vessel_2160,Cargo,IND,9002159,Anchored,Arabian Sea
400002160,2026-01-02T12:00:00,17.150889,83.498515,8.5,357.0,117,Vessel_2161,Container,MHL,9002160,Moored,Bay of Bengal
400002161,2026-01-02T12:01:00,10.335307,72.875885,7.3,82.4,156,Vessel_2162,Tanker,IND,9002161,Moored,Arabian Sea
400002162,2026-01-02T12:02:00,12.209189,80.588089,15.7,142.3,242,Vessel_2163,Fishing,PAN,9002162,Moored,Indian Ocean
400002163,2026-01-02T12:03:00,21.851203,61.906808,3.8,91.2,343,Vessel_2164,Container,PAN,9002163,Anchored,Arabian Sea
400002164,2026-01-02T12:04:00,5.909282,89.571265,18.0,315.6,352,Vessel_2165,Tanker,LBR,9002164,Moored,Bay of Bengal
400002165,2026-01-02T12:05:00,-3.476719,88.183072,12.2,5.6,351,Vessel_2166,Container,SGP,9002165,Moored,Indian Ocean
400002166,2026-01-02T12:06:00,-6.300015,81.465235,21.1,184.0,130,Vessel_2167,Fishing,LBR,9002166,Moored,Indian Ocean
400002167,2026-01-02T12:07:00,7.378392,99.52688,11.6,278.7,353,Vessel_2168,Fishing,IND,9002167,Anchored,Indian Ocean
400002168,2026-01-02T12:08:00,13.181095,92.655396,18.4,37.6,230,Vessel_2169,Cargo,PAN,9002168,Anchored,Bay of Bengal
400002169,2026-01-02T12:09:00,5.728584,56.790834,16.0,214.8,195,Vessel_2170,Container,SGP,9002169,Anchored,Arabian Sea
400002170,2026-01-02T12:10:00,23.091171,71.632831,14.3,212.7,83,Vessel_2171,Fishing,SGP,9002170,Under Way,Arabian Sea
400002171,2026-01-02T12:11:00,13.770463,66.037915,2.5,231.9,281,Vessel_2172,Bulk Carrier,IND,9002171,Anchored,Indian Ocean
400002172,2026-01-02T12:12:00,23.874029,66.331625,21.6,185.6,263,Vessel_2173,Tanker,MHL,9002172,Moored,Arabian Sea
400002173,2026-01-02T12:13:00,8.355665,57.422532,18.0,5.4,117,Vessel_2174,Cargo,IND,9002173,Under Way,Arabian Sea
400002174,2026-01-02T12:14:00,18.833299,62.718796,9.5,41.1,15,Vessel_2175,Fishing,MHL,9002174,Moored,Arabian Sea
400002175,2026-01-02T12:15:00,17.586511,87.069414,15.7,43.7,280,Vessel_2176,Tanker,PAN,9002175,Under Way,Indian Ocean
400002176,2026-01-02T12:16:00,11.52317,81.672929,1.4,260.1,283,Vessel_2177,Container,PAN,9002176,Moored,Bay of Bengal
400002177,2026-01-02T12:17:00,17.823066,56.701048,11.2,17.0,247,Vessel_2178,Container,LBR,9002177,Moored,Arabian Sea
400002178,2026-01-02T12:18:00,-5.852419,72.594473,9.0,352.7,161,Vessel_2179,Tanker,IND,9002178,Under Way,Indian Ocean
400002179,2026-01-02T12:19:00,19.666705,74.891703,10.1,269.8,93,Vessel_2180,Tanker,PAN,9002179,Anchored,Arabian Sea
400002180,2026-01-02T12:20:00,21.192447,90.589873,9.6,26.8,10,Vessel_2181,Tanker,LBR,9002180,Anchored,Bay of Bengal
400002181,2026-01-02T12:21:00,1.698022,70.746902,1.6,324.9,201,Vessel_2182,Container,PAN,9002181,Under Way,Indian Ocean
400002182,2026-01-02T12:22:00,-7.291112,93.628938,21.8,80.7,144,Vessel_2183,Tanker,LBR,9002182,Moored,Indian Ocean
400002183,2026-01-02T12:23:00,6.709717,91.054133,20.3,212.3,316,Vessel_2184,Bulk Carrier,IND,9002183,Moored,Bay of Bengal
400002184,2026-01-02T12:24:00,-9.548668,90.920223,16.7,154.3,280,Vessel_2185,Cargo,PAN,9002184,Moored,Indian Ocean
400002185,2026-01-02T12:25:00,12.558413,69.512312,12.4,145.5,198,Vessel_2186,Fishing,LBR,9002185,Under Way,Arabian Sea
400002186,2026-01-02T12:26:00,-2.977605,77.337961,12.2,322.3,289,Vessel_2187,Tanker,LBR,9002186,Moored,Indian Ocean
400002187,2026-01-02T12:27:00,9.812355,79.411803,13.5,130.7,189,Vessel_2188,Fishing,LBR,9002187,Under Way,Indian Ocean
400002188,2026-01-02T12:28:00,12.710083,81.395619,10.0,135.4,354,Vessel_2189,Fishing,SGP,9002188,Under Way,Bay of Bengal
400002189,2026-01-02T12:29:00,23.86536,57.654021,19.4,274.3,183,Vessel_2190,Bulk Carrier,MHL,9002189,Moored,Arabian Sea
400002190,2026-01-02T12:30:00,14.93111,67.470879,0.3,351.0,283,Vessel_2191,Tanker,MHL,9002190,Anchored,Indian Ocean
400002191,2026-01-02T12:31:00,23.814904,70.679302,7.9,183.3,60,Vessel_2192,Bulk Carrier,LBR,9002191,Anchored,Arabian Sea
400002192,2026-01-02T12:32:00,17.003128,92.077356,3.0,106.6,308,Vessel_2193,Cargo,IND,9002192,Under Way,Bay of Bengal
400002193,2026-01-02T12:33:00,10.189228,93.391427,12.1,100.6,311,Vessel_2194,Fishing,LBR,9002193,Under Way,Indian Ocean
400002194,2026-01-02T12:34:00,9.526609,82.928938,13.3,171.4,262,Vessel_2195,Fishing,IND,9002194,Anchored,Bay of Bengal
400002195,2026-01-02T12:35:00,21.223255,72.632829,20.1,94.9,187,Vessel_2196,Container,SGP,9002195,Under Way,Arabian Sea
400002196,2026-01-02T12:36:00,0.398343,71.745939,10.7,299.8,163,Vessel_2197,Bulk Carrier,MHL,9002196,Under Way,Indian Ocean
400002197,2026-01-02T12:37:00,21.898437,57.830719,18.6,131.8,0,Vessel_2198,Fishing,IND,9002197,Moored,Arabian Sea
400002198,2026-01-02T12:38:00,6.267387,62.985969,20.4,322.6,209,Vessel_2199,Container,IND,9002198,Anchored,Arabian Sea
400002199,2026-01-02T12:39:00,9.225442,57.720249,18.6,168.7,90,Vessel_2200,Fishing,SGP,9002199,Moored,Arabian Sea
400002200,2026-01-02T12:40:00,-0.157049,88.84478,17.3,1.8,45,Vessel_2201,Bulk Carrier,MHL,9002200,Moored,Indian Ocean
400002201,2026-01-02T12:41:00,-4.516953,87.553892,15.8,86.3,69,Vessel_2202,Bulk Carrier,IND,9002201,Anchored,Indian Ocean
400002202,2026-01-02T12:42:00,17.725879,91.793652,8.2,172.8,30,Vessel_2203,Container,MHL,9002202,Moored,Indian Ocean
400002203,2026-01-02T12:43:00,12.591743,62.360074,2.6,133.5,0,Vessel_2204,Fishing,SGP,9002203,Anchored,Indian Ocean
400002204,2026-01-02T12:44:00,24.621098,68.138745,6.9,153.4,22,Vessel_2205,Container,SGP,9002204,Anchored,Arabian Sea
400002205,2026-01-02T12:45:00,21.41631,57.723286,1.0,166.0,220,Vessel_2206,Fishing,PAN,9002205,Moored,Arabian Sea
400002206,2026-01-02T12:46:00,5.09207,64.677338,19.9,298.0,334,Vessel_2207,Tanker,MHL,9002206,Moored,Arabian Sea
400002207,2026-01-02T12:47:00,14.550164,85.890118,6.4,291.1,72,Vessel_2208,Fishing,MHL,9002207,Anchored,Bay of Bengal
400002208,2026-01-02T12:48:00,15.082667,90.315518,19.0,148.0,67,Vessel_2209,Fishing,PAN,9002208,Anchored,Bay of Bengal
400002209,2026-01-02T12:49:00,18.021849,87.441553,16.1,344.4,263,Vessel_2210,Cargo,LBR,9002209,Under Way,Bay of Bengal
400002210,2026-01-02T12:50:00,18.785925,81.487564,19.8,260.4,36,Vessel_2211,Tanker,PAN,9002210,Anchored,Bay of Bengal
400002211,2026-01-02T12:51:00,8.074581,70.493664,14.6,144.8,350,Vessel_2212,Cargo,IND,9002211,Anchored,Arabian Sea
400002212,2026-01-02T12:52:00,8.626708,95.869676,17.4,129.2,131,Vessel_2213,Fishing,SGP,9002212,Anchored,Bay of Bengal
400002213,2026-01-02T12:53:00,13.413537,56.20951,19.0,351.5,222,Vessel_2214,Tanker,LBR,9002213,Anchored,Arabian Sea
400002214,2026-01-02T12:54:00,16.76572,59.380588,15.8,90.2,153,Vessel_2215,Fishing,MHL,9002214,Under Way,Arabian Sea
400002215,2026-01-02T12:55:00,-0.890808,67.07507,17.6,137.4,322,Vessel_2216,Container,LBR,9002215,Under Way,Indian Ocean
400002216,2026-01-02T12:56:00,-8.577015,73.3597,9.8,159.5,141,Vessel_2217,Tanker,LBR,9002216,Anchored,Indian Ocean
400002217,2026-01-02T12:57:00,15.537869,86.343906,8.0,142.5,105,Vessel_2218,Fishing,SGP,9002217,Moored,Bay of Bengal
400002218,2026-01-02T12:58:00,16.881332,65.816843,7.3,274.9,54,Vessel_2219,Tanker,LBR,9002218,Moored,Arabian Sea
400002219,2026-01-02T12:59:00,-0.715801,61.102254,21.8,36.5,119,Vessel_2220,Tanker,IND,9002219,Under Way,Indian Ocean
400002220,2026-01-02T13:00:00,18.241456,96.945268,2.1,354.1,9,Vessel_2221,Cargo,PAN,9002220,Anchored,Bay of Bengal
400002221,2026-01-02T13:01:00,18.272884,87.279087,1.2,252.3,86,Vessel_2222,Tanker,LBR,9002221,Moored,Indian Ocean
400002222,2026-01-02T13:02:00,1.128471,69.352314,18.0,334.6,357,Vessel_2223,Tanker,SGP,9002222,Under Way,Indian Ocean
400002223,2026-01-02T13:03:00,18.337228,58.644818,19.8,281.8,289,Vessel_2224,Container,IND,9002223,Under Way,Arabian Sea
400002224,2026-01-02T13:04:00,22.198632,70.190931,15.4,18.2,163,Vessel_2225,Tanker,PAN,9002224,Under Way,Arabian Sea
400002225,2026-01-02T13:05:00,17.915042,96.260224,7.6,286.5,351,Vessel_2226,Fishing,PAN,9002225,Anchored,Indian Ocean
400002226,2026-01-02T13:06:00,16.717903,73.591371,9.6,15.7,252,Vessel_2227,Tanker,LBR,9002226,Moored,Indian Ocean
400002227,2026-01-02T13:07:00,21.890496,64.273912,12.1,334.1,302,Vessel_2228,Container,IND,9002227,Under Way,Arabian Sea
400002228,2026-01-02T13:08:00,12.529883,62.630514,0.2,141.0,346,Vessel_2229,Fishing,SGP,9002228,Anchored,Indian Ocean
400002229,2026-01-02T13:09:00,-9.633855,87.601175,12.7,1.1,178,Vessel_2230,Cargo,IND,9002229,Under Way,Indian Ocean
400002230,2026-01-02T13:10:00,5.775321,91.008344,21.4,102.0,36,Vessel_2231,Fishing,PAN,9002230,Moored,Bay of Bengal
400002231,2026-01-02T13:11:00,17.295718,98.21647,21.8,120.9,315,Vessel_2232,Fishing,SGP,9002231,Moored,Indian Ocean
400002232,2026-01-02T13:12:00,10.883839,93.50077,20.0,246.3,174,Vessel_2233,Cargo,IND,9002232,Anchored,Bay of Bengal
400002233,2026-01-02T13:13:00,6.201249,81.067848,21.2,204.4,295,Vessel_2234,Tanker,IND,9002233,Anchored,Bay of Bengal
400002234,2026-01-02T13:14:00,2.854195,96.560287,18.1,21.1,279,Vessel_2235,Bulk Carrier,LBR,9002234,Anchored,Indian Ocean
400002235,2026-01-02T13:15:00,5.74951,92.518133,5.3,172.0,136,Vessel_2236,Cargo,SGP,9002235,Moored,Bay of Bengal
400002236,2026-01-02T13:16:00,16.40552,60.779521,12.8,345.8,191,Vessel_2237,Cargo,IND,9002236,Under Way,Arabian Sea
400002237,2026-01-02T13:17:00,13.343201,86.785585,18.7,56.4,167,Vessel_2238,Tanker,SGP,9002237,Under Way,Bay of Bengal
400002238,2026-01-02T13:18:00,0.438165,60.442168,10.9,353.7,160,Vessel_2239,Container,SGP,9002238,Anchored,Indian Ocean
400002239,2026-01-02T13:19:00,10.717381,64.18757,5.6,209.0,321,Vessel_2240,Cargo,MHL,9002239,Moored,Arabian Sea
400002240,2026-01-02T13:20:00,9.376703,59.426447,7.3,34.2,7,Vessel_2241,Tanker,MHL,9002240,Under Way,Arabian Sea
400002241,2026-01-02T13:21:00,16.850906,76.870194,14.9,127.9,2,Vessel_2242,Fishing,MHL,9002241,Anchored,Indian Ocean
400002242,2026-01-02T13:22:00,-2.401694,60.55778,19.5,41.9,196,Vessel_2243,Bulk Carrier,LBR,9002242,Under Way,Indian Ocean
400002243,2026-01-02T13:23:00,17.325326,55.129904,19.7,120.1,233,Vessel_2244,Container,MHL,9002243,Moored,Arabian Sea
400002244,2026-01-02T13:24:00,3.534428,94.288395,18.9,31.5,303,Vessel_2245,Fishing,LBR,9002244,Anchored,Indian Ocean
400002245,2026-01-02T13:25:00,12.904827,59.618903,18.5,150.4,91,Vessel_2246,Tanker,SGP,9002245,Anchored,Arabian Sea
400002246,2026-01-02T13:26:00,11.013293,83.357695,5.6,353.0,12,Vessel_2247,Fishing,SGP,9002246,Under Way,Bay of Bengal
400002247,2026-01-02T13:27:00,6.947085,94.420756,18.5,81.0,281,Vessel_2248,Tanker,SGP,9002247,Under Way,Bay of Bengal
400002248,2026-01-02T13:28:00,16.907209,83.028473,14.2,218.3,338,Vessel_2249,Cargo,IND,9002248,Anchored,Bay of Bengal
400002249,2026-01-02T13:29:00,13.57029,80.890159,20.0,259.5,351,Vessel_2250,Container,MHL,9002249,Under Way,Indian Ocean
400002250,2026-01-02T13:30:00,6.809072,82.017162,9.6,192.3,170,Vessel_2251,Fishing,MHL,9002250,Under Way,Bay of Bengal
400002251,2026-01-02T13:31:00,7.656238,72.517894,16.5,247.8,240,Vessel_2252,Cargo,IND,9002251,Anchored,Indian Ocean
400002252,2026-01-02T13:32:00,5.502921,88.353189,16.5,277.6,121,Vessel_2253,Bulk Carrier,MHL,9002252,Moored,Indian Ocean
400002253,2026-01-02T13:33:00,15.742403,62.68675,21.5,218.5,79,Vessel_2254,Fishing,MHL,9002253,Anchored,Indian Ocean
400002254,2026-01-02T13:34:00,21.074116,60.522219,21.2,111.6,27,Vessel_2255,Tanker,MHL,9002254,Under Way,Arabian Sea
400002255,2026-01-02T13:35:00,19.44765,64.535441,0.0,63.8,109,Vessel_2256,Fishing,PAN,9002255,Moored,Arabian Sea
400002256,2026-01-02T13:36:00,17.505441,71.773653,5.0,237.8,79,Vessel_2257,Tanker,PAN,9002256,Under Way,Arabian Sea
400002257,2026-01-02T13:37:00,9.738658,97.773254,14.4,262.5,268,Vessel_2258,Tanker,IND,9002257,Anchored,Bay of Bengal
400002258,2026-01-02T13:38:00,14.813664,92.789723,15.4,241.7,321,Vessel_2259,Tanker,SGP,9002258,Under Way,Bay of Bengal
400002259,2026-01-02T13:39:00,-3.764271,62.028307,20.6,249.8,112,Vessel_2260,Cargo,SGP,9002259,Moored,Indian Ocean
400002260,2026-01-02T13:40:00,13.466459,95.308757,2.8,314.4,124,Vessel_2261,Container,SGP,9002260,Under Way,Bay of Bengal
400002261,2026-01-02T13:41:00,15.066762,63.358574,19.5,146.2,202,Vessel_2262,Cargo,IND,9002261,Moored,Arabian Sea
400002262,2026-01-02T13:42:00,11.888687,70.860944,5.1,297.3,233,Vessel_2263,Bulk Carrier,PAN,9002262,Anchored,Arabian Sea
400002263,2026-01-02T13:43:00,-7.121386,81.490763,2.9,25.5,11,Vessel_2264,Cargo,MHL,9002263,Under Way,Indian Ocean
400002264,2026-01-02T13:44:00,16.604816,94.633184,21.5,26.6,152,Vessel_2265,Bulk Carrier,MHL,9002264,Under Way,Bay of Bengal
400002265,2026-01-02T13:45:00,16.640806,74.115733,4.8,338.9,14,Vessel_2266,Container,SGP,9002265,Moored,Arabian Sea
400002266,2026-01-02T13:46:00,14.635339,62.675233,8.5,58.2,290,Vessel_2267,Tanker,SGP,9002266,Under Way,Indian Ocean
400002267,2026-01-02T13:47:00,13.276414,89.01957,8.1,200.0,188,Vessel_2268,Bulk Carrier,LBR,9002267,Anchored,Bay of Bengal
400002268,2026-01-02T13:48:00,12.663294,69.008524,20.5,30.2,262,Vessel_2269,Bulk Carrier,PAN,9002268,Anchored,Arabian Sea
400002269,2026-01-02T13:49:00,11.063934,60.738794,16.8,91.5,335,Vessel_2270,Tanker,LBR,9002269,Anchored,Arabian Sea
400002270,2026-01-02T13:50:00,21.654842,92.327441,13.3,67.7,115,Vessel_2271,Fishing,LBR,9002270,Anchored,Bay of Bengal
400002271,2026-01-02T13:51:00,11.046017,67.090368,3.7,68.1,86,Vessel_2272,Bulk Carrier,SGP,9002271,Anchored,Arabian Sea
400002272,2026-01-02T13:52:00,6.769193,74.373149,5.6,282.1,340,Vessel_2273,Cargo,PAN,9002272,Moored,Arabian Sea
400002273,2026-01-02T13:53:00,10.86279,70.662202,3.3,243.8,262,Vessel_2274,Tanker,MHL,9002273,Moored,Indian Ocean
400002274,2026-01-02T13:54:00,21.13544,90.694134,15.1,35.2,318,Vessel_2275,Bulk Carrier,SGP,9002274,Moored,Bay of Bengal
400002275,2026-01-02T13:55:00,19.487098,73.148797,15.6,236.2,292,Vessel_2276,Bulk Carrier,PAN,9002275,Under Way,Arabian Sea
400002276,2026-01-02T13:56:00,16.194112,71.099959,19.5,258.5,144,Vessel_2277,Bulk Carrier,SGP,9002276,Anchored,Arabian Sea
400002277,2026-01-02T13:57:00,-8.271904,81.26515,4.9,93.6,103,Vessel_2278,Tanker,SGP,9002277,Under Way,Indian Ocean
400002278,2026-01-02T13:58:00,19.128117,62.316887,14.7,179.3,14,Vessel_2279,Container,PAN,9002278,Anchored,Arabian Sea
400002279,2026-01-02T13:59:00,18.232154,87.027278,15.2,242.4,255,Vessel_2280,Container,LBR,9002279,Anchored,Bay of Bengal
400002280,2026-01-02T14:00:00,11.36319,88.82208,21.8,259.1,325,Vessel_2281,Container,SGP,9002280,Anchored,Indian Ocean
400002281,2026-01-02T14:01:00,13.731723,66.286353,21.8,97.2,197,Vessel_2282,Fishing,MHL,9002281,Anchored,Arabian Sea
400002282,2026-01-02T14:02:00,13.61816,73.118895,2.8,63.6,146,Vessel_2283,Container,IND,9002282,Moored,Arabian Sea
400002283,2026-01-02T14:03:00,17.247762,82.907461,20.4,336.3,156,Vessel_2284,Fishing,IND,9002283,Anchored,Indian Ocean
400002284,2026-01-02T14:04:00,20.208356,66.918891,7.1,337.4,294,Vessel_2285,Bulk Carrier,LBR,9002284,Anchored,Arabian Sea
400002285,2026-01-02T14:05:00,8.089306,95.362074,5.3,162.7,141,Vessel_2286,Cargo,SGP,9002285,Anchored,Bay of Bengal
400002286,2026-01-02T14:06:00,7.65504,64.746538,4.0,44.0,146,Vessel_2287,Tanker,PAN,9002286,Moored,Indian Ocean
400002287,2026-01-02T14:07:00,7.505636,69.912495,19.7,337.8,59,Vessel_2288,Container,PAN,9002287,Anchored,Indian Ocean
400002288,2026-01-02T14:08:00,19.367886,56.116731,12.5,79.0,234,Vessel_2289,Cargo,IND,9002288,Moored,Arabian Sea
400002289,2026-01-02T14:09:00,5.599753,67.912332,16.1,177.9,271,Vessel_2290,Container,SGP,9002289,Under Way,Arabian Sea
400002290,2026-01-02T14:10:00,6.588017,69.597789,9.8,328.9,285,Vessel_2291,Container,PAN,9002290,Under Way,Arabian Sea
400002291,2026-01-02T14:11:00,12.254962,74.38922,6.1,321.8,221,Vessel_2292,Fishing,LBR,9002291,Anchored,Arabian Sea
400002292,2026-01-02T14:12:00,19.350406,91.708763,14.9,17.5,254,Vessel_2293,Cargo,SGP,9002292,Moored,Bay of Bengal
400002293,2026-01-02T14:13:00,-9.240548,81.161471,17.5,314.2,75,Vessel_2294,Cargo,LBR,9002293,Anchored,Indian Ocean
400002294,2026-01-02T14:14:00,7.244967,87.739544,15.0,146.0,99,Vessel_2295,Bulk Carrier,IND,9002294,Under Way,Bay of Bengal
400002295,2026-01-02T14:15:00,20.487455,91.622699,1.0,274.0,358,Vessel_2296,Container,SGP,9002295,Anchored,Bay of Bengal
400002296,2026-01-02T14:16:00,-8.113546,97.102863,8.1,233.0,337,Vessel_2297,Tanker,IND,9002296,Under Way,Indian Ocean
400002297,2026-01-02T14:17:00,14.676899,68.648369,16.0,23.6,95,Vessel_2298,Container,LBR,9002297,Moored,Arabian Sea
400002298,2026-01-02T14:18:00,7.398302,55.529395,6.6,347.4,354,Vessel_2299,Tanker,SGP,9002298,Anchored,Arabian Sea
400002299,2026-01-02T14:19:00,14.18369,87.76511,10.9,59.0,17,Vessel_2300,Cargo,IND,9002299,Under Way,Indian Ocean
400002300,2026-01-02T14:20:00,15.581384,86.31916,3.4,278.4,90,Vessel_2301,Tanker,MHL,9002300,Moored,Bay of Bengal
400002301,2026-01-02T14:21:00,16.51227,67.623352,10.7,88.4,65,Vessel_2302,Container,MHL,9002301,Anchored,Arabian Sea
400002302,2026-01-02T14:22:00,10.486565,96.381784,3.3,54.1,354,Vessel_2303,Bulk Carrier,SGP,9002302,Moored,Indian Ocean
400002303,2026-01-02T14:23:00,-4.296877,80.888499,13.4,0.5,186,Vessel_2304,Bulk Carrier,SGP,9002303,Anchored,Indian Ocean
400002304,2026-01-02T14:24:00,7.584053,63.464537,1.9,125.7,17,Vessel_2305,Bulk Carrier,LBR,9002304,Under Way,Arabian Sea
400002305,2026-01-02T14:25:00,16.024542,64.182294,11.3,139.7,254,Vessel_2306,Tanker,MHL,9002305,Under Way,Arabian Sea
400002306,2026-01-02T14:26:00,12.62266,56.973406,10.8,56.0,51,Vessel_2307,Container,MHL,9002306,Under Way,Arabian Sea
400002307,2026-01-02T14:27:00,10.333127,85.284801,4.0,32.2,252,Vessel_2308,Bulk Carrier,PAN,9002307,Moored,Indian Ocean
400002308,2026-01-02T14:28:00,18.248962,88.612575,7.1,270.6,67,Vessel_2309,Cargo,SGP,9002308,Under Way,Bay of Bengal
400002309,2026-01-02T14:29:00,19.474148,65.665376,3.6,255.6,8,Vessel_2310,Tanker,MHL,9002309,Anchored,Indian Ocean
400002310,2026-01-02T14:30:00,21.951351,86.22991,21.8,308.0,289,Vessel_2311,Cargo,SGP,9002310,Under Way,Bay of Bengal
400002311,2026-01-02T14:31:00,18.750629,76.201095,8.3,294.8,316,Vessel_2312,Container,SGP,9002311,Anchored,Indian Ocean
400002312,2026-01-02T14:32:00,-8.520732,75.584453,18.3,228.1,245,Vessel_2313,Cargo,IND,9002312,Moored,Indian Ocean
400002313,2026-01-02T14:33:00,15.631453,60.43112,15.0,176.5,53,Vessel_2314,Cargo,IND,9002313,Anchored,Arabian Sea
400002314,2026-01-02T14:34:00,-0.542341,94.270874,20.9,277.2,334,Vessel_2315,Fishing,PAN,9002314,Under Way,Indian Ocean
400002315,2026-01-02T14:35:00,22.769573,56.434742,17.0,62.7,338,Vessel_2316,Tanker,MHL,9002315,Anchored,Arabian Sea
400002316,2026-01-02T14:36:00,1.978894,82.836423,15.8,235.8,197,Vessel_2317,Tanker,PAN,9002316,Moored,Indian Ocean
400002317,2026-01-02T14:37:00,18.442821,80.810593,7.0,204.2,89,Vessel_2318,Tanker,PAN,9002317,Under Way,Bay of Bengal
400002318,2026-01-02T14:38:00,21.615018,84.818026,1.7,275.1,344,Vessel_2319,Container,PAN,9002318,Anchored,Bay of Bengal
400002319,2026-01-02T14:39:00,5.287419,96.800214,2.0,258.8,303,Vessel_2320,Cargo,MHL,9002319,Anchored,Bay of Bengal
400002320,2026-01-02T14:40:00,14.30107,86.439549,4.1,171.3,0,Vessel_2321,Cargo,IND,9002320,Anchored,Bay of Bengal
400002321,2026-01-02T14:41:00,13.691936,58.165914,0.3,223.6,333,Vessel_2322,Bulk Carrier,IND,9002321,Under Way,Arabian Sea
400002322,2026-01-02T14:42:00,9.848972,65.986846,1.6,72.4,124,Vessel_2323,Bulk Carrier,MHL,9002322,Anchored,Indian Ocean
400002323,2026-01-02T14:43:00,14.043665,91.650793,8.9,203.3,267,Vessel_2324,Bulk Carrier,SGP,9002323,Under Way,Bay of Bengal
400002324,2026-01-02T14:44:00,13.527249,72.863927,5.1,286.4,94,Vessel_2325,Cargo,LBR,9002324,Moored,Arabian Sea
400002325,2026-01-02T14:45:00,16.474151,80.509731,21.1,249.7,271,Vessel_2326,Fishing,MHL,9002325,Anchored,Bay of Bengal
400002326,2026-01-02T14:46:00,6.340899,74.096675,18.5,336.0,323,Vessel_2327,Fishing,PAN,9002326,Under Way,Indian Ocean
400002327,2026-01-02T14:47:00,17.052358,67.599305,8.4,110.8,15,Vessel_2328,Fishing,MHL,9002327,Moored,Arabian Sea
400002328,2026-01-02T14:48:00,8.088713,82.244406,1.0,43.5,35,Vessel_2329,Container,IND,9002328,Anchored,Bay of Bengal
400002329,2026-01-02T14:49:00,18.728422,84.901174,6.2,229.8,145,Vessel_2330,Bulk Carrier,IND,9002329,Moored,Bay of Bengal
400002330,2026-01-02T14:50:00,5.023812,63.417298,12.3,142.0,158,Vessel_2331,Fishing,LBR,9002330,Anchored,Arabian Sea
400002331,2026-01-02T14:51:00,10.061646,88.060869,9.9,111.1,45,Vessel_2332,Bulk Carrier,SGP,9002331,Anchored,Bay of Bengal
400002332,2026-01-02T14:52:00,12.252717,97.830939,5.7,118.7,11,Vessel_2333,Bulk Carrier,SGP,9002332,Anchored,Bay of Bengal
400002333,2026-01-02T14:53:00,16.883537,88.464676,0.8,265.3,139,Vessel_2334,Fishing,LBR,9002333,Moored,Bay of Bengal
400002334,2026-01-02T14:54:00,24.257721,63.827589,2.4,228.0,332,Vessel_2335,Container,SGP,9002334,Moored,Arabian Sea
400002335,2026-01-02T14:55:00,1.404708,72.843849,1.1,133.2,238,Vessel_2336,Tanker,SGP,9002335,Anchored,Indian Ocean
400002336,2026-01-02T14:56:00,6.872073,89.522292,10.2,242.1,218,Vessel_2337,Container,SGP,9002336,Under Way,Bay of Bengal
400002337,2026-01-02T14:57:00,15.439386,96.490973,13.7,200.9,291,Vessel_2338,Container,MHL,9002337,Anchored,Bay of Bengal
400002338,2026-01-02T14:58:00,20.684255,87.451055,9.6,107.2,169,Vessel_2339,Container,PAN,9002338,Moored,Bay of Bengal
400002339,2026-01-02T14:59:00,11.147831,60.147957,1.6,321.9,313,Vessel_2340,Tanker,LBR,9002339,Moored,Arabian Sea
400002340,2026-01-02T15:00:00,7.672648,90.11926,5.3,253.3,132,Vessel_2341,Container,MHL,9002340,Anchored,Indian Ocean
400002341,2026-01-02T15:01:00,8.849054,95.856516,19.3,94.7,269,Vessel_2342,Fishing,SGP,9002341,Under Way,Bay of Bengal
400002342,2026-01-02T15:02:00,5.954885,61.56376,9.2,217.4,244,Vessel_2343,Cargo,MHL,9002342,Moored,Arabian Sea
400002343,2026-01-02T15:03:00,9.276357,95.293474,12.8,335.2,51,Vessel_2344,Cargo,SGP,9002343,Under Way,Indian Ocean
400002344,2026-01-02T15:04:00,24.954127,70.204976,9.8,22.0,88,Vessel_2345,Tanker,LBR,9002344,Under Way,Arabian Sea
400002345,2026-01-02T15:05:00,10.555999,96.18628,11.4,69.2,322,Vessel_2346,Bulk Carrier,PAN,9002345,Anchored,Bay of Bengal
400002346,2026-01-02T15:06:00,18.606,82.37441,17.1,13.4,5,Vessel_2347,Tanker,PAN,9002346,Anchored,Bay of Bengal
400002347,2026-01-02T15:07:00,2.985119,72.175467,20.4,53.3,312,Vessel_2348,Cargo,MHL,9002347,Under Way,Indian Ocean
400002348,2026-01-02T15:08:00,7.828703,69.745934,7.8,49.0,58,Vessel_2349,Cargo,LBR,9002348,Anchored,Arabian Sea
400002349,2026-01-02T15:09:00,19.693426,89.51777,13.1,68.3,298,Vessel_2350,Container,LBR,9002349,Under Way,Bay of Bengal
400002350,2026-01-02T15:10:00,18.197614,98.834094,1.7,205.9,111,Vessel_2351,Tanker,PAN,9002350,Moored,Indian Ocean
400002351,2026-01-02T15:11:00,14.393358,83.404746,15.3,142.4,113,Vessel_2352,Tanker,IND,9002351,Under Way,Bay of Bengal
400002352,2026-01-02T15:12:00,6.521902,61.922317,4.5,319.6,97,Vessel_2353,Bulk Carrier,SGP,9002352,Moored,Indian Ocean
400002353,2026-01-02T15:13:00,-5.928044,94.31901,4.3,164.2,93,Vessel_2354,Container,LBR,9002353,Under Way,Indian Ocean
400002354,2026-01-02T15:14:00,-6.766557,72.050313,14.6,256.4,212,Vessel_2355,Fishing,LBR,9002354,Moored,Indian Ocean
400002355,2026-01-02T15:15:00,5.653391,70.829395,21.7,233.8,72,Vessel_2356,Fishing,PAN,9002355,Anchored,Arabian Sea
400002356,2026-01-02T15:16:00,18.777899,66.119626,17.7,32.2,339,Vessel_2357,Bulk Carrier,LBR,9002356,Anchored,Indian Ocean
400002357,2026-01-02T15:17:00,14.316324,58.766473,0.8,74.6,163,Vessel_2358,Tanker,SGP,9002357,Under Way,Arabian Sea
400002358,2026-01-02T15:18:00,13.818176,93.388607,20.8,58.6,286,Vessel_2359,Fishing,PAN,9002358,Anchored,Indian Ocean
400002359,2026-01-02T15:19:00,10.751788,88.072202,7.4,313.1,81,Vessel_2360,Cargo,SGP,9002359,Under Way,Bay of Bengal
400002360,2026-01-02T15:20:00,19.820489,84.944339,5.1,48.9,68,Vessel_2361,Container,LBR,9002360,Moored,Indian Ocean
400002361,2026-01-02T15:21:00,9.310525,72.556294,5.1,78.8,129,Vessel_2362,Bulk Carrier,LBR,9002361,Anchored,Arabian Sea
400002362,2026-01-02T15:22:00,19.681265,57.457115,19.8,281.2,186,Vessel_2363,Tanker,LBR,9002362,Anchored,Arabian Sea
400002363,2026-01-02T15:23:00,20.518114,67.19345,7.6,292.2,127,Vessel_2364,Tanker,SGP,9002363,Anchored,Arabian Sea
400002364,2026-01-02T15:24:00,1.105853,62.242002,20.7,62.1,118,Vessel_2365,Fishing,MHL,9002364,Anchored,Indian Ocean
400002365,2026-01-02T15:25:00,7.900664,80.522781,6.0,329.5,67,Vessel_2366,Tanker,SGP,9002365,Moored,Bay of Bengal
400002366,2026-01-02T15:26:00,12.793695,97.037864,17.6,290.6,8,Vessel_2367,Tanker,LBR,9002366,Moored,Bay of Bengal
400002367,2026-01-02T15:27:00,24.152237,68.238348,2.9,18.7,191,Vessel_2368,Tanker,LBR,9002367,Moored,Arabian Sea
400002368,2026-01-02T15:28:00,20.576961,84.660983,19.4,166.1,52,Vessel_2369,Bulk Carrier,LBR,9002368,Anchored,Bay of Bengal
400002369,2026-01-02T15:29:00,12.03664,91.201375,18.3,335.9,93,Vessel_2370,Container,IND,9002369,Anchored,Bay of Bengal
400002370,2026-01-02T15:30:00,15.876919,84.09302,19.2,158.2,346,Vessel_2371,Bulk Carrier,SGP,9002370,Anchored,Bay of Bengal
400002371,2026-01-02T15:31:00,16.166295,62.56356,3.4,215.0,299,Vessel_2372,Container,LBR,9002371,Anchored,Indian Ocean
400002372,2026-01-02T15:32:00,-1.547577,70.188898,11.2,265.5,126,Vessel_2373,Bulk Carrier,SGP,9002372,Moored,Indian Ocean
400002373,2026-01-02T15:33:00,14.02739,70.388419,1.7,66.9,66,Vessel_2374,Tanker,IND,9002373,Under Way,Arabian Sea
400002374,2026-01-02T15:34:00,15.618317,74.320205,0.9,250.2,352,Vessel_2375,Fishing,LBR,9002374,Moored,Arabian Sea
400002375,2026-01-02T15:35:00,-8.500101,96.653231,21.5,26.5,25,Vessel_2376,Bulk Carrier,PAN,9002375,Moored,Indian Ocean
400002376,2026-01-02T15:36:00,20.958755,73.650648,13.2,126.6,300,Vessel_2377,Fishing,MHL,9002376,Anchored,Arabian Sea
400002377,2026-01-02T15:37:00,0.648789,83.927105,16.2,322.2,56,Vessel_2378,Bulk Carrier,IND,9002377,Under Way,Indian Ocean
400002378,2026-01-02T15:38:00,7.8421,64.8446,8.5,91.4,112,Vessel_2379,Fishing,LBR,9002378,Under Way,Arabian Sea
400002379,2026-01-02T15:39:00,5.42928,72.1431,3.3,40.6,90,Vessel_2380,Bulk Carrier,PAN,9002379,Moored,Arabian Sea
400002380,2026-01-02T15:40:00,15.048744,91.628882,18.7,69.1,99,Vessel_2381,Tanker,MHL,9002380,Under Way,Bay of Bengal
400002381,2026-01-02T15:41:00,24.523239,60.888553,9.7,324.8,9,Vessel_2382,Container,MHL,9002381,Moored,Arabian Sea
400002382,2026-01-02T15:42:00,13.645768,90.441991,7.3,97.3,10,Vessel_2383,Cargo,IND,9002382,Anchored,Bay of Bengal
400002383,2026-01-02T15:43:00,10.493497,90.638209,15.1,25.6,160,Vessel_2384,Cargo,LBR,9002383,Anchored,Indian Ocean
400002384,2026-01-02T15:44:00,15.606539,96.267927,8.7,227.8,107,Vessel_2385,Cargo,MHL,9002384,Moored,Bay of Bengal
400002385,2026-01-02T15:45:00,12.039952,84.824134,10.0,178.8,163,Vessel_2386,Cargo,SGP,9002385,Anchored,Bay of Bengal
400002386,2026-01-02T15:46:00,-5.391671,76.734434,19.5,125.4,42,Vessel_2387,Cargo,MHL,9002386,Under Way,Indian Ocean
400002387,2026-01-02T15:47:00,18.082397,66.454092,20.4,54.2,146,Vessel_2388,Tanker,IND,9002387,Anchored,Arabian Sea
400002388,2026-01-02T15:48:00,8.712227,82.729426,7.0,271.9,358,Vessel_2389,Fishing,LBR,9002388,Under Way,Bay of Bengal
400002389,2026-01-02T15:49:00,9.154184,92.030751,17.9,231.8,88,Vessel_2390,Fishing,PAN,9002389,Moored,Bay of Bengal
400002390,2026-01-02T15:50:00,5.854908,62.539664,7.4,93.1,263,Vessel_2391,Tanker,MHL,9002390,Anchored,Arabian Sea
400002391,2026-01-02T15:51:00,8.890635,69.477027,4.9,193.3,20,Vessel_2392,Tanker,PAN,9002391,Moored,Arabian Sea
400002392,2026-01-02T15:52:00,15.55003,68.977981,18.8,23.1,328,Vessel_2393,Tanker,SGP,9002392,Under Way,Indian Ocean
400002393,2026-01-02T15:53:00,23.995136,58.457915,1.7,269.0,261,Vessel_2394,Tanker,PAN,9002393,Moored,Arabian Sea
400002394,2026-01-02T15:54:00,22.394604,65.868797,11.8,355.9,152,Vessel_2395,Tanker,IND,9002394,Moored,Arabian Sea
400002395,2026-01-02T15:55:00,15.616766,60.242878,11.8,139.8,156,Vessel_2396,Cargo,IND,9002395,Under Way,Arabian Sea
400002396,2026-01-02T15:56:00,8.020243,96.705236,20.1,178.7,326,Vessel_2397,Fishing,LBR,9002396,Under Way,Bay of Bengal
400002397,2026-01-02T15:57:00,13.853277,93.966891,21.1,229.0,144,Vessel_2398,Bulk Carrier,PAN,9002397,Moored,Bay of Bengal
400002398,2026-01-02T15:58:00,16.915867,69.484409,4.8,236.4,57,Vessel_2399,Fishing,SGP,9002398,Moored,Arabian Sea
400002399,2026-01-02T15:59:00,18.747276,83.222822,4.3,6.1,353,Vessel_2400,Tanker,IND,9002399,Anchored,Bay of Bengal
400002400,2026-01-02T16:00:00,17.234685,65.637951,17.5,40.5,248,Vessel_2401,Fishing,MHL,9002400,Moored,Arabian Sea
400002401,2026-01-02T16:01:00,6.800952,72.254017,9.8,296.3,208,Vessel_2402,Fishing,MHL,9002401,Moored,Arabian Sea
400002402,2026-01-02T16:02:00,-1.669448,87.626188,2.1,57.8,357,Vessel_2403,Cargo,IND,9002402,Moored,Indian Ocean
400002403,2026-01-02T16:03:00,-9.402928,68.773607,9.5,147.1,352,Vessel_2404,Cargo,IND,9002403,Under Way,Indian Ocean
400002404,2026-01-02T16:04:00,11.956711,58.93417,3.5,120.9,278,Vessel_2405,Bulk Carrier,SGP,9002404,Under Way,Arabian Sea
400002405,2026-01-02T16:05:00,11.43531,55.928265,17.8,97.0,271,Vessel_2406,Cargo,MHL,9002405,Moored,Arabian Sea
400002406,2026-01-02T16:06:00,23.706351,66.063015,3.6,150.0,315,Vessel_2407,Cargo,MHL,9002406,Moored,Arabian Sea
400002407,2026-01-02T16:07:00,6.192826,62.962152,15.3,58.9,234,Vessel_2408,Bulk Carrier,SGP,9002407,Under Way,Arabian Sea
400002408,2026-01-02T16:08:00,21.876729,74.858869,4.5,313.1,312,Vessel_2409,Bulk Carrier,SGP,9002408,Under Way,Arabian Sea
400002409,2026-01-02T16:09:00,11.927654,93.445709,11.1,228.0,323,Vessel_2410,Fishing,LBR,9002409,Under Way,Bay of Bengal
400002410,2026-01-02T16:10:00,12.732889,84.460979,12.1,346.5,55,Vessel_2411,Tanker,IND,9002410,Under Way,Bay of Bengal
400002411,2026-01-02T16:11:00,18.27648,70.822039,4.4,81.0,311,Vessel_2412,Cargo,IND,9002411,Moored,Arabian Sea
400002412,2026-01-02T16:12:00,15.47446,89.243593,4.9,322.3,236,Vessel_2413,Fishing,IND,9002412,Moored,Indian Ocean
400002413,2026-01-02T16:13:00,10.531236,96.88212,16.2,251.4,207,Vessel_2414,Bulk Carrier,LBR,9002413,Anchored,Bay of Bengal
400002414,2026-01-02T16:14:00,18.012852,63.449839,13.8,132.9,297,Vessel_2415,Cargo,IND,9002414,Moored,Arabian Sea
400002415,2026-01-02T16:15:00,5.6794,94.252024,17.9,88.8,38,Vessel_2416,Fishing,SGP,9002415,Anchored,Indian Ocean
400002416,2026-01-02T16:16:00,3.33784,76.390062,10.1,180.6,56,Vessel_2417,Container,MHL,9002416,Anchored,Indian Ocean
400002417,2026-01-02T16:17:00,15.596864,85.73006,11.9,107.3,338,Vessel_2418,Bulk Carrier,SGP,9002417,Moored,Indian Ocean
400002418,2026-01-02T16:18:00,-9.500911,88.647619,16.1,251.8,192,Vessel_2419,Container,LBR,9002418,Moored,Indian Ocean
400002419,2026-01-02T16:19:00,17.983229,91.00944,7.8,297.8,70,Vessel_2420,Container,LBR,9002419,Under Way,Bay of Bengal
400002420,2026-01-02T16:20:00,15.484625,90.677179,19.6,58.3,166,Vessel_2421,Cargo,MHL,9002420,Anchored,Bay of Bengal
400002421,2026-01-02T16:21:00,3.054659,85.458477,16.8,265.0,69,Vessel_2422,Fishing,MHL,9002421,Under Way,Indian Ocean
400002422,2026-01-02T16:22:00,9.55799,88.553231,16.8,147.9,302,Vessel_2423,Container,IND,9002422,Anchored,Bay of Bengal
400002423,2026-01-02T16:23:00,8.562077,79.377249,12.4,198.6,304,Vessel_2424,Bulk Carrier,PAN,9002423,Moored,Indian Ocean
400002424,2026-01-02T16:24:00,4.940916,82.365999,15.1,305.4,145,Vessel_2425,Bulk Carrier,PAN,9002424,Under Way,Indian Ocean
400002425,2026-01-02T16:25:00,-4.193763,84.330503,11.1,108.5,210,Vessel_2426,Bulk Carrier,SGP,9002425,Anchored,Indian Ocean
400002426,2026-01-02T16:26:00,13.822788,91.338447,4.5,263.2,274,Vessel_2427,Fishing,IND,9002426,Anchored,Bay of Bengal
400002427,2026-01-02T16:27:00,18.198897,89.606675,5.8,113.5,309,Vessel_2428,Cargo,MHL,9002427,Anchored,Bay of Bengal
400002428,2026-01-02T16:28:00,11.53334,58.418027,18.4,354.2,83,Vessel_2429,Bulk Carrier,SGP,9002428,Anchored,Arabian Sea
400002429,2026-01-02T16:29:00,12.934152,60.79756,13.2,22.0,278,Vessel_2430,Cargo,PAN,9002429,Moored,Arabian Sea
400002430,2026-01-02T16:30:00,11.095677,81.878744,4.9,199.7,276,Vessel_2431,Fishing,MHL,9002430,Under Way,Bay of Bengal
400002431,2026-01-02T16:31:00,14.134937,73.195201,6.7,292.5,282,Vessel_2432,Cargo,MHL,9002431,Moored,Indian Ocean
400002432,2026-01-02T16:32:00,4.211805,93.336302,16.4,38.0,177,Vessel_2433,Bulk Carrier,SGP,9002432,Under Way,Indian Ocean
400002433,2026-01-02T16:33:00,23.509087,63.941564,8.2,4.6,0,Vessel_2434,Cargo,IND,9002433,Moored,Arabian Sea
400002434,2026-01-02T16:34:00,17.243465,93.675901,8.9,212.6,305,Vessel_2435,Container,SGP,9002434,Under Way,Bay of Bengal
400002435,2026-01-02T16:35:00,11.585844,81.747645,5.7,203.0,224,Vessel_2436,Fishing,PAN,9002435,Anchored,Bay of Bengal
400002436,2026-01-02T16:36:00,14.681198,89.047765,10.6,258.8,9,Vessel_2437,Tanker,MHL,9002436,Anchored,Bay of Bengal
400002437,2026-01-02T16:37:00,13.288908,67.854781,0.8,40.6,104,Vessel_2438,Bulk Carrier,PAN,9002437,Moored,Arabian Sea
400002438,2026-01-02T16:38:00,5.952109,60.427666,6.5,340.9,129,Vessel_2439,Cargo,MHL,9002438,Moored,Arabian Sea
400002439,2026-01-02T16:39:00,12.867893,60.485175,7.5,151.5,205,Vessel_2440,Container,SGP,9002439,Anchored,Arabian Sea
400002440,2026-01-02T16:40:00,12.556596,70.747949,2.8,116.2,176,Vessel_2441,Fishing,MHL,9002440,Anchored,Arabian Sea
400002441,2026-01-02T16:41:00,7.327759,96.7839,16.9,66.1,92,Vessel_2442,Tanker,MHL,9002441,Under Way,Bay of Bengal
400002442,2026-01-02T16:42:00,9.010501,96.773662,14.2,105.9,15,Vessel_2443,Container,LBR,9002442,Anchored,Bay of Bengal
400002443,2026-01-02T16:43:00,20.313032,85.464332,6.3,282.0,190,Vessel_2444,Fishing,SGP,9002443,Moored,Bay of Bengal
400002444,2026-01-02T16:44:00,10.546379,81.735,18.1,83.2,115,Vessel_2445,Container,IND,9002444,Anchored,Bay of Bengal
400002445,2026-01-02T16:45:00,24.388983,60.749397,16.0,78.3,85,Vessel_2446,Fishing,IND,9002445,Under Way,Arabian Sea
400002446,2026-01-02T16:46:00,-2.525894,65.109032,4.1,32.8,34,Vessel_2447,Bulk Carrier,SGP,9002446,Moored,Indian Ocean
400002447,2026-01-02T16:47:00,17.666147,64.266289,3.5,277.3,274,Vessel_2448,Fishing,SGP,9002447,Moored,Arabian Sea
400002448,2026-01-02T16:48:00,14.446646,92.822579,7.1,116.6,92,Vessel_2449,Fishing,PAN,9002448,Under Way,Bay of Bengal
400002449,2026-01-02T16:49:00,15.250944,65.597724,18.9,36.4,59,Vessel_2450,Fishing,PAN,9002449,Anchored,Indian Ocean
400002450,2026-01-02T16:50:00,15.454112,88.07528,1.2,328.9,270,Vessel_2451,Tanker,PAN,9002450,Anchored,Bay of Bengal
400002451,2026-01-02T16:51:00,-7.217616,77.929474,6.8,169.3,187,Vessel_2452,Cargo,PAN,9002451,Under Way,Indian Ocean
400002452,2026-01-02T16:52:00,12.452127,89.520639,16.4,262.9,57,Vessel_2453,Bulk Carrier,IND,9002452,Anchored,Bay of Bengal
400002453,2026-01-02T16:53:00,-0.991592,92.231106,12.6,71.6,148,Vessel_2454,Fishing,SGP,9002453,Under Way,Indian Ocean
400002454,2026-01-02T16:54:00,8.933256,89.189812,0.7,70.1,271,Vessel_2455,Cargo,LBR,9002454,Under Way,Bay of Bengal
400002455,2026-01-02T16:55:00,18.767617,59.792919,14.2,329.7,93,Vessel_2456,Bulk Carrier,IND,9002455,Moored,Arabian Sea
400002456,2026-01-02T16:56:00,13.602469,96.01324,17.9,199.9,180,Vessel_2457,Cargo,LBR,9002456,Moored,Bay of Bengal
400002457,2026-01-02T16:57:00,8.337087,85.134338,12.2,66.0,350,Vessel_2458,Tanker,PAN,9002457,Under Way,Bay of Bengal
400002458,2026-01-02T16:58:00,13.903407,61.114591,7.2,237.3,167,Vessel_2459,Cargo,LBR,9002458,Moored,Arabian Sea
400002459,2026-01-02T16:59:00,7.030543,66.290501,2.4,152.5,244,Vessel_2460,Cargo,PAN,9002459,Anchored,Arabian Sea
400002460,2026-01-02T17:00:00,13.441588,93.233972,9.7,136.0,83,Vessel_2461,Fishing,LBR,9002460,Moored,Bay of Bengal
400002461,2026-01-02T17:01:00,24.738739,59.489678,17.9,49.0,309,Vessel_2462,Fishing,PAN,9002461,Anchored,Arabian Sea
400002462,2026-01-02T17:02:00,13.816003,70.479725,19.9,18.9,300,Vessel_2463,Fishing,MHL,9002462,Under Way,Indian Ocean
400002463,2026-01-02T17:03:00,-8.892064,61.928969,13.1,122.2,116,Vessel_2464,Fishing,IND,9002463,Moored,Indian Ocean
400002464,2026-01-02T17:04:00,21.653206,68.675163,7.5,34.2,43,Vessel_2465,Fishing,MHL,9002464,Anchored,Arabian Sea
400002465,2026-01-02T17:05:00,5.662017,96.184084,3.7,105.8,141,Vessel_2466,Fishing,MHL,9002465,Anchored,Indian Ocean
400002466,2026-01-02T17:06:00,12.532477,96.03776,14.7,260.0,298,Vessel_2467,Container,LBR,9002466,Under Way,Indian Ocean
400002467,2026-01-02T17:07:00,17.32516,74.83741,17.1,176.0,325,Vessel_2468,Fishing,PAN,9002467,Moored,Indian Ocean
400002468,2026-01-02T17:08:00,23.908957,69.837945,18.5,18.4,73,Vessel_2469,Tanker,LBR,9002468,Moored,Arabian Sea
400002469,2026-01-02T17:09:00,3.882823,81.552526,14.5,237.9,323,Vessel_2470,Tanker,SGP,9002469,Anchored,Indian Ocean
400002470,2026-01-02T17:10:00,6.213437,85.57191,20.0,162.2,41,Vessel_2471,Bulk Carrier,IND,9002470,Anchored,Indian Ocean
400002471,2026-01-02T17:11:00,5.873627,96.636163,5.8,118.0,50,Vessel_2472,Container,SGP,9002471,Anchored,Indian Ocean
400002472,2026-01-02T17:12:00,17.92934,82.877767,21.9,352.6,53,Vessel_2473,Tanker,SGP,9002472,Moored,Bay of Bengal
400002473,2026-01-02T17:13:00,17.763906,59.198401,11.1,270.0,274,Vessel_2474,Tanker,IND,9002473,Moored,Arabian Sea
400002474,2026-01-02T17:14:00,17.195092,74.716801,18.4,28.6,172,Vessel_2475,Fishing,IND,9002474,Under Way,Arabian Sea
400002475,2026-01-02T17:15:00,13.847805,86.267647,19.1,302.9,293,Vessel_2476,Cargo,IND,9002475,Anchored,Indian Ocean
400002476,2026-01-02T17:16:00,14.810567,86.667317,3.3,309.3,216,Vessel_2477,Fishing,SGP,9002476,Under Way,Bay of Bengal
400002477,2026-01-02T17:17:00,6.520315,94.92306,6.9,181.1,10,Vessel_2478,Bulk Carrier,IND,9002477,Moored,Bay of Bengal
400002478,2026-01-02T17:18:00,8.317701,92.120022,0.4,267.2,62,Vessel_2479,Fishing,SGP,9002478,Moored,Bay of Bengal
400002479,2026-01-02T17:19:00,5.208705,74.170519,11.7,306.2,242,Vessel_2480,Container,SGP,9002479,Moored,Arabian Sea
400002480,2026-01-02T17:20:00,10.94255,84.380288,9.4,206.1,353,Vessel_2481,Fishing,PAN,9002480,Moored,Bay of Bengal
400002481,2026-01-02T17:21:00,22.111705,69.343577,0.9,117.7,69,Vessel_2482,Container,SGP,9002481,Moored,Arabian Sea
400002482,2026-01-02T17:22:00,8.511929,81.254218,7.6,250.3,271,Vessel_2483,Bulk Carrier,SGP,9002482,Anchored,Bay of Bengal
400002483,2026-01-02T17:23:00,7.377635,87.917674,4.8,125.2,306,Vessel_2484,Bulk Carrier,MHL,9002483,Under Way,Bay of Bengal
400002484,2026-01-02T17:24:00,12.064597,70.969583,1.3,2.6,170,Vessel_2485,Fishing,PAN,9002484,Anchored,Arabian Sea
400002485,2026-01-02T17:25:00,12.334361,74.112528,9.9,88.4,333,Vessel_2486,Container,LBR,9002485,Anchored,Arabian Sea
400002486,2026-01-02T17:26:00,16.695663,66.361996,7.9,283.6,59,Vessel_2487,Tanker,LBR,9002486,Anchored,Arabian Sea
400002487,2026-01-02T17:27:00,12.857748,68.576853,0.9,48.1,260,Vessel_2488,Cargo,LBR,9002487,Anchored,Arabian Sea
400002488,2026-01-02T17:28:00,14.138715,72.105206,12.0,151.4,332,Vessel_2489,Bulk Carrier,LBR,9002488,Under Way,Arabian Sea
400002489,2026-01-02T17:29:00,20.539914,85.309735,11.5,135.6,130,Vessel_2490,Container,IND,9002489,Moored,Bay of Bengal
400002490,2026-01-02T17:30:00,2.36626,61.398477,2.3,358.7,236,Vessel_2491,Container,SGP,9002490,Anchored,Indian Ocean
400002491,2026-01-02T17:31:00,16.165772,85.392539,6.6,297.3,21,Vessel_2492,Container,IND,9002491,Under Way,Indian Ocean
400002492,2026-01-02T17:32:00,18.385576,65.937259,3.0,351.9,4,Vessel_2493,Container,SGP,9002492,Anchored,Arabian Sea
400002493,2026-01-02T17:33:00,8.545021,82.417776,18.9,313.2,134,Vessel_2494,Container,PAN,9002493,Anchored,Bay of Bengal
400002494,2026-01-02T17:34:00,15.577371,66.580232,13.0,285.1,11,Vessel_2495,Fishing,LBR,9002494,Moored,Arabian Sea
400002495,2026-01-02T17:35:00,13.367782,63.042639,15.3,308.9,337,Vessel_2496,Fishing,IND,9002495,Moored,Arabian Sea
400002496,2026-01-02T17:36:00,8.462664,65.731621,18.9,336.9,260,Vessel_2497,Bulk Carrier,PAN,9002496,Anchored,Arabian Sea
400002497,2026-01-02T17:37:00,6.902059,92.724414,18.3,275.3,275,Vessel_2498,Bulk Carrier,SGP,9002497,Anchored,Bay of Bengal
400002498,2026-01-02T17:38:00,14.070255,72.76532,0.5,347.5,283,Vessel_2499,Fishing,IND,9002498,Under Way,Arabian Sea
400002499,2026-01-02T17:39:00,19.265443,94.773697,17.1,274.9,17,Vessel_2500,Cargo,PAN,9002499,Under Way,Bay of Bengal
400002500,2026-01-02T17:40:00,5.116304,80.908698,1.4,177.1,280,Vessel_2501,Bulk Carrier,LBR,9002500,Moored,Indian Ocean
400002501,2026-01-02T17:41:00,0.774327,80.478771,16.1,77.0,145,Vessel_2502,Bulk Carrier,LBR,9002501,Under Way,Indian Ocean
400002502,2026-01-02T17:42:00,6.602983,92.914282,13.3,223.5,57,Vessel_2503,Container,SGP,9002502,Moored,Bay of Bengal
400002503,2026-01-02T17:43:00,16.20043,98.772985,4.1,45.9,68,Vessel_2504,Container,PAN,9002503,Under Way,Indian Ocean
400002504,2026-01-02T17:44:00,23.476594,56.356402,18.6,309.6,119,Vessel_2505,Tanker,MHL,9002504,Under Way,Arabian Sea
400002505,2026-01-02T17:45:00,9.571186,78.00841,2.9,96.4,143,Vessel_2506,Tanker,IND,9002505,Under Way,Indian Ocean
400002506,2026-01-02T17:46:00,10.704238,87.578682,18.5,97.7,289,Vessel_2507,Cargo,SGP,9002506,Anchored,Indian Ocean
400002507,2026-01-02T17:47:00,21.963121,84.323564,12.1,27.0,318,Vessel_2508,Bulk Carrier,MHL,9002507,Anchored,Bay of Bengal
400002508,2026-01-02T17:48:00,24.09503,73.471939,3.2,99.5,238,Vessel_2509,Tanker,MHL,9002508,Moored,Arabian Sea
400002509,2026-01-02T17:49:00,6.740628,66.040934,8.6,91.8,294,Vessel_2510,Bulk Carrier,SGP,9002509,Under Way,Indian Ocean
400002510,2026-01-02T17:50:00,12.463886,74.837116,18.5,284.8,94,Vessel_2511,Container,IND,9002510,Anchored,Arabian Sea
400002511,2026-01-02T17:51:00,9.370585,68.559397,9.2,38.7,318,Vessel_2512,Tanker,IND,9002511,Under Way,Indian Ocean
400002512,2026-01-02T17:52:00,11.503722,87.769181,15.1,77.2,243,Vessel_2513,Tanker,SGP,9002512,Moored,Bay of Bengal
400002513,2026-01-02T17:53:00,12.627064,91.750359,1.2,333.9,17,Vessel_2514,Tanker,MHL,9002513,Anchored,Bay of Bengal
400002514,2026-01-02T17:54:00,12.818475,71.051753,15.9,25.2,184,Vessel_2515,Cargo,LBR,9002514,Moored,Arabian Sea
400002515,2026-01-02T17:55:00,-9.064682,73.558566,10.5,112.4,30,Vessel_2516,Tanker,LBR,9002515,Under Way,Indian Ocean
400002516,2026-01-02T17:56:00,11.670767,70.958827,21.2,9.3,236,Vessel_2517,Cargo,MHL,9002516,Anchored,Arabian Sea
400002517,2026-01-02T17:57:00,8.790131,70.573847,14.4,61.6,47,Vessel_2518,Tanker,SGP,9002517,Moored,Arabian Sea
400002518,2026-01-02T17:58:00,14.628318,93.378399,10.4,27.1,199,Vessel_2519,Bulk Carrier,SGP,9002518,Under Way,Bay of Bengal
400002519,2026-01-02T17:59:00,5.499034,71.472548,7.0,331.0,143,Vessel_2520,Bulk Carrier,IND,9002519,Anchored,Arabian Sea
400002520,2026-01-02T18:00:00,16.389588,65.943153,21.8,24.6,3,Vessel_2521,Bulk Carrier,PAN,9002520,Anchored,Arabian Sea
400002521,2026-01-02T18:01:00,13.141246,74.665008,3.2,81.0,154,Vessel_2522,Container,SGP,9002521,Under Way,Arabian Sea
400002522,2026-01-02T18:02:00,7.45182,91.663024,0.3,122.9,109,Vessel_2523,Fishing,PAN,9002522,Under Way,Bay of Bengal
400002523,2026-01-02T18:03:00,24.086997,73.277248,14.6,6.1,139,Vessel_2524,Container,LBR,9002523,Anchored,Arabian Sea
400002524,2026-01-02T18:04:00,12.516552,55.452079,14.8,151.0,320,Vessel_2525,Container,PAN,9002524,Under Way,Arabian Sea
400002525,2026-01-02T18:05:00,23.458985,64.406495,1.7,167.2,153,Vessel_2526,Fishing,IND,9002525,Moored,Arabian Sea
400002526,2026-01-02T18:06:00,10.406968,61.898928,15.2,209.8,179,Vessel_2527,Tanker,LBR,9002526,Under Way,Arabian Sea
400002527,2026-01-02T18:07:00,7.115374,66.499449,2.4,342.9,274,Vessel_2528,Fishing,IND,9002527,Under Way,Arabian Sea
400002528,2026-01-02T18:08:00,14.188374,87.282861,16.7,102.5,310,Vessel_2529,Fishing,LBR,9002528,Anchored,Bay of Bengal
400002529,2026-01-02T18:09:00,14.452044,94.240947,20.0,184.4,215,Vessel_2530,Cargo,SGP,9002529,Anchored,Bay of Bengal
400002530,2026-01-02T18:10:00,21.985164,96.341383,11.0,96.7,233,Vessel_2531,Container,IND,9002530,Moored,Bay of Bengal
400002531,2026-01-02T18:11:00,-3.078362,92.834575,12.3,31.8,289,Vessel_2532,Tanker,MHL,9002531,Under Way,Indian Ocean
400002532,2026-01-02T18:12:00,9.956791,95.234674,2.9,156.9,22,Vessel_2533,Tanker,LBR,9002532,Moored,Bay of Bengal
400002533,2026-01-02T18:13:00,11.782989,81.163461,18.1,320.9,103,Vessel_2534,Bulk Carrier,MHL,9002533,Moored,Indian Ocean
400002534,2026-01-02T18:14:00,-6.164274,67.89522,7.2,82.7,276,Vessel_2535,Container,MHL,9002534,Anchored,Indian Ocean
400002535,2026-01-02T18:15:00,12.633805,97.110511,11.1,42.1,293,Vessel_2536,Fishing,LBR,9002535,Anchored,Bay of Bengal
400002536,2026-01-02T18:16:00,12.338789,82.664616,18.8,60.4,85,Vessel_2537,Cargo,LBR,9002536,Moored,Bay of Bengal
400002537,2026-01-02T18:17:00,-5.548468,60.581793,19.9,0.5,106,Vessel_2538,Cargo,IND,9002537,Under Way,Indian Ocean
400002538,2026-01-02T18:18:00,5.363474,65.379943,5.5,104.7,206,Vessel_2539,Bulk Carrier,SGP,9002538,Moored,Arabian Sea
400002539,2026-01-02T18:19:00,17.243729,55.067174,11.5,275.8,290,Vessel_2540,Tanker,IND,9002539,Anchored,Arabian Sea
400002540,2026-01-02T18:20:00,13.123876,55.053002,12.8,307.3,47,Vessel_2541,Bulk Carrier,MHL,9002540,Moored,Arabian Sea
400002541,2026-01-02T18:21:00,-5.431956,69.403878,15.1,72.4,233,Vessel_2542,Fishing,MHL,9002541,Moored,Indian Ocean
400002542,2026-01-02T18:22:00,3.794934,88.654435,1.0,3.2,172,Vessel_2543,Container,MHL,9002542,Under Way,Indian Ocean
400002543,2026-01-02T18:23:00,2.757722,99.998998,8.5,14.6,11,Vessel_2544,Fishing,MHL,9002543,Moored,Indian Ocean
400002544,2026-01-02T18:24:00,16.633048,84.482741,2.6,34.7,125,Vessel_2545,Bulk Carrier,IND,9002544,Under Way,Bay of Bengal
400002545,2026-01-02T18:25:00,16.471414,72.733631,14.6,199.4,189,Vessel_2546,Container,PAN,9002545,Moored,Indian Ocean
400002546,2026-01-02T18:26:00,20.184592,74.257055,6.8,349.2,96,Vessel_2547,Container,IND,9002546,Under Way,Arabian Sea
400002547,2026-01-02T18:27:00,8.458706,93.727504,6.1,147.6,228,Vessel_2548,Container,LBR,9002547,Moored,Bay of Bengal
400002548,2026-01-02T18:28:00,7.916913,71.335342,19.6,98.1,207,Vessel_2549,Bulk Carrier,LBR,9002548,Under Way,Indian Ocean
400002549,2026-01-02T18:29:00,-8.389945,62.342408,3.0,316.4,8,Vessel_2550,Cargo,MHL,9002549,Under Way,Indian Ocean
400002550,2026-01-02T18:30:00,5.209869,96.826021,14.4,184.3,305,Vessel_2551,Container,IND,9002550,Under Way,Indian Ocean
400002551,2026-01-02T18:31:00,7.392553,89.555812,11.0,25.1,134,Vessel_2552,Container,SGP,9002551,Anchored,Bay of Bengal
400002552,2026-01-02T18:32:00,20.793373,62.17022,21.4,147.8,81,Vessel_2553,Cargo,PAN,9002552,Anchored,Arabian Sea
400002553,2026-01-02T18:33:00,5.168425,56.743798,13.6,356.3,286,Vessel_2554,Cargo,MHL,9002553,Moored,Arabian Sea
400002554,2026-01-02T18:34:00,6.822109,82.091517,9.2,24.9,90,Vessel_2555,Container,PAN,9002554,Moored,Bay of Bengal
400002555,2026-01-02T18:35:00,10.737294,72.325551,8.7,317.1,31,Vessel_2556,Bulk Carrier,MHL,9002555,Under Way,Arabian Sea
400002556,2026-01-02T18:36:00,6.107628,63.529411,0.5,30.6,287,Vessel_2557,Cargo,MHL,9002556,Under Way,Arabian Sea
400002557,2026-01-02T18:37:00,6.473321,81.615159,19.3,325.7,102,Vessel_2558,Cargo,MHL,9002557,Moored,Bay of Bengal
400002558,2026-01-02T18:38:00,2.816471,74.033899,2.8,235.1,135,Vessel_2559,Fishing,PAN,9002558,Under Way,Indian Ocean
400002559,2026-01-02T18:39:00,17.502285,87.834072,7.2,343.1,132,Vessel_2560,Container,LBR,9002559,Moored,Bay of Bengal
400002560,2026-01-02T18:40:00,24.412901,61.10923,3.9,51.8,225,Vessel_2561,Bulk Carrier,SGP,9002560,Moored,Arabian Sea
400002561,2026-01-02T18:41:00,11.507929,97.395072,2.4,31.6,121,Vessel_2562,Tanker,PAN,9002561,Anchored,Bay of Bengal
400002562,2026-01-02T18:42:00,12.305651,85.036861,4.5,262.7,251,Vessel_2563,Cargo,PAN,9002562,Under Way,Indian Ocean
400002563,2026-01-02T18:43:00,14.491683,87.593403,10.8,147.1,86,Vessel_2564,Cargo,PAN,9002563,Under Way,Bay of Bengal
400002564,2026-01-02T18:44:00,10.381668,93.042006,14.7,65.8,231,Vessel_2565,Tanker,MHL,9002564,Anchored,Indian Ocean
400002565,2026-01-02T18:45:00,16.96107,86.973683,7.7,250.9,204,Vessel_2566,Cargo,SGP,9002565,Anchored,Bay of Bengal
400002566,2026-01-02T18:46:00,24.127853,67.428023,9.7,358.2,279,Vessel_2567,Bulk Carrier,MHL,9002566,Anchored,Arabian Sea
400002567,2026-01-02T18:47:00,-1.196446,78.683261,1.8,57.3,30,Vessel_2568,Cargo,PAN,9002567,Under Way,Indian Ocean
400002568,2026-01-02T18:48:00,13.255619,73.652987,17.7,108.9,289,Vessel_2569,Bulk Carrier,PAN,9002568,Under Way,Arabian Sea
400002569,2026-01-02T18:49:00,9.70587,72.281888,17.9,110.4,157,Vessel_2570,Bulk Carrier,LBR,9002569,Moored,Arabian Sea
400002570,2026-01-02T18:50:00,23.949486,58.016318,7.4,228.8,129,Vessel_2571,Fishing,PAN,9002570,Under Way,Arabian Sea
400002571,2026-01-02T18:51:00,9.365224,94.141785,0.4,143.5,353,Vessel_2572,Container,PAN,9002571,Moored,Bay of Bengal
400002572,2026-01-02T18:52:00,20.328299,57.021507,15.6,177.0,100,Vessel_2573,Fishing,MHL,9002572,Under Way,Arabian Sea
400002573,2026-01-02T18:53:00,-5.597448,69.963105,18.9,154.0,157,Vessel_2574,Cargo,PAN,9002573,Moored,Indian Ocean
400002574,2026-01-02T18:54:00,13.668651,80.017712,19.0,289.5,33,Vessel_2575,Fishing,MHL,9002574,Anchored,Indian Ocean
400002575,2026-01-02T18:55:00,14.041123,81.473614,21.8,145.4,9,Vessel_2576,Container,IND,9002575,Under Way,Indian Ocean
400002576,2026-01-02T18:56:00,8.634897,58.219957,19.3,111.6,336,Vessel_2577,Container,IND,9002576,Moored,Arabian Sea
400002577,2026-01-02T18:57:00,9.942691,55.586152,15.6,18.3,312,Vessel_2578,Fishing,LBR,9002577,Under Way,Arabian Sea
400002578,2026-01-02T18:58:00,14.933425,57.009602,16.1,313.2,197,Vessel_2579,Tanker,IND,9002578,Under Way,Arabian Sea
400002579,2026-01-02T18:59:00,6.24964,68.977347,2.3,160.4,303,Vessel_2580,Fishing,MHL,9002579,Under Way,Arabian Sea
400002580,2026-01-02T19:00:00,6.789309,60.52045,20.6,75.3,243,Vessel_2581,Tanker,SGP,9002580,Under Way,Arabian Sea
400002581,2026-01-02T19:01:00,4.89146,63.956057,18.1,273.5,284,Vessel_2582,Bulk Carrier,IND,9002581,Moored,Indian Ocean
400002582,2026-01-02T19:02:00,22.692522,70.153408,19.5,55.9,181,Vessel_2583,Fishing,IND,9002582,Moored,Arabian Sea
400002583,2026-01-02T19:03:00,-2.248885,83.273377,6.3,351.2,238,Vessel_2584,Fishing,PAN,9002583,Anchored,Indian Ocean
400002584,2026-01-02T19:04:00,17.573726,56.540826,21.1,122.3,172,Vessel_2585,Fishing,SGP,9002584,Moored,Arabian Sea
400002585,2026-01-02T19:05:00,5.452676,73.45248,12.3,242.7,227,Vessel_2586,Fishing,IND,9002585,Anchored,Arabian Sea
400002586,2026-01-02T19:06:00,20.587792,66.974886,1.2,81.4,57,Vessel_2587,Bulk Carrier,IND,9002586,Anchored,Arabian Sea
400002587,2026-01-02T19:07:00,16.050496,65.239714,17.1,168.7,79,Vessel_2588,Cargo,SGP,9002587,Moored,Arabian Sea
400002588,2026-01-02T19:08:00,16.373458,83.523146,21.7,90.2,251,Vessel_2589,Tanker,MHL,9002588,Under Way,Indian Ocean
400002589,2026-01-02T19:09:00,10.760416,84.080331,9.8,150.5,54,Vessel_2590,Tanker,SGP,9002589,Anchored,Bay of Bengal
400002590,2026-01-02T19:10:00,-9.552269,88.911793,12.1,281.6,238,Vessel_2591,Fishing,IND,9002590,Under Way,Indian Ocean
400002591,2026-01-02T19:11:00,18.026637,68.382594,6.4,286.6,69,Vessel_2592,Cargo,LBR,9002591,Under Way,Arabian Sea
400002592,2026-01-02T19:12:00,24.405557,57.430833,12.9,283.4,196,Vessel_2593,Fishing,LBR,9002592,Moored,Arabian Sea
400002593,2026-01-02T19:13:00,19.397571,84.672469,14.7,7.2,226,Vessel_2594,Container,IND,9002593,Anchored,Bay of Bengal
400002594,2026-01-02T19:14:00,10.702806,69.836313,18.7,328.3,186,Vessel_2595,Cargo,IND,9002594,Anchored,Indian Ocean
400002595,2026-01-02T19:15:00,19.715998,71.774591,19.7,295.6,198,Vessel_2596,Tanker,IND,9002595,Anchored,Arabian Sea
400002596,2026-01-02T19:16:00,9.351712,62.279574,21.5,342.8,332,Vessel_2597,Fishing,PAN,9002596,Under Way,Arabian Sea
400002597,2026-01-02T19:17:00,19.425089,92.650693,15.3,222.6,113,Vessel_2598,Fishing,SGP,9002597,Anchored,Bay of Bengal
400002598,2026-01-02T19:18:00,15.658384,80.135569,4.8,3.7,54,Vessel_2599,Bulk Carrier,MHL,9002598,Under Way,Indian Ocean
400002599,2026-01-02T19:19:00,11.327856,59.572663,3.2,132.2,36,Vessel_2600,Bulk Carrier,LBR,9002599,Moored,Arabian Sea
400002600,2026-01-02T19:20:00,17.982061,92.857525,21.8,250.7,206,Vessel_2601,Cargo,SGP,9002600,Moored,Bay of Bengal
400002601,2026-01-02T19:21:00,15.875053,69.306902,12.1,33.6,166,Vessel_2602,Tanker,IND,9002601,Anchored,Indian Ocean
400002602,2026-01-02T19:22:00,12.150389,93.836733,3.4,181.5,299,Vessel_2603,Bulk Carrier,IND,9002602,Anchored,Bay of Bengal
400002603,2026-01-02T19:23:00,9.195292,86.065281,16.4,328.3,56,Vessel_2604,Cargo,MHL,9002603,Under Way,Bay of Bengal
400002604,2026-01-02T19:24:00,20.429325,85.931284,2.2,84.1,190,Vessel_2605,Fishing,LBR,9002604,Moored,Bay of Bengal
400002605,2026-01-02T19:25:00,11.827323,60.191947,8.3,337.1,23,Vessel_2606,Fishing,LBR,9002605,Under Way,Arabian Sea
400002606,2026-01-02T19:26:00,19.68704,55.377216,6.5,105.1,189,Vessel_2607,Container,LBR,9002606,Anchored,Arabian Sea
400002607,2026-01-02T19:27:00,7.402889,86.445855,9.7,9.8,104,Vessel_2608,Tanker,MHL,9002607,Anchored,Bay of Bengal
400002608,2026-01-02T19:28:00,12.233076,71.110179,16.6,172.6,328,Vessel_2609,Cargo,LBR,9002608,Moored,Arabian Sea
400002609,2026-01-02T19:29:00,-8.163957,63.908105,7.0,351.4,271,Vessel_2610,Tanker,SGP,9002609,Anchored,Indian Ocean
400002610,2026-01-02T19:30:00,18.962745,95.129659,11.1,116.4,235,Vessel_2611,Cargo,LBR,9002610,Under Way,Bay of Bengal
400002611,2026-01-02T19:31:00,16.25245,61.646616,17.0,141.6,270,Vessel_2612,Bulk Carrier,SGP,9002611,Anchored,Arabian Sea
400002612,2026-01-02T19:32:00,16.100011,71.67811,21.9,161.1,219,Vessel_2613,Container,SGP,9002612,Under Way,Arabian Sea
400002613,2026-01-02T19:33:00,16.095945,86.790445,4.6,171.7,34,Vessel_2614,Cargo,PAN,9002613,Under Way,Bay of Bengal
400002614,2026-01-02T19:34:00,6.454696,96.833874,10.5,248.3,183,Vessel_2615,Fishing,SGP,9002614,Under Way,Indian Ocean
400002615,2026-01-02T19:35:00,2.937121,80.157988,10.5,18.7,343,Vessel_2616,Tanker,PAN,9002615,Moored,Indian Ocean
400002616,2026-01-02T19:36:00,19.809445,83.652871,5.1,20.7,171,Vessel_2617,Container,SGP,9002616,Anchored,Indian Ocean
400002617,2026-01-02T19:37:00,11.937063,55.507987,11.5,299.5,74,Vessel_2618,Bulk Carrier,SGP,9002617,Moored,Arabian Sea
400002618,2026-01-02T19:38:00,17.617463,97.225876,7.2,306.5,219,Vessel_2619,Container,IND,9002618,Anchored,Bay of Bengal
400002619,2026-01-02T19:39:00,18.636229,69.757333,9.1,20.7,242,Vessel_2620,Fishing,MHL,9002619,Anchored,Arabian Sea
400002620,2026-01-02T19:40:00,17.081559,86.196714,3.5,305.3,300,Vessel_2621,Tanker,SGP,9002620,Moored,Bay of Bengal
400002621,2026-01-02T19:41:00,7.501764,83.256698,4.6,144.5,66,Vessel_2622,Bulk Carrier,SGP,9002621,Under Way,Bay of Bengal
400002622,2026-01-02T19:42:00,19.123331,58.508824,14.2,173.1,54,Vessel_2623,Tanker,LBR,9002622,Anchored,Arabian Sea
400002623,2026-01-02T19:43:00,16.610217,77.037055,2.7,176.6,216,Vessel_2624,Cargo,IND,9002623,Anchored,Indian Ocean
400002624,2026-01-02T19:44:00,17.335762,65.863907,2.5,96.3,282,Vessel_2625,Bulk Carrier,MHL,9002624,Moored,Arabian Sea
400002625,2026-01-02T19:45:00,5.647639,58.514428,2.3,152.5,296,Vessel_2626,Tanker,SGP,9002625,Moored,Arabian Sea
400002626,2026-01-02T19:46:00,8.743609,72.969775,16.4,357.2,291,Vessel_2627,Fishing,IND,9002626,Under Way,Arabian Sea
400002627,2026-01-02T19:47:00,8.13454,87.155372,10.9,27.8,216,Vessel_2628,Fishing,IND,9002627,Under Way,Bay of Bengal
400002628,2026-01-02T19:48:00,12.897403,95.967065,0.4,77.6,41,Vessel_2629,Bulk Carrier,SGP,9002628,Anchored,Bay of Bengal
400002629,2026-01-02T19:49:00,22.763445,68.705018,20.7,104.5,101,Vessel_2630,Cargo,SGP,9002629,Anchored,Arabian Sea
400002630,2026-01-02T19:50:00,8.120177,96.502766,8.3,80.4,57,Vessel_2631,Bulk Carrier,SGP,9002630,Moored,Bay of Bengal
400002631,2026-01-02T19:51:00,18.302836,87.798162,5.3,199.3,276,Vessel_2632,Cargo,MHL,9002631,Under Way,Bay of Bengal
400002632,2026-01-02T19:52:00,1.930956,97.185122,5.7,56.1,179,Vessel_2633,Fishing,MHL,9002632,Moored,Indian Ocean
400002633,2026-01-02T19:53:00,6.848337,90.865217,16.2,80.7,236,Vessel_2634,Cargo,LBR,9002633,Under Way,Bay of Bengal
400002634,2026-01-02T19:54:00,15.83537,66.402613,12.6,295.2,113,Vessel_2635,Container,IND,9002634,Anchored,Indian Ocean
400002635,2026-01-02T19:55:00,14.513125,62.379987,18.3,258.0,231,Vessel_2636,Bulk Carrier,PAN,9002635,Under Way,Indian Ocean
400002636,2026-01-02T19:56:00,19.671215,89.953366,6.7,350.8,301,Vessel_2637,Bulk Carrier,PAN,9002636,Moored,Bay of Bengal
400002637,2026-01-02T19:57:00,8.798054,74.94539,10.0,0.2,279,Vessel_2638,Bulk Carrier,PAN,9002637,Under Way,Indian Ocean
400002638,2026-01-02T19:58:00,17.719123,97.886912,16.6,303.9,11,Vessel_2639,Cargo,IND,9002638,Moored,Bay of Bengal
400002639,2026-01-02T19:59:00,18.302147,73.447321,12.4,302.4,87,Vessel_2640,Fishing,IND,9002639,Under Way,Arabian Sea
400002640,2026-01-02T20:00:00,20.432945,73.082367,17.1,339.1,121,Vessel_2641,Fishing,IND,9002640,Anchored,Arabian Sea
400002641,2026-01-02T20:01:00,14.217636,96.449655,12.9,62.2,80,Vessel_2642,Container,SGP,9002641,Under Way,Bay of Bengal
400002642,2026-01-02T20:02:00,8.466263,74.14809,5.4,24.1,78,Vessel_2643,Container,PAN,9002642,Anchored,Arabian Sea
400002643,2026-01-02T20:03:00,7.270442,72.694725,5.0,121.2,168,Vessel_2644,Tanker,SGP,9002643,Anchored,Arabian Sea
400002644,2026-01-02T20:04:00,5.128809,82.17536,12.3,249.6,106,Vessel_2645,Fishing,SGP,9002644,Under Way,Indian Ocean
400002645,2026-01-02T20:05:00,22.502941,60.890865,5.4,330.0,303,Vessel_2646,Bulk Carrier,SGP,9002645,Under Way,Arabian Sea
400002646,2026-01-02T20:06:00,-9.200431,82.573226,16.3,358.9,118,Vessel_2647,Tanker,SGP,9002646,Anchored,Indian Ocean
400002647,2026-01-02T20:07:00,6.53792,95.834669,1.3,280.0,306,Vessel_2648,Bulk Carrier,PAN,9002647,Moored,Bay of Bengal
400002648,2026-01-02T20:08:00,8.443642,98.055154,2.6,87.1,254,Vessel_2649,Bulk Carrier,SGP,9002648,Under Way,Indian Ocean
400002649,2026-01-02T20:09:00,12.816357,90.583967,6.1,23.5,7,Vessel_2650,Bulk Carrier,SGP,9002649,Moored,Bay of Bengal
400002650,2026-01-02T20:10:00,15.895593,90.19443,19.8,122.7,50,Vessel_2651,Fishing,SGP,9002650,Under Way,Bay of Bengal
400002651,2026-01-02T20:11:00,12.587755,92.653831,2.2,133.7,205,Vessel_2652,Cargo,LBR,9002651,Anchored,Bay of Bengal
400002652,2026-01-02T20:12:00,10.414533,92.020036,11.2,329.5,128,Vessel_2653,Bulk Carrier,IND,9002652,Under Way,Bay of Bengal
400002653,2026-01-02T20:13:00,-9.237855,84.832433,2.7,290.3,117,Vessel_2654,Tanker,IND,9002653,Moored,Indian Ocean
400002654,2026-01-02T20:14:00,-5.249824,89.673068,11.7,96.4,70,Vessel_2655,Container,IND,9002654,Under Way,Indian Ocean
400002655,2026-01-02T20:15:00,19.103011,56.255892,15.2,308.8,181,Vessel_2656,Tanker,PAN,9002655,Under Way,Arabian Sea
400002656,2026-01-02T20:16:00,8.568023,93.894075,2.2,229.7,153,Vessel_2657,Cargo,IND,9002656,Moored,Bay of Bengal
400002657,2026-01-02T20:17:00,13.246946,90.643035,14.0,93.7,309,Vessel_2658,Cargo,PAN,9002657,Moored,Bay of Bengal
400002658,2026-01-02T20:18:00,-2.460272,65.251692,21.4,180.1,120,Vessel_2659,Container,PAN,9002658,Moored,Indian Ocean
400002659,2026-01-02T20:19:00,13.736508,83.62803,16.2,347.9,154,Vessel_2660,Fishing,LBR,9002659,Anchored,Indian Ocean
400002660,2026-01-02T20:20:00,13.628441,67.680947,18.2,71.2,106,Vessel_2661,Cargo,SGP,9002660,Moored,Arabian Sea
400002661,2026-01-02T20:21:00,19.58532,77.199935,2.1,313.3,29,Vessel_2662,Cargo,PAN,9002661,Anchored,Indian Ocean
400002662,2026-01-02T20:22:00,6.287051,71.593445,9.5,20.6,266,Vessel_2663,Container,MHL,9002662,Anchored,Indian Ocean
400002663,2026-01-02T20:23:00,5.818751,67.684218,16.3,61.7,164,Vessel_2664,Bulk Carrier,LBR,9002663,Under Way,Indian Ocean
400002664,2026-01-02T20:24:00,18.405114,80.32381,11.2,142.8,64,Vessel_2665,Fishing,SGP,9002664,Anchored,Bay of Bengal
400002665,2026-01-02T20:25:00,20.707622,95.520744,14.0,114.5,191,Vessel_2666,Tanker,MHL,9002665,Anchored,Bay of Bengal
400002666,2026-01-02T20:26:00,16.108983,58.45227,19.1,3.1,54,Vessel_2667,Fishing,SGP,9002666,Anchored,Arabian Sea
400002667,2026-01-02T20:27:00,13.874432,97.353049,8.9,271.7,153,Vessel_2668,Bulk Carrier,SGP,9002667,Moored,Indian Ocean
400002668,2026-01-02T20:28:00,8.20795,93.688623,19.4,232.0,46,Vessel_2669,Cargo,SGP,9002668,Under Way,Bay of Bengal
400002669,2026-01-02T20:29:00,6.482222,90.255169,3.9,4.1,6,Vessel_2670,Fishing,LBR,9002669,Anchored,Bay of Bengal
400002670,2026-01-02T20:30:00,21.629506,63.86768,3.0,143.1,134,Vessel_2671,Container,IND,9002670,Moored,Arabian Sea
400002671,2026-01-02T20:31:00,12.315246,83.332008,10.5,102.3,20,Vessel_2672,Tanker,SGP,9002671,Moored,Bay of Bengal
400002672,2026-01-02T20:32:00,5.998045,70.205164,12.6,88.2,102,Vessel_2673,Fishing,MHL,9002672,Under Way,Arabian Sea
400002673,2026-01-02T20:33:00,8.206442,71.727078,2.1,340.9,113,Vessel_2674,Bulk Carrier,IND,9002673,Moored,Arabian Sea
400002674,2026-01-02T20:34:00,13.39744,55.425354,11.6,165.6,337,Vessel_2675,Tanker,PAN,9002674,Anchored,Arabian Sea
400002675,2026-01-02T20:35:00,11.803966,96.62244,16.5,298.3,28,Vessel_2676,Bulk Carrier,LBR,9002675,Under Way,Bay of Bengal
400002676,2026-01-02T20:36:00,9.783463,92.756808,15.7,127.1,7,Vessel_2677,Fishing,PAN,9002676,Under Way,Bay of Bengal
400002677,2026-01-02T20:37:00,7.948891,84.884784,2.0,296.6,337,Vessel_2678,Cargo,SGP,9002677,Moored,Bay of Bengal
400002678,2026-01-02T20:38:00,9.11172,72.346934,4.4,147.3,6,Vessel_2679,Fishing,PAN,9002678,Anchored,Arabian Sea
400002679,2026-01-02T20:39:00,-7.205395,77.410913,3.0,71.8,50,Vessel_2680,Bulk Carrier,PAN,9002679,Anchored,Indian Ocean
400002680,2026-01-02T20:40:00,6.977171,93.479584,10.1,166.5,337,Vessel_2681,Bulk Carrier,MHL,9002680,Anchored,Bay of Bengal
400002681,2026-01-02T20:41:00,21.167373,96.097321,16.5,151.5,354,Vessel_2682,Cargo,PAN,9002681,Moored,Bay of Bengal
400002682,2026-01-02T20:42:00,8.061033,97.544205,18.0,315.9,35,Vessel_2683,Bulk Carrier,PAN,9002682,Anchored,Bay of Bengal
400002683,2026-01-02T20:43:00,15.231941,63.827606,22.0,300.1,253,Vessel_2684,Fishing,MHL,9002683,Moored,Arabian Sea
400002684,2026-01-02T20:44:00,8.44871,68.946664,0.9,60.6,286,Vessel_2685,Cargo,LBR,9002684,Anchored,Arabian Sea
400002685,2026-01-02T20:45:00,18.115426,81.399849,10.9,78.6,176,Vessel_2686,Bulk Carrier,PAN,9002685,Under Way,Bay of Bengal
400002686,2026-01-02T20:46:00,14.717442,82.90398,9.9,273.1,5,Vessel_2687,Cargo,PAN,9002686,Anchored,Indian Ocean
400002687,2026-01-02T20:47:00,1.091694,69.01578,18.5,49.1,286,Vessel_2688,Fishing,IND,9002687,Anchored,Indian Ocean
400002688,2026-01-02T20:48:00,4.028314,67.9144,9.5,253.5,32,Vessel_2689,Tanker,IND,9002688,Moored,Indian Ocean
400002689,2026-01-02T20:49:00,8.861321,95.739145,13.8,112.3,137,Vessel_2690,Cargo,IND,9002689,Anchored,Bay of Bengal
400002690,2026-01-02T20:50:00,-1.644186,72.851483,13.0,5.7,16,Vessel_2691,Fishing,SGP,9002690,Anchored,Indian Ocean
400002691,2026-01-02T20:51:00,-7.670423,86.878465,1.1,175.5,331,Vessel_2692,Bulk Carrier,IND,9002691,Anchored,Indian Ocean
400002692,2026-01-02T20:52:00,14.112214,74.123701,11.5,99.0,234,Vessel_2693,Tanker,LBR,9002692,Moored,Arabian Sea
400002693,2026-01-02T20:53:00,6.400025,93.543953,18.6,345.7,179,Vessel_2694,Bulk Carrier,PAN,9002693,Anchored,Bay of Bengal
400002694,2026-01-02T20:54:00,7.233351,95.783104,16.6,145.1,34,Vessel_2695,Container,PAN,9002694,Moored,Bay of Bengal
400002695,2026-01-02T20:55:00,15.389344,71.329528,16.4,205.1,30,Vessel_2696,Cargo,LBR,9002695,Anchored,Arabian Sea
400002696,2026-01-02T20:56:00,-4.991885,93.724932,0.2,185.6,171,Vessel_2697,Tanker,LBR,9002696,Moored,Indian Ocean
400002697,2026-01-02T20:57:00,1.551762,71.602238,5.2,147.9,219,Vessel_2698,Tanker,PAN,9002697,Under Way,Indian Ocean
400002698,2026-01-02T20:58:00,19.117758,63.884141,20.1,212.6,125,Vessel_2699,Cargo,IND,9002698,Anchored,Arabian Sea
400002699,2026-01-02T20:59:00,15.958406,91.985694,0.5,145.2,358,Vessel_2700,Tanker,MHL,9002699,Under Way,Bay of Bengal
400002700,2026-01-02T21:00:00,19.697911,63.412594,19.5,170.7,294,Vessel_2701,Container,IND,9002700,Moored,Arabian Sea
400002701,2026-01-02T21:01:00,20.421947,64.042439,14.2,154.7,111,Vessel_2702,Fishing,PAN,9002701,Moored,Arabian Sea
400002702,2026-01-02T21:02:00,14.250145,61.867633,10.4,73.7,212,Vessel_2703,Cargo,PAN,9002702,Moored,Indian Ocean
400002703,2026-01-02T21:03:00,18.927512,68.87199,19.1,180.8,246,Vessel_2704,Bulk Carrier,IND,9002703,Moored,Arabian Sea
400002704,2026-01-02T21:04:00,18.579939,91.478248,18.7,302.9,326,Vessel_2705,Container,MHL,9002704,Under Way,Bay of Bengal
400002705,2026-01-02T21:05:00,21.568716,68.889386,1.3,232.6,287,Vessel_2706,Bulk Carrier,IND,9002705,Moored,Arabian Sea
400002706,2026-01-02T21:06:00,16.607498,87.970074,9.0,73.9,31,Vessel_2707,Tanker,LBR,9002706,Under Way,Bay of Bengal
400002707,2026-01-02T21:07:00,17.927977,87.046641,19.4,170.4,297,Vessel_2708,Fishing,SGP,9002707,Moored,Indian Ocean
400002708,2026-01-02T21:08:00,-7.597237,99.807852,18.0,334.0,251,Vessel_2709,Tanker,MHL,9002708,Under Way,Indian Ocean
400002709,2026-01-02T21:09:00,16.941275,97.383959,16.9,277.4,119,Vessel_2710,Bulk Carrier,IND,9002709,Anchored,Bay of Bengal
400002710,2026-01-02T21:10:00,17.432604,60.243032,9.3,298.1,312,Vessel_2711,Container,SGP,9002710,Anchored,Indian Ocean
400002711,2026-01-02T21:11:00,-1.241898,61.208281,15.8,212.3,351,Vessel_2712,Cargo,IND,9002711,Moored,Indian Ocean
400002712,2026-01-02T21:12:00,24.152826,61.049738,21.8,215.9,9,Vessel_2713,Tanker,PAN,9002712,Anchored,Arabian Sea
400002713,2026-01-02T21:13:00,8.314874,76.741872,0.6,136.6,91,Vessel_2714,Tanker,MHL,9002713,Anchored,Indian Ocean
400002714,2026-01-02T21:14:00,3.175676,60.07967,5.7,218.0,83,Vessel_2715,Container,SGP,9002714,Moored,Indian Ocean
400002715,2026-01-02T21:15:00,12.274974,71.117443,17.3,291.4,357,Vessel_2716,Cargo,IND,9002715,Anchored,Indian Ocean
400002716,2026-01-02T21:16:00,6.163316,76.571411,11.0,332.9,197,Vessel_2717,Bulk Carrier,PAN,9002716,Moored,Indian Ocean
400002717,2026-01-02T21:17:00,18.556017,61.874797,14.2,208.2,26,Vessel_2718,Tanker,LBR,9002717,Moored,Arabian Sea
400002718,2026-01-02T21:18:00,20.002234,90.456538,15.9,50.9,334,Vessel_2719,Fishing,IND,9002718,Anchored,Bay of Bengal
400002719,2026-01-02T21:19:00,8.994263,63.975366,1.0,170.9,306,Vessel_2720,Cargo,LBR,9002719,Moored,Arabian Sea
400002720,2026-01-02T21:20:00,5.723032,95.837039,4.5,184.2,276,Vessel_2721,Tanker,MHL,9002720,Moored,Bay of Bengal
400002721,2026-01-02T21:21:00,14.085232,63.042223,11.6,215.6,212,Vessel_2722,Fishing,SGP,9002721,Moored,Arabian Sea
400002722,2026-01-02T21:22:00,19.159701,95.164052,7.2,339.8,338,Vessel_2723,Tanker,LBR,9002722,Under Way,Bay of Bengal
400002723,2026-01-02T21:23:00,5.229271,83.178145,7.5,202.8,328,Vessel_2724,Bulk Carrier,PAN,9002723,Under Way,Indian Ocean
400002724,2026-01-02T21:24:00,13.378967,55.043645,20.6,246.1,307,Vessel_2725,Bulk Carrier,IND,9002724,Under Way,Arabian Sea
400002725,2026-01-02T21:25:00,11.904457,82.383771,12.3,190.4,8,Vessel_2726,Cargo,MHL,9002725,Under Way,Bay of Bengal
400002726,2026-01-02T21:26:00,5.965916,93.63338,3.9,331.3,99,Vessel_2727,Container,PAN,9002726,Anchored,Bay of Bengal
400002727,2026-01-02T21:27:00,11.521271,66.897242,13.9,66.0,129,Vessel_2728,Container,MHL,9002727,Moored,Arabian Sea
400002728,2026-01-02T21:28:00,20.299834,81.462014,0.2,267.9,338,Vessel_2729,Cargo,PAN,9002728,Under Way,Bay of Bengal
400002729,2026-01-02T21:29:00,16.307158,68.597985,13.1,210.2,79,Vessel_2730,Cargo,LBR,9002729,Anchored,Indian Ocean
400002730,2026-01-02T21:30:00,5.179099,66.026394,5.9,162.0,30,Vessel_2731,Cargo,MHL,9002730,Anchored,Arabian Sea
400002731,2026-01-02T21:31:00,12.831352,60.030766,20.2,105.4,192,Vessel_2732,Container,SGP,9002731,Moored,Indian Ocean
400002732,2026-01-02T21:32:00,5.714487,86.387477,15.4,152.5,256,Vessel_2733,Tanker,MHL,9002732,Anchored,Bay of Bengal
400002733,2026-01-02T21:33:00,18.241036,85.010864,0.4,87.3,204,Vessel_2734,Container,MHL,9002733,Moored,Bay of Bengal
400002734,2026-01-02T21:34:00,7.377129,72.485566,12.5,358.3,127,Vessel_2735,Fishing,PAN,9002734,Anchored,Arabian Sea
400002735,2026-01-02T21:35:00,2.001972,66.090806,4.3,45.7,219,Vessel_2736,Tanker,LBR,9002735,Anchored,Indian Ocean
400002736,2026-01-02T21:36:00,15.273423,91.248729,11.6,101.8,37,Vessel_2737,Cargo,PAN,9002736,Moored,Bay of Bengal
400002737,2026-01-02T21:37:00,14.638109,88.722834,20.1,318.6,89,Vessel_2738,Cargo,IND,9002737,Anchored,Bay of Bengal
400002738,2026-01-02T21:38:00,17.096644,62.739032,3.6,147.5,317,Vessel_2739,Cargo,IND,9002738,Anchored,Arabian Sea
400002739,2026-01-02T21:39:00,11.768637,97.396971,20.9,204.3,208,Vessel_2740,Cargo,SGP,9002739,Anchored,Bay of Bengal
400002740,2026-01-02T21:40:00,15.374638,90.620154,19.6,215.7,79,Vessel_2741,Fishing,MHL,9002740,Moored,Bay of Bengal
400002741,2026-01-02T21:41:00,-2.56155,72.824651,12.2,171.4,204,Vessel_2742,Fishing,MHL,9002741,Anchored,Indian Ocean
400002742,2026-01-02T21:42:00,4.862966,84.436602,8.2,280.4,6,Vessel_2743,Container,IND,9002742,Under Way,Indian Ocean
400002743,2026-01-02T21:43:00,13.928262,80.879403,20.8,289.9,311,Vessel_2744,Cargo,IND,9002743,Anchored,Bay of Bengal
400002744,2026-01-02T21:44:00,17.062451,69.920713,21.5,215.2,79,Vessel_2745,Cargo,LBR,9002744,Under Way,Arabian Sea
400002745,2026-01-02T21:45:00,5.088381,56.32997,6.5,234.2,337,Vessel_2746,Bulk Carrier,LBR,9002745,Under Way,Arabian Sea
400002746,2026-01-02T21:46:00,11.731301,97.755802,21.0,109.5,333,Vessel_2747,Cargo,IND,9002746,Anchored,Indian Ocean
400002747,2026-01-02T21:47:00,18.073509,62.828679,6.6,6.0,264,Vessel_2748,Fishing,LBR,9002747,Anchored,Indian Ocean
400002748,2026-01-02T21:48:00,23.022667,71.87233,10.3,11.9,313,Vessel_2749,Fishing,LBR,9002748,Moored,Arabian Sea
400002749,2026-01-02T21:49:00,19.157995,86.9074,3.5,282.1,357,Vessel_2750,Cargo,PAN,9002749,Under Way,Bay of Bengal
400002750,2026-01-02T21:50:00,15.55844,92.769577,3.3,186.2,119,Vessel_2751,Container,SGP,9002750,Under Way,Bay of Bengal
400002751,2026-01-02T21:51:00,17.974642,99.733048,9.4,338.3,52,Vessel_2752,Fishing,PAN,9002751,Moored,Indian Ocean
400002752,2026-01-02T21:52:00,2.020363,96.614948,12.5,350.7,279,Vessel_2753,Tanker,PAN,9002752,Anchored,Indian Ocean
400002753,2026-01-02T21:53:00,-6.048742,60.172554,10.4,130.9,321,Vessel_2754,Tanker,LBR,9002753,Moored,Indian Ocean
400002754,2026-01-02T21:54:00,11.953682,96.856051,9.5,119.6,245,Vessel_2755,Cargo,PAN,9002754,Under Way,Bay of Bengal
400002755,2026-01-02T21:55:00,9.21445,96.908777,10.8,43.3,83,Vessel_2756,Container,SGP,9002755,Under Way,Bay of Bengal
400002756,2026-01-02T21:56:00,-4.174865,86.419046,6.9,145.3,6,Vessel_2757,Tanker,LBR,9002756,Anchored,Indian Ocean
400002757,2026-01-02T21:57:00,8.339638,83.052049,10.9,348.5,31,Vessel_2758,Cargo,LBR,9002757,Under Way,Bay of Bengal
400002758,2026-01-02T21:58:00,12.853855,67.173546,1.0,249.5,318,Vessel_2759,Fishing,MHL,9002758,Moored,Indian Ocean
400002759,2026-01-02T21:59:00,16.815726,65.312728,4.3,165.0,97,Vessel_2760,Container,SGP,9002759,Anchored,Arabian Sea
400002760,2026-01-02T22:00:00,9.676048,88.073971,12.1,0.0,138,Vessel_2761,Bulk Carrier,LBR,9002760,Under Way,Bay of Bengal
400002761,2026-01-02T22:01:00,17.746471,89.621812,19.1,278.0,161,Vessel_2762,Tanker,IND,9002761,Moored,Bay of Bengal
400002762,2026-01-02T22:02:00,12.030161,81.371894,16.7,25.6,241,Vessel_2763,Tanker,MHL,9002762,Anchored,Bay of Bengal
400002763,2026-01-02T22:03:00,14.666425,59.777846,14.5,310.1,303,Vessel_2764,Container,IND,9002763,Anchored,Arabian Sea
400002764,2026-01-02T22:04:00,11.519953,97.48881,0.8,292.2,285,Vessel_2765,Container,MHL,9002764,Under Way,Bay of Bengal
400002765,2026-01-02T22:05:00,10.887384,93.355777,16.0,290.0,164,Vessel_2766,Bulk Carrier,PAN,9002765,Anchored,Bay of Bengal
400002766,2026-01-02T22:06:00,14.023001,75.696024,8.0,216.2,59,Vessel_2767,Bulk Carrier,IND,9002766,Moored,Indian Ocean
400002767,2026-01-02T22:07:00,18.961389,80.048471,6.3,211.0,6,Vessel_2768,Container,PAN,9002767,Anchored,Bay of Bengal
400002768,2026-01-02T22:08:00,15.791525,74.694241,21.9,89.3,279,Vessel_2769,Cargo,SGP,9002768,Under Way,Arabian Sea
400002769,2026-01-02T22:09:00,-9.275991,68.360245,8.4,276.1,20,Vessel_2770,Cargo,MHL,9002769,Anchored,Indian Ocean
400002770,2026-01-02T22:10:00,6.640488,87.379708,6.1,349.0,10,Vessel_2771,Bulk Carrier,MHL,9002770,Moored,Indian Ocean
400002771,2026-01-02T22:11:00,8.031035,61.433919,13.4,121.3,195,Vessel_2772,Container,LBR,9002771,Moored,Arabian Sea
400002772,2026-01-02T22:12:00,-3.800602,68.148947,5.2,258.8,67,Vessel_2773,Cargo,IND,9002772,Under Way,Indian Ocean
400002773,2026-01-02T22:13:00,19.563609,71.999242,18.7,180.6,259,Vessel_2774,Tanker,LBR,9002773,Anchored,Indian Ocean
400002774,2026-01-02T22:14:00,15.111783,74.299091,12.3,356.3,21,Vessel_2775,Fishing,SGP,9002774,Under Way,Arabian Sea
400002775,2026-01-02T22:15:00,11.469162,83.979408,13.5,194.2,354,Vessel_2776,Container,SGP,9002775,Under Way,Indian Ocean
400002776,2026-01-02T22:16:00,8.993843,72.123177,3.2,139.9,51,Vessel_2777,Tanker,PAN,9002776,Moored,Arabian Sea
400002777,2026-01-02T22:17:00,14.410262,90.09579,7.5,287.3,123,Vessel_2778,Cargo,IND,9002777,Under Way,Bay of Bengal
400002778,2026-01-02T22:18:00,9.685933,61.293942,21.9,286.7,344,Vessel_2779,Cargo,SGP,9002778,Under Way,Indian Ocean
400002779,2026-01-02T22:19:00,8.840135,96.289709,14.9,170.9,139,Vessel_2780,Container,PAN,9002779,Anchored,Bay of Bengal
400002780,2026-01-02T22:20:00,17.348962,97.25444,1.2,190.9,347,Vessel_2781,Cargo,SGP,9002780,Under Way,Bay of Bengal
400002781,2026-01-02T22:21:00,17.762155,85.206958,16.4,295.4,293,Vessel_2782,Container,SGP,9002781,Moored,Bay of Bengal
400002782,2026-01-02T22:22:00,12.160817,94.268099,17.7,358.2,67,Vessel_2783,Bulk Carrier,SGP,9002782,Under Way,Bay of Bengal
400002783,2026-01-02T22:23:00,16.953091,90.371924,20.3,130.4,6,Vessel_2784,Cargo,LBR,9002783,Under Way,Bay of Bengal
400002784,2026-01-02T22:24:00,6.038617,60.657755,8.2,291.9,229,Vessel_2785,Tanker,SGP,9002784,Anchored,Indian Ocean
400002785,2026-01-02T22:25:00,2.038543,73.225764,17.9,141.2,21,Vessel_2786,Bulk Carrier,LBR,9002785,Under Way,Indian Ocean
400002786,2026-01-02T22:26:00,19.096996,86.677362,2.8,190.6,328,Vessel_2787,Tanker,LBR,9002786,Anchored,Bay of Bengal
400002787,2026-01-02T22:27:00,17.476886,66.755367,0.2,77.7,22,Vessel_2788,Fishing,IND,9002787,Under Way,Arabian Sea
400002788,2026-01-02T22:28:00,21.109882,59.745152,0.6,131.0,11,Vessel_2789,Fishing,PAN,9002788,Anchored,Arabian Sea
400002789,2026-01-02T22:29:00,18.771191,70.347852,10.1,133.2,239,Vessel_2790,Fishing,PAN,9002789,Under Way,Arabian Sea
400002790,2026-01-02T22:30:00,16.489562,71.487597,21.3,15.0,319,Vessel_2791,Fishing,LBR,9002790,Under Way,Arabian Sea
400002791,2026-01-02T22:31:00,22.260804,64.269371,20.2,340.2,151,Vessel_2792,Container,PAN,9002791,Anchored,Arabian Sea
400002792,2026-01-02T22:32:00,7.716075,65.482488,7.0,268.2,309,Vessel_2793,Container,PAN,9002792,Anchored,Indian Ocean
400002793,2026-01-02T22:33:00,15.275894,57.487114,0.4,201.4,280,Vessel_2794,Fishing,LBR,9002793,Anchored,Arabian Sea
400002794,2026-01-02T22:34:00,0.511729,68.454455,19.5,303.5,169,Vessel_2795,Bulk Carrier,LBR,9002794,Under Way,Indian Ocean
400002795,2026-01-02T22:35:00,16.942359,68.716575,3.3,177.1,253,Vessel_2796,Tanker,PAN,9002795,Moored,Arabian Sea
400002796,2026-01-02T22:36:00,11.458065,84.225207,17.9,36.8,215,Vessel_2797,Cargo,PAN,9002796,Moored,Bay of Bengal
400002797,2026-01-02T22:37:00,5.518217,80.18873,9.9,229.9,215,Vessel_2798,Bulk Carrier,IND,9002797,Under Way,Bay of Bengal
400002798,2026-01-02T22:38:00,12.066389,74.886104,8.1,131.1,36,Vessel_2799,Container,SGP,9002798,Moored,Arabian Sea
400002799,2026-01-02T22:39:00,6.357031,59.607989,16.0,341.5,216,Vessel_2800,Bulk Carrier,IND,9002799,Anchored,Arabian Sea
400002800,2026-01-02T22:40:00,5.917466,89.478067,12.6,134.1,91,Vessel_2801,Container,PAN,9002800,Under Way,Bay of Bengal
400002801,2026-01-02T22:41:00,9.905899,61.527945,9.7,95.3,192,Vessel_2802,Container,PAN,9002801,Under Way,Arabian Sea
400002802,2026-01-02T22:42:00,18.600188,61.397479,20.7,329.5,298,Vessel_2803,Tanker,PAN,9002802,Moored,Arabian Sea
400002803,2026-01-02T22:43:00,7.09284,96.804365,1.8,230.8,268,Vessel_2804,Fishing,MHL,9002803,Anchored,Bay of Bengal
400002804,2026-01-02T22:44:00,21.395205,96.861129,18.6,145.3,109,Vessel_2805,Bulk Carrier,PAN,9002804,Anchored,Bay of Bengal
400002805,2026-01-02T22:45:00,16.07458,58.896166,7.1,218.0,135,Vessel_2806,Fishing,LBR,9002805,Anchored,Arabian Sea
400002806,2026-01-02T22:46:00,18.645367,74.970213,10.3,277.1,124,Vessel_2807,Bulk Carrier,LBR,9002806,Moored,Indian Ocean
400002807,2026-01-02T22:47:00,15.841218,59.887213,0.1,230.6,288,Vessel_2808,Cargo,SGP,9002807,Under Way,Arabian Sea
400002808,2026-01-02T22:48:00,0.796421,79.554756,4.8,305.3,73,Vessel_2809,Fishing,LBR,9002808,Under Way,Indian Ocean
400002809,2026-01-02T22:49:00,-6.002157,82.620896,18.9,103.8,20,Vessel_2810,Cargo,MHL,9002809,Under Way,Indian Ocean
400002810,2026-01-02T22:50:00,9.081242,82.949581,8.7,288.6,235,Vessel_2811,Bulk Carrier,MHL,9002810,Moored,Bay of Bengal
400002811,2026-01-02T22:51:00,-4.39505,66.613516,10.4,85.0,81,Vessel_2812,Cargo,MHL,9002811,Anchored,Indian Ocean
400002812,2026-01-02T22:52:00,-5.779259,65.466427,15.1,7.8,48,Vessel_2813,Container,IND,9002812,Under Way,Indian Ocean
400002813,2026-01-02T22:53:00,15.486405,84.103157,17.6,185.3,150,Vessel_2814,Cargo,SGP,9002813,Anchored,Bay of Bengal
400002814,2026-01-02T22:54:00,16.217329,90.883699,11.6,319.3,4,Vessel_2815,Bulk Carrier,PAN,9002814,Anchored,Bay of Bengal
400002815,2026-01-02T22:55:00,11.565114,60.37458,7.5,321.9,29,Vessel_2816,Bulk Carrier,PAN,9002815,Anchored,Arabian Sea
400002816,2026-01-02T22:56:00,10.691786,84.893429,4.4,344.4,63,Vessel_2817,Tanker,IND,9002816,Moored,Indian Ocean
400002817,2026-01-02T22:57:00,18.406241,97.724264,4.7,55.5,221,Vessel_2818,Cargo,SGP,9002817,Anchored,Bay of Bengal
400002818,2026-01-02T22:58:00,12.94647,83.930191,20.7,148.7,259,Vessel_2819,Tanker,LBR,9002818,Anchored,Bay of Bengal
400002819,2026-01-02T22:59:00,17.411925,80.508989,17.7,1.2,285,Vessel_2820,Container,IND,9002819,Under Way,Bay of Bengal
400002820,2026-01-02T23:00:00,18.558698,86.031045,6.9,224.0,155,Vessel_2821,Cargo,PAN,9002820,Under Way,Bay of Bengal
400002821,2026-01-02T23:01:00,14.722748,85.612527,17.4,106.8,27,Vessel_2822,Cargo,LBR,9002821,Anchored,Indian Ocean
400002822,2026-01-02T23:02:00,18.50795,72.370843,10.4,272.3,259,Vessel_2823,Cargo,LBR,9002822,Anchored,Arabian Sea
400002823,2026-01-02T23:03:00,7.341242,90.245144,0.1,332.4,81,Vessel_2824,Tanker,IND,9002823,Under Way,Bay of Bengal
400002824,2026-01-02T23:04:00,2.145139,92.19401,14.6,128.1,206,Vessel_2825,Container,LBR,9002824,Moored,Indian Ocean
400002825,2026-01-02T23:05:00,10.65449,63.956333,6.9,174.4,300,Vessel_2826,Cargo,IND,9002825,Moored,Arabian Sea
400002826,2026-01-02T23:06:00,24.618804,68.979656,12.6,173.9,294,Vessel_2827,Fishing,PAN,9002826,Moored,Arabian Sea
400002827,2026-01-02T23:07:00,10.153749,73.277896,11.1,12.3,317,Vessel_2828,Container,PAN,9002827,Under Way,Arabian Sea
400002828,2026-01-02T23:08:00,15.152662,94.407843,4.6,295.7,223,Vessel_2829,Container,SGP,9002828,Under Way,Bay of Bengal
400002829,2026-01-02T23:09:00,19.906031,74.507193,5.7,136.8,66,Vessel_2830,Tanker,SGP,9002829,Moored,Arabian Sea
400002830,2026-01-02T23:10:00,7.571715,97.382415,11.7,233.7,338,Vessel_2831,Tanker,PAN,9002830,Moored,Indian Ocean
400002831,2026-01-02T23:11:00,14.560543,86.109816,5.5,1.5,37,Vessel_2832,Cargo,LBR,9002831,Anchored,Bay of Bengal
400002832,2026-01-02T23:12:00,10.970354,96.768251,3.6,326.6,302,Vessel_2833,Fishing,PAN,9002832,Anchored,Indian Ocean
400002833,2026-01-02T23:13:00,7.934625,96.011067,14.0,122.4,236,Vessel_2834,Fishing,LBR,9002833,Under Way,Bay of Bengal
400002834,2026-01-02T23:14:00,13.230537,81.05422,20.0,46.2,230,Vessel_2835,Fishing,MHL,9002834,Moored,Indian Ocean
400002835,2026-01-02T23:15:00,5.982746,91.830761,21.4,104.2,198,Vessel_2836,Fishing,IND,9002835,Anchored,Bay of Bengal
400002836,2026-01-02T23:16:00,-7.688951,89.251491,15.4,91.7,328,Vessel_2837,Container,LBR,9002836,Anchored,Indian Ocean
400002837,2026-01-02T23:17:00,17.709088,90.349179,11.8,312.3,138,Vessel_2838,Bulk Carrier,IND,9002837,Moored,Bay of Bengal
400002838,2026-01-02T23:18:00,13.760336,92.360574,13.7,203.7,198,Vessel_2839,Cargo,MHL,9002838,Under Way,Bay of Bengal
400002839,2026-01-02T23:19:00,22.126321,72.161601,9.8,72.3,61,Vessel_2840,Tanker,MHL,9002839,Under Way,Arabian Sea
400002840,2026-01-02T23:20:00,16.401708,76.687233,8.5,47.5,50,Vessel_2841,Bulk Carrier,PAN,9002840,Anchored,Indian Ocean
400002841,2026-01-02T23:21:00,17.451733,92.318909,8.9,99.7,255,Vessel_2842,Fishing,LBR,9002841,Anchored,Bay of Bengal
400002842,2026-01-02T23:22:00,17.777334,86.452531,10.9,35.9,88,Vessel_2843,Container,LBR,9002842,Anchored,Bay of Bengal
400002843,2026-01-02T23:23:00,5.097255,80.941456,11.5,121.2,212,Vessel_2844,Fishing,SGP,9002843,Anchored,Bay of Bengal
400002844,2026-01-02T23:24:00,-8.275305,62.851645,8.4,91.7,54,Vessel_2845,Cargo,SGP,9002844,Anchored,Indian Ocean
400002845,2026-01-02T23:25:00,9.420206,93.857124,13.0,169.6,151,Vessel_2846,Tanker,SGP,9002845,Under Way,Bay of Bengal
400002846,2026-01-02T23:26:00,15.585673,73.242987,22.0,6.1,119,Vessel_2847,Container,LBR,9002846,Under Way,Arabian Sea
400002847,2026-01-02T23:27:00,-8.094311,60.795194,5.4,69.6,318,Vessel_2848,Container,PAN,9002847,Under Way,Indian Ocean
400002848,2026-01-02T23:28:00,15.253891,63.224245,3.8,286.2,170,Vessel_2849,Tanker,MHL,9002848,Moored,Arabian Sea
400002849,2026-01-02T23:29:00,6.040223,61.215872,13.4,313.3,35,Vessel_2850,Cargo,PAN,9002849,Moored,Indian Ocean
400002850,2026-01-02T23:30:00,-9.63652,90.80632,14.0,295.7,243,Vessel_2851,Fishing,LBR,9002850,Moored,Indian Ocean
400002851,2026-01-02T23:31:00,7.293801,84.909248,21.8,199.3,56,Vessel_2852,Cargo,PAN,9002851,Anchored,Bay of Bengal
400002852,2026-01-02T23:32:00,-1.890946,60.527301,7.0,15.2,104,Vessel_2853,Container,LBR,9002852,Moored,Indian Ocean
400002853,2026-01-02T23:33:00,10.085637,89.16991,21.6,205.7,255,Vessel_2854,Cargo,MHL,9002853,Anchored,Bay of Bengal
400002854,2026-01-02T23:34:00,-9.434844,73.471295,18.2,273.3,23,Vessel_2855,Cargo,LBR,9002854,Under Way,Indian Ocean
400002855,2026-01-02T23:35:00,19.344541,60.019493,3.2,313.0,22,Vessel_2856,Cargo,IND,9002855,Anchored,Arabian Sea
400002856,2026-01-02T23:36:00,8.013938,90.508252,7.3,100.7,8,Vessel_2857,Bulk Carrier,SGP,9002856,Anchored,Indian Ocean
400002857,2026-01-02T23:37:00,5.81738,56.927381,16.4,238.7,241,Vessel_2858,Container,MHL,9002857,Anchored,Arabian Sea
400002858,2026-01-02T23:38:00,11.163761,86.575394,20.9,235.6,34,Vessel_2859,Fishing,LBR,9002858,Moored,Bay of Bengal
400002859,2026-01-02T23:39:00,21.888307,92.361245,15.9,72.3,256,Vessel_2860,Fishing,SGP,9002859,Moored,Bay of Bengal
400002860,2026-01-02T23:40:00,18.374034,89.359995,8.7,184.6,141,Vessel_2861,Tanker,MHL,9002860,Anchored,Bay of Bengal
400002861,2026-01-02T23:41:00,9.893851,70.329062,3.7,320.0,15,Vessel_2862,Container,MHL,9002861,Anchored,Arabian Sea
400002862,2026-01-02T23:42:00,8.681317,71.198035,10.1,301.1,149,Vessel_2863,Fishing,SGP,9002862,Under Way,Indian Ocean
400002863,2026-01-02T23:43:00,8.271987,80.044781,8.9,302.8,109,Vessel_2864,Tanker,PAN,9002863,Under Way,Bay of Bengal
400002864,2026-01-02T23:44:00,17.699688,91.929161,2.0,194.2,76,Vessel_2865,Container,SGP,9002864,Anchored,Indian Ocean
400002865,2026-01-02T23:45:00,18.968939,90.136276,9.1,197.0,11,Vessel_2866,Bulk Carrier,SGP,9002865,Under Way,Bay of Bengal
400002866,2026-01-02T23:46:00,14.203364,57.888234,14.4,42.7,319,Vessel_2867,Fishing,MHL,9002866,Under Way,Arabian Sea
400002867,2026-01-02T23:47:00,22.678069,59.55998,14.9,205.8,18,Vessel_2868,Bulk Carrier,PAN,9002867,Anchored,Arabian Sea
400002868,2026-01-02T23:48:00,6.264585,85.51049,1.2,319.0,143,Vessel_2869,Bulk Carrier,LBR,9002868,Moored,Indian Ocean
400002869,2026-01-02T23:49:00,16.955538,81.270824,17.4,151.0,160,Vessel_2870,Container,SGP,9002869,Moored,Bay of Bengal
400002870,2026-01-02T23:50:00,-7.678182,92.741725,19.0,194.1,350,Vessel_2871,Tanker,LBR,9002870,Moored,Indian Ocean
400002871,2026-01-02T23:51:00,14.255378,56.326178,12.8,115.0,308,Vessel_2872,Tanker,MHL,9002871,Moored,Arabian Sea
400002872,2026-01-02T23:52:00,11.283096,97.776192,16.8,225.2,85,Vessel_2873,Bulk Carrier,MHL,9002872,Under Way,Bay of Bengal
400002873,2026-01-02T23:53:00,-2.092764,80.469057,9.0,188.5,79,Vessel_2874,Tanker,LBR,9002873,Anchored,Indian Ocean
400002874,2026-01-02T23:54:00,8.018754,66.873556,15.0,64.8,323,Vessel_2875,Fishing,IND,9002874,Moored,Arabian Sea
400002875,2026-01-02T23:55:00,17.549872,89.849277,17.8,35.8,290,Vessel_2876,Fishing,MHL,9002875,Moored,Bay of Bengal
400002876,2026-01-02T23:56:00,19.404687,94.114484,2.2,275.4,13,Vessel_2877,Bulk Carrier,IND,9002876,Anchored,Bay of Bengal
400002877,2026-01-02T23:57:00,17.159567,95.296575,13.1,313.4,24,Vessel_2878,Bulk Carrier,MHL,9002877,Under Way,Bay of Bengal
400002878,2026-01-02T23:58:00,14.620953,57.934691,12.2,139.2,310,Vessel_2879,Cargo,SGP,9002878,Anchored,Arabian Sea
400002879,2026-01-02T23:59:00,5.341427,97.187878,9.6,109.1,232,Vessel_2880,Tanker,SGP,9002879,Moored,Indian Ocean
400002880,2026-01-03T00:00:00,5.752058,88.834936,10.1,220.5,265,Vessel_2881,Cargo,SGP,9002880,Anchored,Bay of Bengal
400002881,2026-01-03T00:01:00,16.738789,80.238855,10.7,84.8,51,Vessel_2882,Cargo,SGP,9002881,Under Way,Bay of Bengal
400002882,2026-01-03T00:02:00,10.597583,91.378261,15.0,275.6,225,Vessel_2883,Tanker,PAN,9002882,Under Way,Bay of Bengal
400002883,2026-01-03T00:03:00,-7.191575,79.137646,13.3,314.9,113,Vessel_2884,Fishing,PAN,9002883,Moored,Indian Ocean
400002884,2026-01-03T00:04:00,9.477928,85.601233,21.6,192.9,53,Vessel_2885,Tanker,PAN,9002884,Under Way,Bay of Bengal
400002885,2026-01-03T00:05:00,20.091987,97.117529,14.3,251.9,78,Vessel_2886,Cargo,PAN,9002885,Under Way,Bay of Bengal
400002886,2026-01-03T00:06:00,13.011927,74.809603,2.5,225.4,201,Vessel_2887,Fishing,MHL,9002886,Under Way,Arabian Sea
400002887,2026-01-03T00:07:00,-8.875765,85.554805,19.3,161.7,228,Vessel_2888,Fishing,IND,9002887,Under Way,Indian Ocean
400002888,2026-01-03T00:08:00,17.776191,61.051063,17.1,95.9,218,Vessel_2889,Fishing,PAN,9002888,Anchored,Arabian Sea
400002889,2026-01-03T00:09:00,21.597554,90.34109,6.5,328.5,118,Vessel_2890,Bulk Carrier,LBR,9002889,Anchored,Bay of Bengal
400002890,2026-01-03T00:10:00,6.327873,59.358584,3.0,114.6,111,Vessel_2891,Bulk Carrier,MHL,9002890,Moored,Arabian Sea
400002891,2026-01-03T00:11:00,22.372081,62.101345,20.8,131.4,82,Vessel_2892,Fishing,SGP,9002891,Moored,Arabian Sea
400002892,2026-01-03T00:12:00,8.969864,89.162791,21.2,277.9,106,Vessel_2893,Tanker,SGP,9002892,Moored,Bay of Bengal
400002893,2026-01-03T00:13:00,11.628535,62.365775,15.5,109.2,83,Vessel_2894,Cargo,SGP,9002893,Under Way,Arabian Sea
400002894,2026-01-03T00:14:00,6.537994,95.381656,16.2,24.8,177,Vessel_2895,Container,MHL,9002894,Under Way,Bay of Bengal
400002895,2026-01-03T00:15:00,2.985813,75.562447,20.8,326.8,153,Vessel_2896,Container,LBR,9002895,Anchored,Indian Ocean
400002896,2026-01-03T00:16:00,-2.361756,67.067439,2.7,266.7,293,Vessel_2897,Container,MHL,9002896,Anchored,Indian Ocean
400002897,2026-01-03T00:17:00,-7.530068,85.084462,5.9,334.5,312,Vessel_2898,Tanker,LBR,9002897,Under Way,Indian Ocean
400002898,2026-01-03T00:18:00,5.049936,80.236303,3.6,59.4,262,Vessel_2899,Tanker,LBR,9002898,Moored,Bay of Bengal
400002899,2026-01-03T00:19:00,-7.845841,93.365167,6.3,358.4,116,Vessel_2900,Container,PAN,9002899,Moored,Indian Ocean
400002900,2026-01-03T00:20:00,11.572268,96.008466,15.5,91.6,287,Vessel_2901,Cargo,LBR,9002900,Anchored,Bay of Bengal
400002901,2026-01-03T00:21:00,5.439118,97.932029,13.0,258.1,64,Vessel_2902,Fishing,LBR,9002901,Anchored,Bay of Bengal
400002902,2026-01-03T00:22:00,9.107658,69.654561,4.4,335.4,77,Vessel_2903,Bulk Carrier,PAN,9002902,Moored,Indian Ocean
400002903,2026-01-03T00:23:00,16.502759,67.916193,8.5,294.1,59,Vessel_2904,Fishing,SGP,9002903,Anchored,Arabian Sea
400002904,2026-01-03T00:24:00,12.691138,82.216057,16.4,355.4,211,Vessel_2905,Bulk Carrier,IND,9002904,Under Way,Bay of Bengal
400002905,2026-01-03T00:25:00,24.947638,69.93211,20.1,99.8,16,Vessel_2906,Cargo,SGP,9002905,Under Way,Arabian Sea
400002906,2026-01-03T00:26:00,10.968451,68.807209,13.5,195.4,37,Vessel_2907,Cargo,LBR,9002906,Anchored,Indian Ocean
400002907,2026-01-03T00:27:00,-3.378784,76.839041,7.9,265.8,48,Vessel_2908,Bulk Carrier,LBR,9002907,Moored,Indian Ocean
400002908,2026-01-03T00:28:00,11.547957,67.713294,6.1,144.9,140,Vessel_2909,Container,IND,9002908,Moored,Arabian Sea
400002909,2026-01-03T00:29:00,9.225775,70.537281,7.7,164.4,202,Vessel_2910,Container,LBR,9002909,Anchored,Arabian Sea
400002910,2026-01-03T00:30:00,22.371074,62.537883,1.2,197.3,126,Vessel_2911,Bulk Carrier,SGP,9002910,Anchored,Arabian Sea
400002911,2026-01-03T00:31:00,6.329687,66.69113,16.5,263.9,329,Vessel_2912,Bulk Carrier,MHL,9002911,Moored,Arabian Sea
400002912,2026-01-03T00:32:00,11.052255,93.642805,14.1,174.5,224,Vessel_2913,Bulk Carrier,PAN,9002912,Under Way,Bay of Bengal
400002913,2026-01-03T00:33:00,15.333551,80.473865,20.4,347.8,280,Vessel_2914,Container,IND,9002913,Under Way,Bay of Bengal
400002914,2026-01-03T00:34:00,14.047448,73.731003,16.0,351.4,138,Vessel_2915,Container,PAN,9002914,Moored,Indian Ocean
400002915,2026-01-03T00:35:00,13.178889,83.250223,20.0,82.1,0,Vessel_2916,Container,LBR,9002915,Under Way,Bay of Bengal
400002916,2026-01-03T00:36:00,6.322094,73.503029,6.1,262.5,356,Vessel_2917,Tanker,PAN,9002916,Moored,Arabian Sea
400002917,2026-01-03T00:37:00,9.970982,94.930255,3.3,33.3,133,Vessel_2918,Fishing,LBR,9002917,Moored,Bay of Bengal
400002918,2026-01-03T00:38:00,3.996702,92.95598,4.7,48.1,352,Vessel_2919,Tanker,PAN,9002918,Under Way,Indian Ocean
400002919,2026-01-03T00:39:00,-0.33308,69.754409,10.9,156.3,48,Vessel_2920,Fishing,SGP,9002919,Under Way,Indian Ocean
400002920,2026-01-03T00:40:00,5.850095,74.959037,1.1,35.9,356,Vessel_2921,Fishing,LBR,9002920,Under Way,Indian Ocean
400002921,2026-01-03T00:41:00,11.240397,66.645942,7.1,336.9,128,Vessel_2922,Cargo,LBR,9002921,Anchored,Arabian Sea
400002922,2026-01-03T00:42:00,2.376584,85.252293,20.8,5.3,280,Vessel_2923,Tanker,MHL,9002922,Anchored,Indian Ocean
400002923,2026-01-03T00:43:00,5.906746,68.42776,13.9,114.9,154,Vessel_2924,Cargo,PAN,9002923,Anchored,Arabian Sea
400002924,2026-01-03T00:44:00,13.130923,65.958319,18.4,51.3,219,Vessel_2925,Fishing,SGP,9002924,Under Way,Arabian Sea
400002925,2026-01-03T00:45:00,-7.83694,97.682628,3.9,266.8,6,Vessel_2926,Bulk Carrier,IND,9002925,Under Way,Indian Ocean
400002926,2026-01-03T00:46:00,8.904753,58.70039,11.0,313.9,331,Vessel_2927,Container,IND,9002926,Moored,Arabian Sea
400002927,2026-01-03T00:47:00,20.563712,82.485897,6.3,34.3,148,Vessel_2928,Cargo,IND,9002927,Anchored,Bay of Bengal
400002928,2026-01-03T00:48:00,13.166793,81.855742,1.7,114.8,301,Vessel_2929,Fishing,SGP,9002928,Under Way,Bay of Bengal
400002929,2026-01-03T00:49:00,24.662079,63.035907,19.6,73.9,265,Vessel_2930,Cargo,SGP,9002929,Under Way,Arabian Sea
400002930,2026-01-03T00:50:00,10.557507,55.630143,7.0,312.0,300,Vessel_2931,Cargo,SGP,9002930,Moored,Arabian Sea
400002931,2026-01-03T00:51:00,5.943831,62.555614,14.4,34.3,339,Vessel_2932,Fishing,IND,9002931,Under Way,Arabian Sea
400002932,2026-01-03T00:52:00,20.163294,60.12052,6.7,80.3,51,Vessel_2933,Cargo,SGP,9002932,Moored,Arabian Sea
400002933,2026-01-03T00:53:00,12.272344,65.340463,21.0,41.9,109,Vessel_2934,Cargo,SGP,9002933,Moored,Arabian Sea
400002934,2026-01-03T00:54:00,-2.375111,93.296153,9.1,101.7,64,Vessel_2935,Cargo,PAN,9002934,Under Way,Indian Ocean
400002935,2026-01-03T00:55:00,1.991834,90.900603,6.6,158.9,2,Vessel_2936,Cargo,PAN,9002935,Moored,Indian Ocean
400002936,2026-01-03T00:56:00,2.901453,67.733067,3.8,19.6,298,Vessel_2937,Container,SGP,9002936,Anchored,Indian Ocean
400002937,2026-01-03T00:57:00,15.823176,88.523962,19.9,294.7,141,Vessel_2938,Fishing,MHL,9002937,Moored,Bay of Bengal
400002938,2026-01-03T00:58:00,0.815696,84.873218,18.3,127.9,47,Vessel_2939,Container,SGP,9002938,Anchored,Indian Ocean
400002939,2026-01-03T00:59:00,11.305747,85.985281,18.6,96.0,199,Vessel_2940,Cargo,PAN,9002939,Under Way,Bay of Bengal
400002940,2026-01-03T01:00:00,5.32691,84.783541,9.2,107.8,136,Vessel_2941,Bulk Carrier,PAN,9002940,Under Way,Indian Ocean
400002941,2026-01-03T01:01:00,13.086396,66.632098,8.2,103.6,226,Vessel_2942,Container,LBR,9002941,Anchored,Arabian Sea
400002942,2026-01-03T01:02:00,-0.466578,69.33301,4.6,208.4,352,Vessel_2943,Bulk Carrier,SGP,9002942,Moored,Indian Ocean
400002943,2026-01-03T01:03:00,6.543328,73.563355,5.5,104.0,198,Vessel_2944,Bulk Carrier,MHL,9002943,Under Way,Indian Ocean
400002944,2026-01-03T01:04:00,6.755382,88.546779,3.4,164.3,330,Vessel_2945,Bulk Carrier,SGP,9002944,Moored,Bay of Bengal
400002945,2026-01-03T01:05:00,6.411569,68.984222,6.0,337.5,146,Vessel_2946,Bulk Carrier,MHL,9002945,Anchored,Indian Ocean
400002946,2026-01-03T01:06:00,12.472487,69.85404,12.7,148.3,51,Vessel_2947,Bulk Carrier,MHL,9002946,Under Way,Indian Ocean
400002947,2026-01-03T01:07:00,14.613615,90.624279,5.2,218.4,279,Vessel_2948,Tanker,LBR,9002947,Under Way,Bay of Bengal
400002948,2026-01-03T01:08:00,19.62755,92.128595,11.0,36.4,263,Vessel_2949,Cargo,LBR,9002948,Under Way,Bay of Bengal
400002949,2026-01-03T01:09:00,9.896863,64.942056,4.6,47.0,30,Vessel_2950,Bulk Carrier,SGP,9002949,Under Way,Arabian Sea
400002950,2026-01-03T01:10:00,10.477394,67.270892,17.9,344.3,9,Vessel_2951,Fishing,SGP,9002950,Anchored,Arabian Sea
400002951,2026-01-03T01:11:00,-1.747045,68.320257,2.9,44.0,146,Vessel_2952,Bulk Carrier,SGP,9002951,Moored,Indian Ocean
400002952,2026-01-03T01:12:00,18.310953,87.956388,4.0,230.6,73,Vessel_2953,Fishing,SGP,9002952,Anchored,Bay of Bengal
400002953,2026-01-03T01:13:00,-1.103868,90.026105,4.5,292.9,306,Vessel_2954,Tanker,LBR,9002953,Under Way,Indian Ocean
400002954,2026-01-03T01:14:00,17.922432,94.422983,12.9,322.8,5,Vessel_2955,Cargo,LBR,9002954,Moored,Indian Ocean
400002955,2026-01-03T01:15:00,13.595661,91.968988,21.9,39.4,328,Vessel_2956,Bulk Carrier,LBR,9002955,Moored,Bay of Bengal
400002956,2026-01-03T01:16:00,14.641668,81.591761,9.0,355.3,13,Vessel_2957,Bulk Carrier,MHL,9002956,Under Way,Bay of Bengal
400002957,2026-01-03T01:17:00,11.572731,67.001647,0.7,343.2,55,Vessel_2958,Cargo,PAN,9002957,Moored,Arabian Sea
400002958,2026-01-03T01:18:00,7.271771,70.521413,5.4,216.0,299,Vessel_2959,Tanker,IND,9002958,Under Way,Arabian Sea
400002959,2026-01-03T01:19:00,9.632476,74.441256,4.7,329.4,214,Vessel_2960,Bulk Carrier,SGP,9002959,Moored,Arabian Sea
400002960,2026-01-03T01:20:00,14.069145,81.807036,1.0,202.2,353,Vessel_2961,Container,IND,9002960,Moored,Bay of Bengal
400002961,2026-01-03T01:21:00,24.100268,72.299504,10.9,77.7,37,Vessel_2962,Container,MHL,9002961,Under Way,Arabian Sea
400002962,2026-01-03T01:22:00,13.009134,74.506392,12.7,255.0,339,Vessel_2963,Tanker,IND,9002962,Under Way,Arabian Sea
400002963,2026-01-03T01:23:00,16.154672,96.608616,19.7,13.9,271,Vessel_2964,Fishing,LBR,9002963,Anchored,Bay of Bengal
400002964,2026-01-03T01:24:00,13.083967,65.885825,0.7,346.4,317,Vessel_2965,Fishing,IND,9002964,Under Way,Arabian Sea
400002965,2026-01-03T01:25:00,7.454451,97.185916,16.9,92.6,168,Vessel_2966,Container,MHL,9002965,Anchored,Bay of Bengal
400002966,2026-01-03T01:26:00,24.928263,59.190597,4.3,152.7,356,Vessel_2967,Bulk Carrier,MHL,9002966,Moored,Arabian Sea
400002967,2026-01-03T01:27:00,14.713269,73.784228,13.0,73.7,278,Vessel_2968,Bulk Carrier,IND,9002967,Under Way,Arabian Sea
400002968,2026-01-03T01:28:00,18.382475,81.779877,15.4,31.0,253,Vessel_2969,Tanker,SGP,9002968,Under Way,Bay of Bengal
400002969,2026-01-03T01:29:00,-7.067168,87.273807,20.4,293.3,69,Vessel_2970,Container,LBR,9002969,Moored,Indian Ocean
400002970,2026-01-03T01:30:00,8.231439,73.657048,12.2,235.2,148,Vessel_2971,Tanker,IND,9002970,Under Way,Arabian Sea
400002971,2026-01-03T01:31:00,3.781297,85.280037,7.0,326.2,356,Vessel_2972,Tanker,MHL,9002971,Under Way,Indian Ocean
400002972,2026-01-03T01:32:00,13.099427,89.181375,10.8,105.7,219,Vessel_2973,Cargo,MHL,9002972,Under Way,Bay of Bengal
400002973,2026-01-03T01:33:00,16.082155,74.279673,0.8,228.7,154,Vessel_2974,Fishing,IND,9002973,Moored,Arabian Sea
400002974,2026-01-03T01:34:00,7.075942,90.396716,6.3,89.6,77,Vessel_2975,Tanker,PAN,9002974,Anchored,Bay of Bengal
400002975,2026-01-03T01:35:00,6.522703,59.749372,20.2,78.2,26,Vessel_2976,Bulk Carrier,MHL,9002975,Moored,Arabian Sea
400002976,2026-01-03T01:36:00,21.4188,83.33983,1.5,196.7,176,Vessel_2977,Container,SGP,9002976,Anchored,Bay of Bengal
400002977,2026-01-03T01:37:00,20.153198,64.936962,6.9,26.9,71,Vessel_2978,Container,PAN,9002977,Anchored,Arabian Sea
400002978,2026-01-03T01:38:00,14.261782,97.369489,10.3,194.9,314,Vessel_2979,Container,MHL,9002978,Moored,Indian Ocean
400002979,2026-01-03T01:39:00,12.24062,90.881163,11.1,352.5,306,Vessel_2980,Cargo,IND,9002979,Under Way,Bay of Bengal
400002980,2026-01-03T01:40:00,6.801437,97.82736,15.4,122.3,231,Vessel_2981,Container,LBR,9002980,Under Way,Bay of Bengal
400002981,2026-01-03T01:41:00,11.189048,89.087584,19.5,305.8,94,Vessel_2982,Bulk Carrier,IND,9002981,Anchored,Bay of Bengal
400002982,2026-01-03T01:42:00,12.794326,57.665381,14.4,145.4,13,Vessel_2983,Container,LBR,9002982,Under Way,Arabian Sea
400002983,2026-01-03T01:43:00,5.383441,80.771002,6.5,358.6,140,Vessel_2984,Tanker,SGP,9002983,Under Way,Bay of Bengal
400002984,2026-01-03T01:44:00,13.657148,97.202975,9.3,64.6,20,Vessel_2985,Fishing,LBR,9002984,Under Way,Bay of Bengal
400002985,2026-01-03T01:45:00,5.068608,67.763429,17.9,146.9,306,Vessel_2986,Tanker,PAN,9002985,Under Way,Arabian Sea
400002986,2026-01-03T01:46:00,7.304785,82.532935,10.4,60.5,256,Vessel_2987,Tanker,IND,9002986,Anchored,Bay of Bengal
400002987,2026-01-03T01:47:00,-5.159867,69.174739,12.1,65.0,284,Vessel_2988,Cargo,PAN,9002987,Under Way,Indian Ocean
400002988,2026-01-03T01:48:00,-1.66846,73.069686,3.4,69.1,310,Vessel_2989,Fishing,MHL,9002988,Anchored,Indian Ocean
400002989,2026-01-03T01:49:00,5.025777,56.845389,16.0,199.0,231,Vessel_2990,Fishing,IND,9002989,Under Way,Arabian Sea
400002990,2026-01-03T01:50:00,20.128416,81.832037,2.5,88.4,341,Vessel_2991,Tanker,PAN,9002990,Under Way,Bay of Bengal
400002991,2026-01-03T01:51:00,21.442096,96.986223,20.4,59.1,329,Vessel_2992,Fishing,MHL,9002991,Under Way,Bay of Bengal
400002992,2026-01-03T01:52:00,20.830913,63.733613,2.6,251.4,340,Vessel_2993,Container,LBR,9002992,Moored,Arabian Sea
400002993,2026-01-03T01:53:00,16.975899,64.287225,5.3,45.8,276,Vessel_2994,Tanker,IND,9002993,Under Way,Arabian Sea
400002994,2026-01-03T01:54:00,6.739553,85.178572,19.1,338.6,124,Vessel_2995,Container,IND,9002994,Moored,Bay of Bengal
400002995,2026-01-03T01:55:00,19.816979,82.272458,16.8,273.2,48,Vessel_2996,Container,PAN,9002995,Anchored,Bay of Bengal
400002996,2026-01-03T01:56:00,2.299712,78.16529,16.1,225.7,281,Vessel_2997,Tanker,SGP,9002996,Under Way,Indian Ocean
400002997,2026-01-03T01:57:00,5.298182,82.218621,13.4,8.1,113,Vessel_2998,Container,LBR,9002997,Moored,Indian Ocean
400002998,2026-01-03T01:58:00,11.311055,60.997499,21.9,166.8,299,Vessel_2999,Tanker,SGP,9002998,Under Way,Indian Ocean
400002999,2026-01-03T01:59:00,21.478148,67.411302,19.9,159.6,122,Vessel_3000,Bulk Carrier,MHL,9002999,Moored,Arabian Sea
400003000,2026-01-03T02:00:00,11.37873,61.638674,7.1,123.7,252,Vessel_3001,Container,MHL,9003000,Moored,Arabian Sea
400003001,2026-01-03T02:01:00,16.863837,80.375406,16.7,67.0,0,Vessel_3002,Bulk Carrier,MHL,9003001,Anchored,Bay of Bengal
400003002,2026-01-03T02:02:00,9.128983,87.578818,7.9,55.0,311,Vessel_3003,Fishing,LBR,9003002,Under Way,Indian Ocean
400003003,2026-01-03T02:03:00,6.133519,80.872477,7.3,165.0,119,Vessel_3004,Bulk Carrier,PAN,9003003,Anchored,Bay of Bengal
400003004,2026-01-03T02:04:00,20.192558,81.493898,7.0,159.5,47,Vessel_3005,Cargo,LBR,9003004,Moored,Bay of Bengal
400003005,2026-01-03T02:05:00,-7.926636,83.509836,12.1,50.3,112,Vessel_3006,Tanker,MHL,9003005,Anchored,Indian Ocean
400003006,2026-01-03T02:06:00,14.578213,62.969365,13.5,229.8,203,Vessel_3007,Container,PAN,9003006,Anchored,Arabian Sea
400003007,2026-01-03T02:07:00,18.155824,88.980149,20.0,116.0,4,Vessel_3008,Fishing,PAN,9003007,Moored,Bay of Bengal
400003008,2026-01-03T02:08:00,9.807766,57.816772,5.5,76.3,262,Vessel_3009,Tanker,IND,9003008,Anchored,Arabian Sea
400003009,2026-01-03T02:09:00,14.087384,57.520381,2.4,118.8,126,Vessel_3010,Bulk Carrier,MHL,9003009,Under Way,Arabian Sea
400003010,2026-01-03T02:10:00,14.087812,85.675855,6.2,343.5,14,Vessel_3011,Bulk Carrier,SGP,9003010,Anchored,Bay of Bengal
400003011,2026-01-03T02:11:00,14.269782,60.597852,6.1,132.4,31,Vessel_3012,Cargo,SGP,9003011,Under Way,Indian Ocean
400003012,2026-01-03T02:12:00,-5.668033,91.793129,14.9,104.5,92,Vessel_3013,Cargo,IND,9003012,Anchored,Indian Ocean
400003013,2026-01-03T02:13:00,6.134611,92.417207,11.6,81.3,143,Vessel_3014,Tanker,SGP,9003013,Moored,Indian Ocean
400003014,2026-01-03T02:14:00,11.66927,96.286779,15.2,215.4,226,Vessel_3015,Cargo,IND,9003014,Anchored,Bay of Bengal
400003015,2026-01-03T02:15:00,21.171734,90.804298,18.2,9.5,44,Vessel_3016,Bulk Carrier,LBR,9003015,Moored,Bay of Bengal
400003016,2026-01-03T02:16:00,23.103451,62.183652,5.3,63.2,207,Vessel_3017,Bulk Carrier,MHL,9003016,Under Way,Arabian Sea
400003017,2026-01-03T02:17:00,19.593444,95.015831,8.7,354.0,181,Vessel_3018,Tanker,SGP,9003017,Under Way,Bay of Bengal
400003018,2026-01-03T02:18:00,16.727389,65.002233,6.6,280.1,183,Vessel_3019,Tanker,SGP,9003018,Under Way,Arabian Sea
400003019,2026-01-03T02:19:00,13.359737,68.428489,1.1,206.9,329,Vessel_3020,Cargo,SGP,9003019,Anchored,Arabian Sea
400003020,2026-01-03T02:20:00,-3.229212,84.167813,1.9,22.2,29,Vessel_3021,Tanker,SGP,9003020,Moored,Indian Ocean
400003021,2026-01-03T02:21:00,9.440932,77.211477,8.3,66.1,174,Vessel_3022,Bulk Carrier,PAN,9003021,Moored,Indian Ocean
400003022,2026-01-03T02:22:00,6.087836,93.319315,7.8,215.3,1,Vessel_3023,Bulk Carrier,MHL,9003022,Moored,Bay of Bengal
400003023,2026-01-03T02:23:00,9.53809,60.713093,17.2,261.0,111,Vessel_3024,Cargo,SGP,9003023,Under Way,Arabian Sea
400003024,2026-01-03T02:24:00,16.065123,88.437016,20.2,191.9,38,Vessel_3025,Container,PAN,9003024,Anchored,Bay of Bengal
400003025,2026-01-03T02:25:00,12.498566,85.182917,5.4,4.6,60,Vessel_3026,Fishing,PAN,9003025,Anchored,Bay of Bengal
400003026,2026-01-03T02:26:00,18.553583,68.985992,2.3,28.8,231,Vessel_3027,Bulk Carrier,LBR,9003026,Anchored,Arabian Sea
400003027,2026-01-03T02:27:00,2.840333,62.336533,3.9,169.1,214,Vessel_3028,Tanker,SGP,9003027,Under Way,Indian Ocean
400003028,2026-01-03T02:28:00,-5.196371,63.461622,15.4,115.3,280,Vessel_3029,Tanker,LBR,9003028,Moored,Indian Ocean
400003029,2026-01-03T02:29:00,20.943072,67.498952,3.4,88.3,345,Vessel_3030,Tanker,LBR,9003029,Anchored,Arabian Sea
400003030,2026-01-03T02:30:00,6.412834,97.094436,0.5,225.9,244,Vessel_3031,Bulk Carrier,SGP,9003030,Anchored,Indian Ocean
400003031,2026-01-03T02:31:00,7.709666,58.96845,10.7,193.6,299,Vessel_3032,Cargo,IND,9003031,Under Way,Arabian Sea
400003032,2026-01-03T02:32:00,18.918503,89.302701,6.3,184.0,212,Vessel_3033,Cargo,LBR,9003032,Under Way,Bay of Bengal
400003033,2026-01-03T02:33:00,10.72134,58.044438,6.9,7.7,14,Vessel_3034,Cargo,LBR,9003033,Anchored,Arabian Sea
400003034,2026-01-03T02:34:00,16.395952,65.75748,20.0,53.3,124,Vessel_3035,Tanker,SGP,9003034,Under Way,Arabian Sea
400003035,2026-01-03T02:35:00,12.435014,90.789888,13.8,305.7,194,Vessel_3036,Fishing,SGP,9003035,Under Way,Bay of Bengal
400003036,2026-01-03T02:36:00,17.834418,89.636707,5.7,176.2,283,Vessel_3037,Cargo,LBR,9003036,Anchored,Bay of Bengal
400003037,2026-01-03T02:37:00,14.69212,95.882924,7.5,75.5,268,Vessel_3038,Cargo,IND,9003037,Under Way,Bay of Bengal
400003038,2026-01-03T02:38:00,20.578865,68.345979,0.7,139.2,180,Vessel_3039,Cargo,LBR,9003038,Anchored,Arabian Sea
400003039,2026-01-03T02:39:00,8.127815,88.012096,17.4,79.1,188,Vessel_3040,Tanker,SGP,9003039,Anchored,Bay of Bengal
400003040,2026-01-03T02:40:00,24.868464,61.318454,7.6,345.4,127,Vessel_3041,Bulk Carrier,PAN,9003040,Moored,Arabian Sea
400003041,2026-01-03T02:41:00,10.338261,93.524677,13.5,350.9,133,Vessel_3042,Fishing,LBR,9003041,Moored,Bay of Bengal
400003042,2026-01-03T02:42:00,15.00757,82.875369,6.1,288.0,147,Vessel_3043,Container,IND,9003042,Under Way,Bay of Bengal
400003043,2026-01-03T02:43:00,11.915532,82.485616,0.1,148.4,66,Vessel_3044,Fishing,LBR,9003043,Anchored,Bay of Bengal
400003044,2026-01-03T02:44:00,14.075142,86.008451,2.4,293.8,27,Vessel_3045,Bulk Carrier,SGP,9003044,Anchored,Bay of Bengal
400003045,2026-01-03T02:45:00,17.086353,83.227816,20.8,265.6,359,Vessel_3046,Tanker,MHL,9003045,Anchored,Bay of Bengal
400003046,2026-01-03T02:46:00,13.328785,70.296025,19.3,311.1,37,Vessel_3047,Cargo,MHL,9003046,Under Way,Indian Ocean
400003047,2026-01-03T02:47:00,12.430466,94.08645,8.2,1.6,75,Vessel_3048,Cargo,PAN,9003047,Anchored,Bay of Bengal
400003048,2026-01-03T02:48:00,14.351766,95.426554,20.6,251.0,357,Vessel_3049,Tanker,PAN,9003048,Anchored,Bay of Bengal
400003049,2026-01-03T02:49:00,17.291672,88.345539,19.3,134.1,266,Vessel_3050,Container,IND,9003049,Anchored,Bay of Bengal
400003050,2026-01-03T02:50:00,9.072236,67.994601,11.7,33.6,231,Vessel_3051,Fishing,SGP,9003050,Under Way,Arabian Sea
400003051,2026-01-03T02:51:00,13.894148,69.622732,3.4,20.1,290,Vessel_3052,Container,PAN,9003051,Under Way,Arabian Sea
400003052,2026-01-03T02:52:00,17.675868,79.529506,16.9,159.9,202,Vessel_3053,Cargo,LBR,9003052,Moored,Indian Ocean
400003053,2026-01-03T02:53:00,18.418047,71.974047,17.2,290.1,218,Vessel_3054,Cargo,IND,9003053,Under Way,Arabian Sea
400003054,2026-01-03T02:54:00,24.76879,72.665617,18.2,9.7,25,Vessel_3055,Fishing,PAN,9003054,Moored,Arabian Sea
400003055,2026-01-03T02:55:00,7.150503,94.707922,17.0,312.2,104,Vessel_3056,Cargo,SGP,9003055,Anchored,Bay of Bengal
400003056,2026-01-03T02:56:00,16.486817,86.858462,20.8,182.9,353,Vessel_3057,Fishing,MHL,9003056,Anchored,Bay of Bengal
400003057,2026-01-03T02:57:00,17.304288,91.486474,15.3,136.8,171,Vessel_3058,Container,MHL,9003057,Anchored,Bay of Bengal
400003058,2026-01-03T02:58:00,19.904037,90.789091,0.5,353.7,214,Vessel_3059,Container,MHL,9003058,Moored,Bay of Bengal
400003059,2026-01-03T02:59:00,7.274493,58.755944,5.8,132.7,47,Vessel_3060,Fishing,SGP,9003059,Anchored,Arabian Sea
400003060,2026-01-03T03:00:00,21.497403,74.382468,19.2,27.8,169,Vessel_3061,Container,LBR,9003060,Under Way,Arabian Sea
400003061,2026-01-03T03:01:00,10.864671,96.193345,15.7,321.2,328,Vessel_3062,Tanker,MHL,9003061,Under Way,Bay of Bengal
400003062,2026-01-03T03:02:00,24.033173,69.674968,12.7,271.9,18,Vessel_3063,Container,PAN,9003062,Moored,Arabian Sea
400003063,2026-01-03T03:03:00,6.225022,56.228717,5.3,125.1,197,Vessel_3064,Fishing,PAN,9003063,Under Way,Arabian Sea
400003064,2026-01-03T03:04:00,-3.592694,73.206909,11.5,235.0,140,Vessel_3065,Fishing,SGP,9003064,Anchored,Indian Ocean
400003065,2026-01-03T03:05:00,12.787385,86.340745,1.1,15.1,327,Vessel_3066,Tanker,IND,9003065,Anchored,Bay of Bengal
400003066,2026-01-03T03:06:00,17.941907,75.257327,9.8,174.9,230,Vessel_3067,Fishing,PAN,9003066,Under Way,Indian Ocean
400003067,2026-01-03T03:07:00,24.241332,67.163968,3.4,166.1,336,Vessel_3068,Tanker,LBR,9003067,Moored,Arabian Sea
400003068,2026-01-03T03:08:00,10.817445,85.833522,4.5,251.9,223,Vessel_3069,Tanker,IND,9003068,Anchored,Indian Ocean
400003069,2026-01-03T03:09:00,17.83529,76.97173,17.6,351.0,57,Vessel_3070,Tanker,MHL,9003069,Moored,Indian Ocean
400003070,2026-01-03T03:10:00,19.05223,86.936842,7.8,264.2,266,Vessel_3071,Cargo,SGP,9003070,Under Way,Bay of Bengal
400003071,2026-01-03T03:11:00,6.116439,95.656132,15.8,310.5,170,Vessel_3072,Fishing,SGP,9003071,Anchored,Bay of Bengal
400003072,2026-01-03T03:12:00,10.111668,67.872476,1.5,124.9,167,Vessel_3073,Bulk Carrier,SGP,9003072,Moored,Arabian Sea
400003073,2026-01-03T03:13:00,9.197533,97.133396,21.7,207.7,303,Vessel_3074,Fishing,SGP,9003073,Anchored,Bay of Bengal
400003074,2026-01-03T03:14:00,12.757926,68.189163,2.1,325.0,358,Vessel_3075,Bulk Carrier,PAN,9003074,Moored,Arabian Sea
400003075,2026-01-03T03:15:00,6.330717,61.605018,17.9,333.5,219,Vessel_3076,Fishing,LBR,9003075,Moored,Arabian Sea
400003076,2026-01-03T03:16:00,5.086009,72.499444,4.5,54.4,263,Vessel_3077,Container,SGP,9003076,Under Way,Arabian Sea
400003077,2026-01-03T03:17:00,8.039082,93.571096,9.5,201.1,331,Vessel_3078,Cargo,PAN,9003077,Anchored,Bay of Bengal
400003078,2026-01-03T03:18:00,17.759427,71.220123,15.6,59.1,64,Vessel_3079,Fishing,PAN,9003078,Anchored,Arabian Sea
400003079,2026-01-03T03:19:00,6.810421,84.293957,17.7,167.7,97,Vessel_3080,Tanker,MHL,9003079,Moored,Bay of Bengal
400003080,2026-01-03T03:20:00,7.126048,92.997086,0.2,163.9,114,Vessel_3081,Fishing,SGP,9003080,Anchored,Bay of Bengal
400003081,2026-01-03T03:21:00,12.975426,96.557369,20.9,41.6,256,Vessel_3082,Container,SGP,9003081,Anchored,Bay of Bengal
400003082,2026-01-03T03:22:00,18.865881,64.614629,11.1,140.0,0,Vessel_3083,Fishing,IND,9003082,Under Way,Arabian Sea
400003083,2026-01-03T03:23:00,20.4258,82.635683,1.1,50.8,142,Vessel_3084,Cargo,SGP,9003083,Anchored,Bay of Bengal
400003084,2026-01-03T03:24:00,-1.291978,68.664253,14.9,18.6,337,Vessel_3085,Bulk Carrier,LBR,9003084,Anchored,Indian Ocean
400003085,2026-01-03T03:25:00,20.147825,71.684373,17.2,324.3,61,Vessel_3086,Fishing,MHL,9003085,Moored,Arabian Sea
400003086,2026-01-03T03:26:00,6.841719,86.565763,13.4,125.6,204,Vessel_3087,Bulk Carrier,LBR,9003086,Anchored,Bay of Bengal
400003087,2026-01-03T03:27:00,5.691763,90.9692,15.0,188.1,120,Vessel_3088,Cargo,PAN,9003087,Anchored,Bay of Bengal
400003088,2026-01-03T03:28:00,5.349308,69.267998,3.4,336.1,144,Vessel_3089,Cargo,LBR,9003088,Moored,Arabian Sea
400003089,2026-01-03T03:29:00,0.935878,91.213253,13.7,343.6,93,Vessel_3090,Cargo,IND,9003089,Moored,Indian Ocean
400003090,2026-01-03T03:30:00,20.204781,59.877545,13.7,4.8,10,Vessel_3091,Container,PAN,9003090,Anchored,Arabian Sea
400003091,2026-01-03T03:31:00,-2.7026,62.002754,2.5,176.9,327,Vessel_3092,Fishing,IND,9003091,Under Way,Indian Ocean
400003092,2026-01-03T03:32:00,5.631412,92.637782,1.0,142.5,77,Vessel_3093,Bulk Carrier,IND,9003092,Under Way,Bay of Bengal
400003093,2026-01-03T03:33:00,-9.019099,76.053029,12.3,257.7,342,Vessel_3094,Container,LBR,9003093,Anchored,Indian Ocean
400003094,2026-01-03T03:34:00,3.671429,82.252224,18.8,79.2,147,Vessel_3095,Fishing,MHL,9003094,Moored,Indian Ocean
400003095,2026-01-03T03:35:00,12.163133,72.888618,13.2,38.7,292,Vessel_3096,Bulk Carrier,LBR,9003095,Moored,Arabian Sea
400003096,2026-01-03T03:36:00,21.364042,62.688078,21.3,255.2,211,Vessel_3097,Bulk Carrier,PAN,9003096,Moored,Arabian Sea
400003097,2026-01-03T03:37:00,21.246261,55.458915,4.6,338.3,253,Vessel_3098,Cargo,LBR,9003097,Anchored,Arabian Sea
400003098,2026-01-03T03:38:00,7.486296,89.332058,6.8,193.4,135,Vessel_3099,Fishing,SGP,9003098,Moored,Bay of Bengal
400003099,2026-01-03T03:39:00,16.386779,85.221768,0.9,12.3,345,Vessel_3100,Cargo,IND,9003099,Moored,Bay of Bengal
400003100,2026-01-03T03:40:00,16.289204,81.554493,14.7,135.3,8,Vessel_3101,Container,IND,9003100,Moored,Bay of Bengal
400003101,2026-01-03T03:41:00,16.189567,61.758409,4.6,51.4,58,Vessel_3102,Bulk Carrier,SGP,9003101,Moored,Arabian Sea
400003102,2026-01-03T03:42:00,22.582165,68.92148,4.4,84.2,215,Vessel_3103,Cargo,LBR,9003102,Moored,Arabian Sea
400003103,2026-01-03T03:43:00,12.878815,95.870474,17.9,32.1,29,Vessel_3104,Tanker,IND,9003103,Moored,Indian Ocean
400003104,2026-01-03T03:44:00,15.526467,66.903773,5.2,198.5,266,Vessel_3105,Tanker,IND,9003104,Anchored,Arabian Sea
400003105,2026-01-03T03:45:00,19.015296,66.939607,14.2,340.5,171,Vessel_3106,Container,IND,9003105,Anchored,Indian Ocean
400003106,2026-01-03T03:46:00,16.423435,84.005467,4.0,245.2,318,Vessel_3107,Cargo,IND,9003106,Anchored,Indian Ocean
400003107,2026-01-03T03:47:00,-3.381247,77.739261,9.3,87.0,213,Vessel_3108,Bulk Carrier,SGP,9003107,Moored,Indian Ocean
400003108,2026-01-03T03:48:00,-9.258024,91.554786,1.8,353.6,345,Vessel_3109,Bulk Carrier,MHL,9003108,Under Way,Indian Ocean
400003109,2026-01-03T03:49:00,19.501842,95.573907,12.6,280.0,357,Vessel_3110,Container,LBR,9003109,Under Way,Bay of Bengal
400003110,2026-01-03T03:50:00,20.49313,83.965184,21.9,309.9,45,Vessel_3111,Tanker,PAN,9003110,Moored,Bay of Bengal
400003111,2026-01-03T03:51:00,18.40633,86.973727,16.3,3.0,313,Vessel_3112,Bulk Carrier,LBR,9003111,Under Way,Indian Ocean
400003112,2026-01-03T03:52:00,3.435938,80.153527,21.5,34.0,299,Vessel_3113,Tanker,PAN,9003112,Under Way,Indian Ocean
400003113,2026-01-03T03:53:00,2.665722,69.311221,22.0,263.3,182,Vessel_3114,Tanker,IND,9003113,Anchored,Indian Ocean
400003114,2026-01-03T03:54:00,12.261394,92.421424,2.2,177.8,203,Vessel_3115,Cargo,MHL,9003114,Moored,Bay of Bengal
400003115,2026-01-03T03:55:00,13.183341,59.72375,12.0,325.3,341,Vessel_3116,Container,IND,9003115,Under Way,Arabian Sea
400003116,2026-01-03T03:56:00,9.642211,95.163913,17.2,58.0,205,Vessel_3117,Cargo,MHL,9003116,Under Way,Indian Ocean
400003117,2026-01-03T03:57:00,13.502284,63.699627,11.3,248.1,5,Vessel_3118,Fishing,SGP,9003117,Anchored,Arabian Sea
400003118,2026-01-03T03:58:00,1.912461,97.984094,21.8,116.6,95,Vessel_3119,Fishing,MHL,9003118,Moored,Indian Ocean
400003119,2026-01-03T03:59:00,6.133271,84.367847,10.2,208.5,123,Vessel_3120,Container,MHL,9003119,Moored,Indian Ocean
400003120,2026-01-03T04:00:00,7.711581,61.827968,10.5,166.9,222,Vessel_3121,Container,MHL,9003120,Anchored,Arabian Sea
400003121,2026-01-03T04:01:00,10.038559,89.882803,4.1,200.0,272,Vessel_3122,Tanker,PAN,9003121,Under Way,Bay of Bengal
400003122,2026-01-03T04:02:00,23.36912,73.823808,6.4,277.6,55,Vessel_3123,Bulk Carrier,PAN,9003122,Anchored,Arabian Sea
400003123,2026-01-03T04:03:00,7.48137,82.866287,21.0,49.9,180,Vessel_3124,Bulk Carrier,PAN,9003123,Under Way,Indian Ocean
400003124,2026-01-03T04:04:00,5.986305,63.211152,2.5,350.7,269,Vessel_3125,Bulk Carrier,IND,9003124,Under Way,Indian Ocean
400003125,2026-01-03T04:05:00,0.831829,61.743475,15.8,65.9,138,Vessel_3126,Fishing,SGP,9003125,Moored,Indian Ocean
400003126,2026-01-03T04:06:00,14.540028,96.001885,7.7,166.2,25,Vessel_3127,Cargo,IND,9003126,Under Way,Bay of Bengal
400003127,2026-01-03T04:07:00,-4.114692,64.939648,16.1,53.8,324,Vessel_3128,Tanker,IND,9003127,Moored,Indian Ocean
400003128,2026-01-03T04:08:00,1.742751,85.022562,10.9,61.4,11,Vessel_3129,Bulk Carrier,MHL,9003128,Anchored,Indian Ocean
400003129,2026-01-03T04:09:00,24.909272,58.241019,18.7,146.5,107,Vessel_3130,Tanker,MHL,9003129,Under Way,Arabian Sea
400003130,2026-01-03T04:10:00,7.858519,80.753259,17.2,179.0,100,Vessel_3131,Tanker,SGP,9003130,Anchored,Bay of Bengal
400003131,2026-01-03T04:11:00,23.093971,68.024165,9.3,93.2,293,Vessel_3132,Bulk Carrier,PAN,9003131,Under Way,Arabian Sea
400003132,2026-01-03T04:12:00,21.068242,93.225987,6.3,8.9,167,Vessel_3133,Bulk Carrier,IND,9003132,Moored,Bay of Bengal
400003133,2026-01-03T04:13:00,10.186284,97.028667,21.1,131.9,208,Vessel_3134,Bulk Carrier,PAN,9003133,Under Way,Bay of Bengal
400003134,2026-01-03T04:14:00,1.412882,96.128725,17.4,129.9,155,Vessel_3135,Container,PAN,9003134,Under Way,Indian Ocean
400003135,2026-01-03T04:15:00,10.615208,81.180503,8.4,154.1,281,Vessel_3136,Fishing,LBR,9003135,Anchored,Bay of Bengal
400003136,2026-01-03T04:16:00,-4.041201,89.901533,5.9,71.2,151,Vessel_3137,Fishing,SGP,9003136,Moored,Indian Ocean
400003137,2026-01-03T04:17:00,16.13354,97.004599,13.9,306.8,253,Vessel_3138,Cargo,LBR,9003137,Anchored,Bay of Bengal
400003138,2026-01-03T04:18:00,13.798948,84.326076,0.6,238.0,235,Vessel_3139,Bulk Carrier,PAN,9003138,Moored,Bay of Bengal
400003139,2026-01-03T04:19:00,5.077782,89.142066,13.4,87.5,333,Vessel_3140,Bulk Carrier,MHL,9003139,Moored,Bay of Bengal
400003140,2026-01-03T04:20:00,18.137744,67.976558,6.6,312.8,220,Vessel_3141,Fishing,PAN,9003140,Moored,Arabian Sea
400003141,2026-01-03T04:21:00,12.120621,70.263179,17.4,114.6,30,Vessel_3142,Container,IND,9003141,Moored,Arabian Sea
400003142,2026-01-03T04:22:00,15.640233,63.017861,3.6,295.4,26,Vessel_3143,Bulk Carrier,SGP,9003142,Anchored,Arabian Sea
400003143,2026-01-03T04:23:00,23.355319,70.163166,16.7,203.6,356,Vessel_3144,Bulk Carrier,LBR,9003143,Under Way,Arabian Sea
400003144,2026-01-03T04:24:00,4.700671,65.67514,21.4,113.0,325,Vessel_3145,Container,IND,9003144,Under Way,Indian Ocean
400003145,2026-01-03T04:25:00,17.761284,62.537426,3.0,200.7,179,Vessel_3146,Tanker,PAN,9003145,Under Way,Indian Ocean
400003146,2026-01-03T04:26:00,-6.020342,87.888077,0.1,356.3,11,Vessel_3147,Cargo,MHL,9003146,Under Way,Indian Ocean
400003147,2026-01-03T04:27:00,8.565201,84.085565,1.4,326.3,305,Vessel_3148,Container,SGP,9003147,Under Way,Bay of Bengal
400003148,2026-01-03T04:28:00,15.547489,94.983843,7.3,28.2,51,Vessel_3149,Tanker,SGP,9003148,Under Way,Bay of Bengal
400003149,2026-01-03T04:29:00,0.577785,61.1677,21.9,59.9,183,Vessel_3150,Cargo,LBR,9003149,Anchored,Indian Ocean
400003150,2026-01-03T04:30:00,16.027213,71.809856,8.4,65.8,341,Vessel_3151,Container,IND,9003150,Moored,Arabian Sea
400003151,2026-01-03T04:31:00,15.471452,64.918204,11.6,198.9,346,Vessel_3152,Container,PAN,9003151,Anchored,Arabian Sea
400003152,2026-01-03T04:32:00,21.227519,84.671793,16.6,350.7,309,Vessel_3153,Tanker,MHL,9003152,Under Way,Bay of Bengal
400003153,2026-01-03T04:33:00,6.594039,88.579456,19.8,109.3,183,Vessel_3154,Container,SGP,9003153,Moored,Bay of Bengal
400003154,2026-01-03T04:34:00,16.87514,96.628513,9.2,170.1,278,Vessel_3155,Tanker,LBR,9003154,Anchored,Bay of Bengal
400003155,2026-01-03T04:35:00,9.949015,60.003596,2.1,302.8,44,Vessel_3156,Container,LBR,9003155,Anchored,Arabian Sea
400003156,2026-01-03T04:36:00,17.225411,93.724937,16.4,273.2,131,Vessel_3157,Tanker,SGP,9003156,Anchored,Bay of Bengal
400003157,2026-01-03T04:37:00,15.273909,65.514381,11.2,281.3,226,Vessel_3158,Bulk Carrier,SGP,9003157,Under Way,Arabian Sea
400003158,2026-01-03T04:38:00,8.643088,62.368431,12.6,30.1,220,Vessel_3159,Cargo,IND,9003158,Under Way,Indian Ocean
400003159,2026-01-03T04:39:00,7.931387,97.992815,9.6,177.4,30,Vessel_3160,Container,PAN,9003159,Under Way,Indian Ocean
400003160,2026-01-03T04:40:00,-0.102096,84.621811,13.0,51.3,64,Vessel_3161,Bulk Carrier,LBR,9003160,Under Way,Indian Ocean
400003161,2026-01-03T04:41:00,14.11487,97.905714,20.9,77.3,117,Vessel_3162,Fishing,MHL,9003161,Moored,Indian Ocean
400003162,2026-01-03T04:42:00,11.171529,61.883126,20.6,236.1,332,Vessel_3163,Cargo,IND,9003162,Under Way,Arabian Sea
400003163,2026-01-03T04:43:00,15.332714,84.361249,6.6,16.6,347,Vessel_3164,Cargo,MHL,9003163,Under Way,Bay of Bengal
400003164,2026-01-03T04:44:00,-2.873607,69.85266,2.9,129.9,189,Vessel_3165,Bulk Carrier,LBR,9003164,Anchored,Indian Ocean
400003165,2026-01-03T04:45:00,17.127571,56.278467,15.8,105.1,12,Vessel_3166,Container,PAN,9003165,Under Way,Arabian Sea
400003166,2026-01-03T04:46:00,15.426746,69.144959,14.2,89.3,314,Vessel_3167,Container,SGP,9003166,Under Way,Arabian Sea
400003167,2026-01-03T04:47:00,18.71352,72.115075,14.6,210.1,247,Vessel_3168,Tanker,IND,9003167,Anchored,Arabian Sea
400003168,2026-01-03T04:48:00,13.160005,68.666399,2.5,241.7,239,Vessel_3169,Fishing,SGP,9003168,Anchored,Arabian Sea
400003169,2026-01-03T04:49:00,18.751264,96.374635,4.7,58.1,57,Vessel_3170,Bulk Carrier,SGP,9003169,Moored,Bay of Bengal
400003170,2026-01-03T04:50:00,-7.498563,62.143008,11.1,82.1,316,Vessel_3171,Cargo,SGP,9003170,Under Way,Indian Ocean
400003171,2026-01-03T04:51:00,6.498347,75.882808,19.8,282.5,226,Vessel_3172,Cargo,LBR,9003171,Anchored,Indian Ocean
400003172,2026-01-03T04:52:00,6.936442,80.48429,3.0,184.5,231,Vessel_3173,Bulk Carrier,IND,9003172,Anchored,Bay of Bengal
400003173,2026-01-03T04:53:00,-1.239475,94.017706,16.3,301.7,41,Vessel_3174,Container,SGP,9003173,Under Way,Indian Ocean
400003174,2026-01-03T04:54:00,9.660789,80.920132,17.8,63.8,67,Vessel_3175,Bulk Carrier,MHL,9003174,Under Way,Bay of Bengal
400003175,2026-01-03T04:55:00,4.831018,84.516712,19.5,267.4,158,Vessel_3176,Container,IND,9003175,Under Way,Indian Ocean
400003176,2026-01-03T04:56:00,-0.513749,75.990602,16.7,17.0,332,Vessel_3177,Tanker,PAN,9003176,Under Way,Indian Ocean
400003177,2026-01-03T04:57:00,13.426134,91.547162,6.0,245.9,235,Vessel_3178,Container,PAN,9003177,Moored,Indian Ocean
400003178,2026-01-03T04:58:00,15.729389,69.472028,5.3,152.2,258,Vessel_3179,Tanker,IND,9003178,Under Way,Arabian Sea
400003179,2026-01-03T04:59:00,21.60209,68.300616,9.8,25.7,160,Vessel_3180,Tanker,SGP,9003179,Under Way,Arabian Sea
400003180,2026-01-03T05:00:00,11.380048,81.809901,6.8,53.5,50,Vessel_3181,Cargo,MHL,9003180,Moored,Bay of Bengal
400003181,2026-01-03T05:01:00,-4.928231,91.843769,3.8,276.8,100,Vessel_3182,Tanker,LBR,9003181,Moored,Indian Ocean
400003182,2026-01-03T05:02:00,19.473297,67.743498,4.9,302.0,121,Vessel_3183,Fishing,MHL,9003182,Moored,Arabian Sea
400003183,2026-01-03T05:03:00,10.406636,85.940513,15.4,355.5,194,Vessel_3184,Fishing,IND,9003183,Anchored,Indian Ocean
400003184,2026-01-03T05:04:00,5.308422,88.257234,14.3,153.8,94,Vessel_3185,Tanker,IND,9003184,Under Way,Indian Ocean
400003185,2026-01-03T05:05:00,7.199826,84.625625,15.8,280.2,242,Vessel_3186,Tanker,LBR,9003185,Under Way,Bay of Bengal
400003186,2026-01-03T05:06:00,9.104551,90.091315,19.2,9.9,334,Vessel_3187,Fishing,MHL,9003186,Anchored,Bay of Bengal
400003187,2026-01-03T05:07:00,8.606067,64.175556,11.6,29.1,56,Vessel_3188,Fishing,IND,9003187,Moored,Arabian Sea
400003188,2026-01-03T05:08:00,18.575308,85.470779,5.7,130.4,310,Vessel_3189,Bulk Carrier,SGP,9003188,Moored,Bay of Bengal
400003189,2026-01-03T05:09:00,10.849991,87.010736,2.5,66.8,219,Vessel_3190,Bulk Carrier,IND,9003189,Under Way,Bay of Bengal
400003190,2026-01-03T05:10:00,12.584503,92.318396,2.6,271.1,256,Vessel_3191,Fishing,LBR,9003190,Under Way,Bay of Bengal
400003191,2026-01-03T05:11:00,9.0888,86.378757,2.3,266.4,195,Vessel_3192,Bulk Carrier,MHL,9003191,Under Way,Bay of Bengal
400003192,2026-01-03T05:12:00,12.445106,64.888378,10.1,70.2,268,Vessel_3193,Bulk Carrier,PAN,9003192,Under Way,Arabian Sea
400003193,2026-01-03T05:13:00,19.588772,59.348308,14.4,257.5,147,Vessel_3194,Bulk Carrier,IND,9003193,Anchored,Arabian Sea
400003194,2026-01-03T05:14:00,18.386801,95.943434,3.9,152.3,111,Vessel_3195,Tanker,PAN,9003194,Moored,Bay of Bengal
400003195,2026-01-03T05:15:00,6.432368,64.141576,17.1,245.6,89,Vessel_3196,Tanker,PAN,9003195,Under Way,Arabian Sea
400003196,2026-01-03T05:16:00,13.693098,82.028504,8.7,190.9,215,Vessel_3197,Cargo,LBR,9003196,Anchored,Bay of Bengal
400003197,2026-01-03T05:17:00,5.462624,84.504535,6.9,193.4,289,Vessel_3198,Bulk Carrier,MHL,9003197,Moored,Bay of Bengal
400003198,2026-01-03T05:18:00,20.758535,83.896111,12.1,279.8,118,Vessel_3199,Tanker,IND,9003198,Anchored,Bay of Bengal
400003199,2026-01-03T05:19:00,-3.40332,87.316457,20.3,81.8,116,Vessel_3200,Tanker,PAN,9003199,Moored,Indian Ocean
400003200,2026-01-03T05:20:00,19.936399,57.899337,21.0,354.6,304,Vessel_3201,Tanker,SGP,9003200,Anchored,Arabian Sea
400003201,2026-01-03T05:21:00,12.666035,66.966202,6.2,15.7,135,Vessel_3202,Tanker,LBR,9003201,Moored,Arabian Sea
400003202,2026-01-03T05:22:00,-5.645382,63.767513,12.0,61.2,262,Vessel_3203,Cargo,PAN,9003202,Anchored,Indian Ocean
400003203,2026-01-03T05:23:00,15.371878,55.408445,11.8,160.2,298,Vessel_3204,Bulk Carrier,IND,9003203,Anchored,Arabian Sea
400003204,2026-01-03T05:24:00,16.511468,89.464765,16.0,300.3,266,Vessel_3205,Container,MHL,9003204,Anchored,Bay of Bengal
400003205,2026-01-03T05:25:00,14.8878,88.078323,13.2,113.3,69,Vessel_3206,Tanker,LBR,9003205,Under Way,Bay of Bengal
400003206,2026-01-03T05:26:00,10.583187,72.073346,17.4,354.6,182,Vessel_3207,Fishing,IND,9003206,Moored,Arabian Sea
400003207,2026-01-03T05:27:00,6.036115,64.080219,20.7,347.5,221,Vessel_3208,Tanker,LBR,9003207,Under Way,Indian Ocean
400003208,2026-01-03T05:28:00,14.02366,94.166238,19.0,112.5,124,Vessel_3209,Tanker,LBR,9003208,Under Way,Indian Ocean
400003209,2026-01-03T05:29:00,8.363259,64.219967,21.0,299.0,229,Vessel_3210,Cargo,LBR,9003209,Under Way,Arabian Sea
400003210,2026-01-03T05:30:00,15.143619,90.958444,4.8,328.1,259,Vessel_3211,Tanker,IND,9003210,Moored,Bay of Bengal
400003211,2026-01-03T05:31:00,15.511115,68.79483,13.0,208.5,299,Vessel_3212,Tanker,LBR,9003211,Moored,Arabian Sea
400003212,2026-01-03T05:32:00,18.953988,57.276573,4.6,295.6,255,Vessel_3213,Tanker,LBR,9003212,Anchored,Arabian Sea
400003213,2026-01-03T05:33:00,8.204927,92.29882,3.8,139.7,353,Vessel_3214,Cargo,LBR,9003213,Under Way,Bay of Bengal
400003214,2026-01-03T05:34:00,6.537635,67.278405,11.6,96.1,18,Vessel_3215,Tanker,PAN,9003214,Moored,Arabian Sea
400003215,2026-01-03T05:35:00,15.043814,69.706904,14.8,215.9,151,Vessel_3216,Container,MHL,9003215,Anchored,Indian Ocean
400003216,2026-01-03T05:36:00,-3.252776,87.793784,19.9,294.5,120,Vessel_3217,Fishing,MHL,9003216,Moored,Indian Ocean
400003217,2026-01-03T05:37:00,8.062972,72.012228,22.0,78.2,323,Vessel_3218,Cargo,SGP,9003217,Anchored,Arabian Sea
400003218,2026-01-03T05:38:00,6.799304,94.556996,1.5,215.5,94,Vessel_3219,Container,MHL,9003218,Under Way,Bay of Bengal
400003219,2026-01-03T05:39:00,12.171619,99.258193,20.9,91.2,252,Vessel_3220,Bulk Carrier,SGP,9003219,Under Way,Indian Ocean
400003220,2026-01-03T05:40:00,19.743731,88.266737,8.9,13.4,356,Vessel_3221,Fishing,LBR,9003220,Under Way,Indian Ocean
400003221,2026-01-03T05:41:00,7.947024,74.3203,2.1,74.6,284,Vessel_3222,Container,PAN,9003221,Under Way,Indian Ocean
400003222,2026-01-03T05:42:00,11.279025,59.352561,1.2,87.0,240,Vessel_3223,Fishing,LBR,9003222,Moored,Arabian Sea
400003223,2026-01-03T05:43:00,12.106351,91.006803,13.7,233.6,219,Vessel_3224,Container,PAN,9003223,Moored,Indian Ocean
400003224,2026-01-03T05:44:00,3.944417,85.18551,20.1,11.5,312,Vessel_3225,Fishing,SGP,9003224,Moored,Indian Ocean
400003225,2026-01-03T05:45:00,14.218045,67.721023,19.6,118.0,47,Vessel_3226,Bulk Carrier,LBR,9003225,Moored,Arabian Sea
400003226,2026-01-03T05:46:00,6.330851,59.123915,21.2,168.9,219,Vessel_3227,Bulk Carrier,IND,9003226,Anchored,Arabian Sea
400003227,2026-01-03T05:47:00,-5.917437,79.152872,5.0,105.5,5,Vessel_3228,Cargo,PAN,9003227,Under Way,Indian Ocean
400003228,2026-01-03T05:48:00,-4.850474,66.82944,18.7,97.1,352,Vessel_3229,Fishing,MHL,9003228,Moored,Indian Ocean
400003229,2026-01-03T05:49:00,21.215168,56.226618,14.8,88.2,120,Vessel_3230,Bulk Carrier,PAN,9003229,Anchored,Arabian Sea
400003230,2026-01-03T05:50:00,6.882891,65.885563,14.3,111.3,137,Vessel_3231,Cargo,PAN,9003230,Moored,Arabian Sea
400003231,2026-01-03T05:51:00,7.640123,97.734496,0.7,248.8,125,Vessel_3232,Container,IND,9003231,Moored,Bay of Bengal
400003232,2026-01-03T05:52:00,-0.77049,76.45411,15.4,336.7,60,Vessel_3233,Fishing,LBR,9003232,Moored,Indian Ocean
400003233,2026-01-03T05:53:00,24.597495,63.330569,6.0,220.0,294,Vessel_3234,Container,IND,9003233,Anchored,Arabian Sea
400003234,2026-01-03T05:54:00,10.976401,91.177949,13.6,23.3,98,Vessel_3235,Bulk Carrier,IND,9003234,Anchored,Bay of Bengal
400003235,2026-01-03T05:55:00,19.123906,82.416232,18.5,355.5,350,Vessel_3236,Fishing,IND,9003235,Moored,Bay of Bengal
400003236,2026-01-03T05:56:00,12.71087,56.521866,19.8,280.0,13,Vessel_3237,Cargo,PAN,9003236,Anchored,Arabian Sea
400003237,2026-01-03T05:57:00,15.480549,83.262295,12.7,355.4,18,Vessel_3238,Cargo,SGP,9003237,Anchored,Bay of Bengal
400003238,2026-01-03T05:58:00,17.089125,87.79008,14.6,358.6,307,Vessel_3239,Cargo,SGP,9003238,Moored,Bay of Bengal
400003239,2026-01-03T05:59:00,8.97337,89.67067,2.1,89.8,33,Vessel_3240,Fishing,SGP,9003239,Moored,Bay of Bengal
400003240,2026-01-03T06:00:00,-9.512722,84.844457,5.1,285.0,64,Vessel_3241,Container,SGP,9003240,Anchored,Indian Ocean
400003241,2026-01-03T06:01:00,12.570934,68.466951,11.3,67.4,209,Vessel_3242,Cargo,SGP,9003241,Anchored,Arabian Sea
400003242,2026-01-03T06:02:00,5.52177,84.180317,20.9,92.4,241,Vessel_3243,Container,IND,9003242,Moored,Indian Ocean
400003243,2026-01-03T06:03:00,1.437468,96.101195,5.6,13.4,222,Vessel_3244,Container,PAN,9003243,Under Way,Indian Ocean
400003244,2026-01-03T06:04:00,9.234519,90.11636,8.4,222.7,68,Vessel_3245,Fishing,PAN,9003244,Anchored,Bay of Bengal
400003245,2026-01-03T06:05:00,13.995336,59.084048,18.1,7.8,177,Vessel_3246,Cargo,MHL,9003245,Moored,Arabian Sea
400003246,2026-01-03T06:06:00,14.20882,99.547848,13.4,315.6,245,Vessel_3247,Tanker,SGP,9003246,Moored,Indian Ocean
400003247,2026-01-03T06:07:00,18.713366,90.890885,21.1,101.7,107,Vessel_3248,Container,MHL,9003247,Under Way,Bay of Bengal
400003248,2026-01-03T06:08:00,11.882579,80.806428,10.1,288.1,267,Vessel_3249,Cargo,IND,9003248,Under Way,Bay of Bengal
400003249,2026-01-03T06:09:00,13.945091,73.608918,3.0,182.6,233,Vessel_3250,Cargo,PAN,9003249,Anchored,Indian Ocean
400003250,2026-01-03T06:10:00,11.891775,85.802248,14.7,185.4,222,Vessel_3251,Bulk Carrier,LBR,9003250,Moored,Indian Ocean
400003251,2026-01-03T06:11:00,8.338716,70.328564,0.4,251.6,234,Vessel_3252,Tanker,LBR,9003251,Moored,Indian Ocean
400003252,2026-01-03T06:12:00,6.700071,60.217245,9.7,29.5,13,Vessel_3253,Cargo,MHL,9003252,Anchored,Arabian Sea
400003253,2026-01-03T06:13:00,17.970265,77.921235,7.4,172.5,183,Vessel_3254,Bulk Carrier,LBR,9003253,Moored,Indian Ocean
400003254,2026-01-03T06:14:00,5.000876,86.096717,11.9,181.4,10,Vessel_3255,Tanker,LBR,9003254,Anchored,Bay of Bengal
400003255,2026-01-03T06:15:00,-1.224065,82.519005,15.9,64.9,145,Vessel_3256,Cargo,PAN,9003255,Moored,Indian Ocean
400003256,2026-01-03T06:16:00,19.501482,83.019347,7.2,317.0,142,Vessel_3257,Container,IND,9003256,Moored,Indian Ocean
400003257,2026-01-03T06:17:00,18.286177,87.353513,15.6,284.0,117,Vessel_3258,Bulk Carrier,PAN,9003257,Anchored,Bay of Bengal
400003258,2026-01-03T06:18:00,7.714289,69.238661,19.8,323.5,287,Vessel_3259,Bulk Carrier,IND,9003258,Anchored,Arabian Sea
400003259,2026-01-03T06:19:00,6.111782,66.712745,7.3,160.0,153,Vessel_3260,Tanker,SGP,9003259,Anchored,Indian Ocean
400003260,2026-01-03T06:20:00,24.606753,68.649778,5.3,116.2,251,Vessel_3261,Bulk Carrier,SGP,9003260,Anchored,Arabian Sea
400003261,2026-01-03T06:21:00,13.740758,94.212539,13.8,273.1,127,Vessel_3262,Fishing,PAN,9003261,Moored,Bay of Bengal
400003262,2026-01-03T06:22:00,20.174819,63.144078,12.3,18.6,197,Vessel_3263,Cargo,PAN,9003262,Moored,Arabian Sea
400003263,2026-01-03T06:23:00,8.75249,92.961628,1.9,276.4,72,Vessel_3264,Bulk Carrier,MHL,9003263,Moored,Bay of Bengal
400003264,2026-01-03T06:24:00,15.218397,81.513065,17.7,232.8,0,Vessel_3265,Container,MHL,9003264,Anchored,Bay of Bengal
400003265,2026-01-03T06:25:00,23.131025,73.074044,10.8,125.7,192,Vessel_3266,Bulk Carrier,IND,9003265,Under Way,Arabian Sea
400003266,2026-01-03T06:26:00,10.568314,82.640258,20.8,268.3,110,Vessel_3267,Container,PAN,9003266,Moored,Bay of Bengal
400003267,2026-01-03T06:27:00,8.591842,90.712402,8.9,280.3,193,Vessel_3268,Cargo,SGP,9003267,Under Way,Bay of Bengal
400003268,2026-01-03T06:28:00,-7.841821,98.520159,4.3,133.1,347,Vessel_3269,Bulk Carrier,IND,9003268,Anchored,Indian Ocean
400003269,2026-01-03T06:29:00,15.266366,96.087054,9.9,78.9,63,Vessel_3270,Bulk Carrier,PAN,9003269,Anchored,Indian Ocean
400003270,2026-01-03T06:30:00,12.836729,95.950555,3.8,148.4,69,Vessel_3271,Bulk Carrier,SGP,9003270,Anchored,Bay of Bengal
400003271,2026-01-03T06:31:00,14.149107,92.539167,11.2,323.7,283,Vessel_3272,Fishing,LBR,9003271,Anchored,Bay of Bengal
400003272,2026-01-03T06:32:00,18.320463,97.391393,18.9,220.2,350,Vessel_3273,Container,SGP,9003272,Anchored,Bay of Bengal
400003273,2026-01-03T06:33:00,11.385864,65.533493,7.8,68.3,235,Vessel_3274,Container,IND,9003273,Under Way,Indian Ocean
400003274,2026-01-03T06:34:00,11.617988,87.558048,10.5,9.0,76,Vessel_3275,Tanker,LBR,9003274,Anchored,Bay of Bengal
400003275,2026-01-03T06:35:00,11.029755,85.546257,9.8,71.7,45,Vessel_3276,Tanker,PAN,9003275,Anchored,Bay of Bengal
400003276,2026-01-03T06:36:00,18.034814,59.159218,13.7,20.9,16,Vessel_3277,Tanker,MHL,9003276,Anchored,Arabian Sea
400003277,2026-01-03T06:37:00,-8.995086,76.361647,8.8,260.6,76,Vessel_3278,Cargo,PAN,9003277,Moored,Indian Ocean
400003278,2026-01-03T06:38:00,10.83789,89.456007,21.1,119.7,336,Vessel_3279,Bulk Carrier,PAN,9003278,Under Way,Bay of Bengal
400003279,2026-01-03T06:39:00,21.215129,96.448186,19.0,46.7,210,Vessel_3280,Bulk Carrier,IND,9003279,Moored,Bay of Bengal
400003280,2026-01-03T06:40:00,17.462648,86.844275,0.3,343.9,133,Vessel_3281,Bulk Carrier,IND,9003280,Moored,Indian Ocean
400003281,2026-01-03T06:41:00,-7.639559,62.3972,5.4,110.5,340,Vessel_3282,Container,LBR,9003281,Under Way,Indian Ocean
400003282,2026-01-03T06:42:00,17.000141,70.307665,11.0,212.4,204,Vessel_3283,Container,IND,9003282,Under Way,Arabian Sea
400003283,2026-01-03T06:43:00,-6.94593,95.469259,11.1,268.8,229,Vessel_3284,Container,LBR,9003283,Anchored,Indian Ocean
400003284,2026-01-03T06:44:00,11.239179,61.128253,9.9,331.5,261,Vessel_3285,Bulk Carrier,MHL,9003284,Anchored,Arabian Sea
400003285,2026-01-03T06:45:00,-9.998202,88.821888,16.1,147.8,343,Vessel_3286,Bulk Carrier,MHL,9003285,Under Way,Indian Ocean
400003286,2026-01-03T06:46:00,8.423303,89.614963,15.7,132.4,175,Vessel_3287,Fishing,MHL,9003286,Anchored,Indian Ocean
400003287,2026-01-03T06:47:00,15.535081,67.376483,6.1,58.9,119,Vessel_3288,Cargo,IND,9003287,Moored,Arabian Sea
400003288,2026-01-03T06:48:00,16.485031,58.718716,9.3,102.6,8,Vessel_3289,Container,PAN,9003288,Anchored,Arabian Sea
400003289,2026-01-03T06:49:00,-2.740926,81.401197,3.8,55.8,129,Vessel_3290,Tanker,PAN,9003289,Under Way,Indian Ocean
400003290,2026-01-03T06:50:00,22.513412,65.638682,8.3,110.7,157,Vessel_3291,Bulk Carrier,SGP,9003290,Under Way,Arabian Sea
400003291,2026-01-03T06:51:00,7.723423,63.611547,10.0,265.9,173,Vessel_3292,Cargo,PAN,9003291,Anchored,Indian Ocean
400003292,2026-01-03T06:52:00,19.700648,94.897049,0.1,117.5,134,Vessel_3293,Container,IND,9003292,Under Way,Bay of Bengal
400003293,2026-01-03T06:53:00,16.212839,66.659338,15.9,281.1,246,Vessel_3294,Cargo,PAN,9003293,Under Way,Indian Ocean
400003294,2026-01-03T06:54:00,17.4733,87.278344,16.6,145.9,158,Vessel_3295,Bulk Carrier,LBR,9003294,Anchored,Indian Ocean
400003295,2026-01-03T06:55:00,9.07574,74.38749,20.2,27.4,345,Vessel_3296,Cargo,IND,9003295,Under Way,Arabian Sea
400003296,2026-01-03T06:56:00,13.739984,83.520717,19.8,348.4,162,Vessel_3297,Fishing,IND,9003296,Anchored,Bay of Bengal
400003297,2026-01-03T06:57:00,24.017325,73.7133,17.1,130.9,85,Vessel_3298,Tanker,LBR,9003297,Moored,Arabian Sea
400003298,2026-01-03T06:58:00,-0.163949,95.072974,17.7,20.8,295,Vessel_3299,Fishing,PAN,9003298,Moored,Indian Ocean
400003299,2026-01-03T06:59:00,13.809594,63.039049,3.8,358.3,192,Vessel_3300,Container,PAN,9003299,Moored,Indian Ocean
400003300,2026-01-03T07:00:00,12.535796,61.903237,13.7,77.2,105,Vessel_3301,Tanker,MHL,9003300,Under Way,Arabian Sea
400003301,2026-01-03T07:01:00,14.052389,97.18269,2.0,320.1,21,Vessel_3302,Tanker,SGP,9003301,Moored,Bay of Bengal
400003302,2026-01-03T07:02:00,21.382485,72.322972,4.2,45.6,310,Vessel_3303,Cargo,PAN,9003302,Under Way,Arabian Sea
400003303,2026-01-03T07:03:00,18.782748,72.526031,12.6,267.3,123,Vessel_3304,Tanker,MHL,9003303,Moored,Arabian Sea
400003304,2026-01-03T07:04:00,8.467778,65.300208,3.4,324.8,151,Vessel_3305,Tanker,IND,9003304,Anchored,Arabian Sea
400003305,2026-01-03T07:05:00,2.047322,67.865673,1.8,316.9,182,Vessel_3306,Container,SGP,9003305,Under Way,Indian Ocean
400003306,2026-01-03T07:06:00,11.414555,55.779829,1.3,110.3,5,Vessel_3307,Bulk Carrier,LBR,9003306,Moored,Arabian Sea
400003307,2026-01-03T07:07:00,18.434373,56.996165,1.0,358.9,208,Vessel_3308,Container,MHL,9003307,Moored,Arabian Sea
400003308,2026-01-03T07:08:00,16.281944,85.631518,10.0,266.2,221,Vessel_3309,Cargo,PAN,9003308,Anchored,Bay of Bengal
400003309,2026-01-03T07:09:00,7.034549,90.050512,21.4,214.6,50,Vessel_3310,Cargo,LBR,9003309,Moored,Bay of Bengal
400003310,2026-01-03T07:10:00,-1.99298,66.108036,9.2,245.7,316,Vessel_3311,Tanker,IND,9003310,Anchored,Indian Ocean
400003311,2026-01-03T07:11:00,23.354361,69.964261,21.6,136.6,315,Vessel_3312,Tanker,IND,9003311,Under Way,Arabian Sea
400003312,2026-01-03T07:12:00,11.801305,85.457929,3.5,89.8,63,Vessel_3313,Bulk Carrier,MHL,9003312,Under Way,Indian Ocean
400003313,2026-01-03T07:13:00,19.011856,96.650994,3.3,30.1,255,Vessel_3314,Container,LBR,9003313,Under Way,Bay of Bengal
400003314,2026-01-03T07:14:00,13.464918,93.426325,12.5,136.9,74,Vessel_3315,Tanker,MHL,9003314,Under Way,Indian Ocean
400003315,2026-01-03T07:15:00,-1.870298,82.917409,20.5,31.0,1,Vessel_3316,Tanker,PAN,9003315,Moored,Indian Ocean
400003316,2026-01-03T07:16:00,7.783046,70.993059,13.9,336.4,324,Vessel_3317,Container,LBR,9003316,Under Way,Arabian Sea
400003317,2026-01-03T07:17:00,16.025364,64.117301,15.5,56.7,15,Vessel_3318,Tanker,LBR,9003317,Anchored,Arabian Sea
400003318,2026-01-03T07:18:00,0.188009,79.733831,2.8,289.0,284,Vessel_3319,Bulk Carrier,IND,9003318,Under Way,Indian Ocean
400003319,2026-01-03T07:19:00,0.489445,71.809663,4.1,257.5,22,Vessel_3320,Container,MHL,9003319,Moored,Indian Ocean
400003320,2026-01-03T07:20:00,19.129941,57.948397,13.9,185.2,8,Vessel_3321,Bulk Carrier,IND,9003320,Anchored,Arabian Sea
400003321,2026-01-03T07:21:00,-9.139603,91.651797,18.3,94.1,214,Vessel_3322,Container,PAN,9003321,Anchored,Indian Ocean
400003322,2026-01-03T07:22:00,12.669638,94.483585,15.2,217.9,174,Vessel_3323,Tanker,MHL,9003322,Under Way,Bay of Bengal
400003323,2026-01-03T07:23:00,19.800619,91.422158,21.4,209.8,169,Vessel_3324,Bulk Carrier,LBR,9003323,Moored,Bay of Bengal
400003324,2026-01-03T07:24:00,8.472041,81.68783,8.6,225.1,181,Vessel_3325,Bulk Carrier,SGP,9003324,Under Way,Bay of Bengal
400003325,2026-01-03T07:25:00,6.76592,81.233725,20.4,159.0,195,Vessel_3326,Container,LBR,9003325,Moored,Indian Ocean
400003326,2026-01-03T07:26:00,8.70321,69.5062,4.5,236.6,26,Vessel_3327,Bulk Carrier,SGP,9003326,Under Way,Indian Ocean
400003327,2026-01-03T07:27:00,-9.309097,63.527369,2.1,261.0,99,Vessel_3328,Fishing,LBR,9003327,Under Way,Indian Ocean
400003328,2026-01-03T07:28:00,13.193905,90.604191,14.6,160.6,40,Vessel_3329,Fishing,MHL,9003328,Under Way,Bay of Bengal
400003329,2026-01-03T07:29:00,15.178795,59.14629,2.7,258.9,131,Vessel_3330,Fishing,MHL,9003329,Anchored,Arabian Sea
400003330,2026-01-03T07:30:00,-2.623244,66.739538,15.8,104.1,37,Vessel_3331,Fishing,IND,9003330,Anchored,Indian Ocean
400003331,2026-01-03T07:31:00,18.750944,93.159386,21.1,83.8,225,Vessel_3332,Cargo,MHL,9003331,Under Way,Bay of Bengal
400003332,2026-01-03T07:32:00,0.752211,63.71903,16.2,170.2,327,Vessel_3333,Tanker,MHL,9003332,Anchored,Indian Ocean
400003333,2026-01-03T07:33:00,-3.36812,86.300319,8.7,2.8,284,Vessel_3334,Container,MHL,9003333,Moored,Indian Ocean
400003334,2026-01-03T07:34:00,18.849772,89.51697,16.9,299.7,169,Vessel_3335,Bulk Carrier,SGP,9003334,Moored,Bay of Bengal
400003335,2026-01-03T07:35:00,12.351199,68.270656,14.6,238.2,81,Vessel_3336,Fishing,SGP,9003335,Moored,Arabian Sea
400003336,2026-01-03T07:36:00,17.032104,90.405462,2.4,78.4,125,Vessel_3337,Container,SGP,9003336,Under Way,Indian Ocean
400003337,2026-01-03T07:37:00,20.270722,89.256306,9.4,261.2,348,Vessel_3338,Bulk Carrier,LBR,9003337,Anchored,Bay of Bengal
400003338,2026-01-03T07:38:00,4.856272,60.738884,20.9,100.0,282,Vessel_3339,Cargo,LBR,9003338,Anchored,Indian Ocean
400003339,2026-01-03T07:39:00,-1.578207,73.018151,12.6,120.2,40,Vessel_3340,Cargo,PAN,9003339,Moored,Indian Ocean
400003340,2026-01-03T07:40:00,6.623219,64.551518,19.7,245.4,168,Vessel_3341,Fishing,SGP,9003340,Moored,Arabian Sea
400003341,2026-01-03T07:41:00,8.679574,70.981519,15.6,346.6,44,Vessel_3342,Tanker,PAN,9003341,Moored,Indian Ocean
400003342,2026-01-03T07:42:00,16.626372,97.689684,3.4,159.3,61,Vessel_3343,Tanker,MHL,9003342,Moored,Bay of Bengal
400003343,2026-01-03T07:43:00,12.214813,86.023613,5.9,145.8,162,Vessel_3344,Tanker,PAN,9003343,Moored,Bay of Bengal
400003344,2026-01-03T07:44:00,10.281569,82.008662,8.9,190.1,218,Vessel_3345,Cargo,IND,9003344,Under Way,Bay of Bengal
400003345,2026-01-03T07:45:00,18.662401,74.038497,11.1,65.9,56,Vessel_3346,Bulk Carrier,SGP,9003345,Under Way,Indian Ocean
400003346,2026-01-03T07:46:00,20.172019,61.54562,10.5,229.5,88,Vessel_3347,Container,SGP,9003346,Under Way,Arabian Sea
400003347,2026-01-03T07:47:00,-1.57707,81.658007,16.4,109.6,339,Vessel_3348,Fishing,SGP,9003347,Anchored,Indian Ocean
400003348,2026-01-03T07:48:00,11.973567,80.878758,13.8,275.1,223,Vessel_3349,Tanker,IND,9003348,Moored,Bay of Bengal
400003349,2026-01-03T07:49:00,19.124849,70.983772,17.5,70.6,153,Vessel_3350,Fishing,IND,9003349,Under Way,Indian Ocean
400003350,2026-01-03T07:50:00,19.797939,87.895404,5.3,285.2,269,Vessel_3351,Bulk Carrier,LBR,9003350,Moored,Bay of Bengal
400003351,2026-01-03T07:51:00,6.773557,86.22657,5.7,149.6,8,Vessel_3352,Container,SGP,9003351,Moored,Bay of Bengal
400003352,2026-01-03T07:52:00,22.849925,55.818058,19.6,174.0,136,Vessel_3353,Bulk Carrier,SGP,9003352,Anchored,Arabian Sea
400003353,2026-01-03T07:53:00,5.961556,61.655159,4.5,332.1,153,Vessel_3354,Fishing,MHL,9003353,Under Way,Arabian Sea
400003354,2026-01-03T07:54:00,16.986016,58.06314,11.7,352.3,209,Vessel_3355,Bulk Carrier,SGP,9003354,Moored,Arabian Sea
400003355,2026-01-03T07:55:00,17.543671,83.072825,1.9,316.4,182,Vessel_3356,Container,SGP,9003355,Moored,Bay of Bengal
400003356,2026-01-03T07:56:00,22.217907,68.471552,10.0,314.0,281,Vessel_3357,Cargo,IND,9003356,Under Way,Arabian Sea
400003357,2026-01-03T07:57:00,8.100681,84.676789,20.7,133.1,244,Vessel_3358,Fishing,PAN,9003357,Anchored,Bay of Bengal
400003358,2026-01-03T07:58:00,1.86272,77.832441,13.4,298.8,246,Vessel_3359,Container,IND,9003358,Moored,Indian Ocean
400003359,2026-01-03T07:59:00,10.909021,97.526336,13.4,23.2,247,Vessel_3360,Container,PAN,9003359,Under Way,Indian Ocean
400003360,2026-01-03T08:00:00,16.451732,68.759848,6.6,284.9,309,Vessel_3361,Cargo,PAN,9003360,Under Way,Arabian Sea
400003361,2026-01-03T08:01:00,-6.990692,96.706114,13.6,63.8,344,Vessel_3362,Cargo,MHL,9003361,Moored,Indian Ocean
400003362,2026-01-03T08:02:00,16.270381,88.565637,9.7,155.9,194,Vessel_3363,Container,MHL,9003362,Under Way,Bay of Bengal
400003363,2026-01-03T08:03:00,5.318615,85.870586,16.0,94.5,107,Vessel_3364,Container,SGP,9003363,Anchored,Bay of Bengal
400003364,2026-01-03T08:04:00,4.122519,79.705168,7.4,147.4,288,Vessel_3365,Cargo,SGP,9003364,Moored,Indian Ocean
400003365,2026-01-03T08:05:00,21.601369,60.31263,13.5,322.2,249,Vessel_3366,Bulk Carrier,SGP,9003365,Anchored,Arabian Sea
400003366,2026-01-03T08:06:00,11.915484,62.19884,10.2,44.9,26,Vessel_3367,Tanker,IND,9003366,Under Way,Arabian Sea
400003367,2026-01-03T08:07:00,15.938633,88.322186,18.9,275.2,314,Vessel_3368,Container,SGP,9003367,Moored,Bay of Bengal
400003368,2026-01-03T08:08:00,21.372944,68.185264,15.3,173.7,88,Vessel_3369,Container,PAN,9003368,Anchored,Arabian Sea
400003369,2026-01-03T08:09:00,0.102994,70.182495,4.9,97.1,324,Vessel_3370,Bulk Carrier,PAN,9003369,Under Way,Indian Ocean
400003370,2026-01-03T08:10:00,14.077443,95.759652,8.2,76.8,340,Vessel_3371,Container,SGP,9003370,Under Way,Bay of Bengal
400003371,2026-01-03T08:11:00,15.728134,74.334764,7.7,6.3,345,Vessel_3372,Fishing,PAN,9003371,Anchored,Arabian Sea
400003372,2026-01-03T08:12:00,7.93414,93.314575,8.0,180.1,334,Vessel_3373,Bulk Carrier,LBR,9003372,Under Way,Indian Ocean
400003373,2026-01-03T08:13:00,20.748297,73.198971,17.0,94.2,327,Vessel_3374,Tanker,SGP,9003373,Anchored,Arabian Sea
400003374,2026-01-03T08:14:00,9.766723,69.833271,14.4,345.5,154,Vessel_3375,Bulk Carrier,IND,9003374,Anchored,Arabian Sea
400003375,2026-01-03T08:15:00,14.30028,60.032453,17.8,358.0,227,Vessel_3376,Tanker,PAN,9003375,Moored,Arabian Sea
400003376,2026-01-03T08:16:00,16.380496,88.804516,17.8,294.6,125,Vessel_3377,Container,IND,9003376,Moored,Bay of Bengal
400003377,2026-01-03T08:17:00,17.131955,90.294301,21.9,186.0,110,Vessel_3378,Bulk Carrier,PAN,9003377,Anchored,Bay of Bengal
400003378,2026-01-03T08:18:00,12.997497,61.483184,10.2,68.6,198,Vessel_3379,Tanker,IND,9003378,Under Way,Indian Ocean
400003379,2026-01-03T08:19:00,10.914888,92.200481,14.5,14.1,53,Vessel_3380,Bulk Carrier,IND,9003379,Anchored,Bay of Bengal
400003380,2026-01-03T08:20:00,14.737236,91.631704,12.6,175.5,221,Vessel_3381,Fishing,SGP,9003380,Moored,Bay of Bengal
400003381,2026-01-03T08:21:00,10.334873,81.761602,19.9,56.0,186,Vessel_3382,Fishing,SGP,9003381,Moored,Bay of Bengal
400003382,2026-01-03T08:22:00,13.119513,96.933862,9.3,144.2,127,Vessel_3383,Container,SGP,9003382,Anchored,Indian Ocean
400003383,2026-01-03T08:23:00,21.997572,86.62426,14.8,127.8,269,Vessel_3384,Fishing,LBR,9003383,Under Way,Bay of Bengal
400003384,2026-01-03T08:24:00,5.98248,82.305568,11.7,77.0,43,Vessel_3385,Cargo,SGP,9003384,Anchored,Bay of Bengal
400003385,2026-01-03T08:25:00,20.065631,67.241835,1.6,68.1,309,Vessel_3386,Bulk Carrier,PAN,9003385,Under Way,Arabian Sea
400003386,2026-01-03T08:26:00,15.799299,97.560452,5.0,145.5,344,Vessel_3387,Cargo,PAN,9003386,Anchored,Bay of Bengal
400003387,2026-01-03T08:27:00,13.156727,82.711049,9.7,294.4,32,Vessel_3388,Container,MHL,9003387,Under Way,Indian Ocean
400003388,2026-01-03T08:28:00,19.071874,72.083084,19.6,4.0,26,Vessel_3389,Bulk Carrier,SGP,9003388,Anchored,Arabian Sea
400003389,2026-01-03T08:29:00,3.108587,74.590297,17.9,139.9,12,Vessel_3390,Fishing,SGP,9003389,Anchored,Indian Ocean
400003390,2026-01-03T08:30:00,23.971671,68.387769,5.2,261.9,302,Vessel_3391,Container,IND,9003390,Under Way,Arabian Sea
400003391,2026-01-03T08:31:00,15.9195,80.923599,9.4,209.4,45,Vessel_3392,Cargo,SGP,9003391,Under Way,Indian Ocean
400003392,2026-01-03T08:32:00,6.511177,67.53246,3.7,311.2,193,Vessel_3393,Tanker,IND,9003392,Moored,Arabian Sea
400003393,2026-01-03T08:33:00,18.425208,89.837976,17.7,52.7,170,Vessel_3394,Fishing,PAN,9003393,Anchored,Bay of Bengal
400003394,2026-01-03T08:34:00,12.675584,84.753907,13.8,135.5,190,Vessel_3395,Cargo,SGP,9003394,Anchored,Bay of Bengal
400003395,2026-01-03T08:35:00,14.569162,71.206561,20.3,39.3,49,Vessel_3396,Fishing,PAN,9003395,Under Way,Indian Ocean
400003396,2026-01-03T08:36:00,12.640931,64.002909,11.2,6.6,173,Vessel_3397,Cargo,IND,9003396,Under Way,Arabian Sea
400003397,2026-01-03T08:37:00,14.765884,85.73873,2.2,212.9,227,Vessel_3398,Bulk Carrier,MHL,9003397,Anchored,Indian Ocean
400003398,2026-01-03T08:38:00,15.741157,72.956179,19.0,337.1,133,Vessel_3399,Bulk Carrier,SGP,9003398,Under Way,Arabian Sea
400003399,2026-01-03T08:39:00,23.922372,60.22071,11.5,71.2,165,Vessel_3400,Container,IND,9003399,Under Way,Arabian Sea
400003400,2026-01-03T08:40:00,8.691682,58.379679,4.6,139.7,100,Vessel_3401,Tanker,MHL,9003400,Anchored,Arabian Sea
400003401,2026-01-03T08:41:00,20.642282,88.436831,10.6,262.9,5,Vessel_3402,Bulk Carrier,LBR,9003401,Anchored,Bay of Bengal
400003402,2026-01-03T08:42:00,24.426484,59.744767,10.2,51.8,309,Vessel_3403,Container,IND,9003402,Anchored,Arabian Sea
400003403,2026-01-03T08:43:00,16.121497,92.402772,1.4,149.4,48,Vessel_3404,Bulk Carrier,SGP,9003403,Under Way,Bay of Bengal
400003404,2026-01-03T08:44:00,14.275203,95.219998,8.7,17.7,153,Vessel_3405,Tanker,MHL,9003404,Anchored,Bay of Bengal
400003405,2026-01-03T08:45:00,-3.32889,69.047528,18.2,58.1,152,Vessel_3406,Container,LBR,9003405,Anchored,Indian Ocean
400003406,2026-01-03T08:46:00,2.881992,71.940424,13.0,29.9,18,Vessel_3407,Container,SGP,9003406,Moored,Indian Ocean
400003407,2026-01-03T08:47:00,-9.387005,91.385097,5.5,286.3,16,Vessel_3408,Fishing,LBR,9003407,Moored,Indian Ocean
400003408,2026-01-03T08:48:00,9.589361,57.613768,17.9,358.3,305,Vessel_3409,Bulk Carrier,IND,9003408,Under Way,Arabian Sea
400003409,2026-01-03T08:49:00,-7.92546,94.535054,12.3,35.8,203,Vessel_3410,Fishing,SGP,9003409,Moored,Indian Ocean
400003410,2026-01-03T08:50:00,12.897297,80.193944,6.1,42.3,170,Vessel_3411,Cargo,IND,9003410,Moored,Bay of Bengal
400003411,2026-01-03T08:51:00,17.752326,62.959463,3.0,314.0,87,Vessel_3412,Bulk Carrier,IND,9003411,Under Way,Arabian Sea
400003412,2026-01-03T08:52:00,7.261632,66.427735,20.4,9.0,261,Vessel_3413,Bulk Carrier,PAN,9003412,Anchored,Arabian Sea
400003413,2026-01-03T08:53:00,-9.686064,94.593579,20.4,83.3,188,Vessel_3414,Fishing,SGP,9003413,Moored,Indian Ocean
400003414,2026-01-03T08:54:00,8.26611,95.10553,14.1,1.5,185,Vessel_3415,Bulk Carrier,SGP,9003414,Anchored,Bay of Bengal
400003415,2026-01-03T08:55:00,14.60036,61.761439,5.6,206.0,353,Vessel_3416,Container,IND,9003415,Under Way,Arabian Sea
400003416,2026-01-03T08:56:00,19.688093,61.085164,20.0,274.7,77,Vessel_3417,Fishing,SGP,9003416,Under Way,Arabian Sea
400003417,2026-01-03T08:57:00,16.427136,62.352867,20.9,209.3,246,Vessel_3418,Fishing,MHL,9003417,Under Way,Arabian Sea
400003418,2026-01-03T08:58:00,11.777495,70.167338,13.3,35.9,252,Vessel_3419,Tanker,LBR,9003418,Moored,Arabian Sea
400003419,2026-01-03T08:59:00,8.844912,61.907994,11.0,325.8,293,Vessel_3420,Container,IND,9003419,Under Way,Arabian Sea
400003420,2026-01-03T09:00:00,20.471294,92.575647,0.1,33.5,200,Vessel_3421,Container,MHL,9003420,Under Way,Bay of Bengal
400003421,2026-01-03T09:01:00,8.935903,83.623866,4.6,160.9,286,Vessel_3422,Container,IND,9003421,Moored,Indian Ocean
400003422,2026-01-03T09:02:00,17.987388,87.266813,10.2,239.5,31,Vessel_3423,Tanker,LBR,9003422,Anchored,Bay of Bengal
400003423,2026-01-03T09:03:00,11.20328,73.834847,14.4,256.5,300,Vessel_3424,Bulk Carrier,SGP,9003423,Under Way,Arabian Sea
400003424,2026-01-03T09:04:00,12.876755,90.41217,1.0,81.1,135,Vessel_3425,Fishing,LBR,9003424,Moored,Indian Ocean
400003425,2026-01-03T09:05:00,11.758832,73.33324,16.6,179.5,135,Vessel_3426,Container,IND,9003425,Under Way,Indian Ocean
400003426,2026-01-03T09:06:00,14.228367,96.144291,18.9,210.6,358,Vessel_3427,Bulk Carrier,SGP,9003426,Under Way,Bay of Bengal
400003427,2026-01-03T09:07:00,-7.218111,73.777538,0.4,122.4,148,Vessel_3428,Cargo,LBR,9003427,Under Way,Indian Ocean
400003428,2026-01-03T09:08:00,15.103975,95.27678,19.6,129.2,296,Vessel_3429,Container,LBR,9003428,Anchored,Bay of Bengal
400003429,2026-01-03T09:09:00,7.103723,56.0245,21.0,206.8,200,Vessel_3430,Container,LBR,9003429,Anchored,Arabian Sea
400003430,2026-01-03T09:10:00,16.451386,86.319679,7.5,53.8,289,Vessel_3431,Bulk Carrier,SGP,9003430,Under Way,Bay of Bengal
400003431,2026-01-03T09:11:00,16.613099,83.78159,11.2,96.3,348,Vessel_3432,Tanker,SGP,9003431,Moored,Bay of Bengal
400003432,2026-01-03T09:12:00,17.177101,60.156423,15.1,189.7,178,Vessel_3433,Bulk Carrier,IND,9003432,Anchored,Arabian Sea
400003433,2026-01-03T09:13:00,17.300603,93.12045,4.0,310.7,332,Vessel_3434,Bulk Carrier,IND,9003433,Under Way,Bay of Bengal
400003434,2026-01-03T09:14:00,-6.033497,76.390683,12.1,12.1,226,Vessel_3435,Bulk Carrier,LBR,9003434,Anchored,Indian Ocean
400003435,2026-01-03T09:15:00,1.237557,61.635208,14.4,204.5,208,Vessel_3436,Cargo,LBR,9003435,Under Way,Indian Ocean
400003436,2026-01-03T09:16:00,12.96341,83.307277,16.4,272.4,227,Vessel_3437,Tanker,IND,9003436,Under Way,Bay of Bengal
400003437,2026-01-03T09:17:00,17.90792,97.790408,2.7,198.8,214,Vessel_3438,Cargo,SGP,9003437,Moored,Bay of Bengal
400003438,2026-01-03T09:18:00,13.137333,74.336716,14.4,60.3,103,Vessel_3439,Cargo,SGP,9003438,Under Way,Arabian Sea
400003439,2026-01-03T09:19:00,18.249222,69.674255,17.3,77.4,301,Vessel_3440,Cargo,PAN,9003439,Anchored,Indian Ocean
400003440,2026-01-03T09:20:00,5.38348,87.22044,15.6,9.9,193,Vessel_3441,Fishing,PAN,9003440,Moored,Bay of Bengal
400003441,2026-01-03T09:21:00,18.601019,55.046122,13.5,234.9,97,Vessel_3442,Container,LBR,9003441,Moored,Arabian Sea
400003442,2026-01-03T09:22:00,10.493018,82.530346,6.7,49.0,175,Vessel_3443,Cargo,LBR,9003442,Moored,Bay of Bengal
400003443,2026-01-03T09:23:00,5.660125,62.650803,20.7,91.1,284,Vessel_3444,Container,PAN,9003443,Moored,Arabian Sea
400003444,2026-01-03T09:24:00,18.25783,86.131569,2.3,345.3,323,Vessel_3445,Fishing,IND,9003444,Anchored,Bay of Bengal
400003445,2026-01-03T09:25:00,12.2422,74.261711,19.9,190.1,3,Vessel_3446,Container,SGP,9003445,Anchored,Arabian Sea
400003446,2026-01-03T09:26:00,17.922255,85.448299,2.9,119.6,15,Vessel_3447,Bulk Carrier,MHL,9003446,Anchored,Bay of Bengal
400003447,2026-01-03T09:27:00,5.901019,98.42341,12.0,9.8,92,Vessel_3448,Tanker,SGP,9003447,Moored,Indian Ocean
400003448,2026-01-03T09:28:00,18.528661,66.751352,5.5,27.0,246,Vessel_3449,Tanker,IND,9003448,Moored,Indian Ocean
400003449,2026-01-03T09:29:00,17.107009,82.407306,21.2,331.2,303,Vessel_3450,Fishing,SGP,9003449,Moored,Indian Ocean
400003450,2026-01-03T09:30:00,14.619625,93.981252,3.5,317.9,254,Vessel_3451,Cargo,IND,9003450,Anchored,Bay of Bengal
400003451,2026-01-03T09:31:00,21.111315,66.347679,17.5,62.4,57,Vessel_3452,Bulk Carrier,MHL,9003451,Anchored,Arabian Sea
400003452,2026-01-03T09:32:00,10.10709,87.687985,5.2,272.9,277,Vessel_3453,Fishing,MHL,9003452,Under Way,Bay of Bengal
400003453,2026-01-03T09:33:00,5.076314,85.835265,15.4,64.2,249,Vessel_3454,Container,PAN,9003453,Moored,Bay of Bengal
400003454,2026-01-03T09:34:00,8.00126,55.424044,15.0,262.3,335,Vessel_3455,Tanker,IND,9003454,Moored,Arabian Sea
400003455,2026-01-03T09:35:00,11.134489,86.598332,6.0,143.0,271,Vessel_3456,Bulk Carrier,MHL,9003455,Under Way,Bay of Bengal
400003456,2026-01-03T09:36:00,15.946651,62.726031,19.1,96.6,212,Vessel_3457,Cargo,LBR,9003456,Anchored,Indian Ocean
400003457,2026-01-03T09:37:00,12.191643,91.196758,7.8,145.7,348,Vessel_3458,Fishing,LBR,9003457,Anchored,Indian Ocean
400003458,2026-01-03T09:38:00,7.903773,80.914414,19.1,143.0,246,Vessel_3459,Fishing,PAN,9003458,Anchored,Bay of Bengal
400003459,2026-01-03T09:39:00,6.285587,97.554049,4.2,4.8,190,Vessel_3460,Fishing,LBR,9003459,Under Way,Indian Ocean
400003460,2026-01-03T09:40:00,18.77589,59.323348,11.8,231.3,218,Vessel_3461,Tanker,IND,9003460,Anchored,Arabian Sea
400003461,2026-01-03T09:41:00,12.572382,90.699537,5.0,144.1,38,Vessel_3462,Container,MHL,9003461,Anchored,Bay of Bengal
400003462,2026-01-03T09:42:00,11.110844,84.838432,10.1,34.3,22,Vessel_3463,Tanker,MHL,9003462,Anchored,Indian Ocean
400003463,2026-01-03T09:43:00,15.358175,95.24642,10.6,47.5,316,Vessel_3464,Cargo,PAN,9003463,Under Way,Bay of Bengal
400003464,2026-01-03T09:44:00,-6.079126,64.766323,12.4,197.3,180,Vessel_3465,Cargo,SGP,9003464,Under Way,Indian Ocean
400003465,2026-01-03T09:45:00,-5.518162,82.604082,18.5,298.5,294,Vessel_3466,Cargo,LBR,9003465,Moored,Indian Ocean
400003466,2026-01-03T09:46:00,13.593855,90.681016,2.3,192.3,323,Vessel_3467,Container,PAN,9003466,Under Way,Bay of Bengal
400003467,2026-01-03T09:47:00,13.587126,59.220252,13.3,159.3,144,Vessel_3468,Fishing,SGP,9003467,Under Way,Arabian Sea
400003468,2026-01-03T09:48:00,10.682197,96.853763,6.7,308.5,158,Vessel_3469,Cargo,PAN,9003468,Moored,Bay of Bengal
400003469,2026-01-03T09:49:00,19.054339,90.49083,3.5,46.8,307,Vessel_3470,Tanker,MHL,9003469,Moored,Bay of Bengal
400003470,2026-01-03T09:50:00,18.862012,58.556345,14.4,341.9,240,Vessel_3471,Bulk Carrier,SGP,9003470,Moored,Arabian Sea
400003471,2026-01-03T09:51:00,17.040761,88.299584,3.8,269.8,152,Vessel_3472,Cargo,PAN,9003471,Under Way,Bay of Bengal
400003472,2026-01-03T09:52:00,16.500252,94.397118,13.7,166.0,253,Vessel_3473,Cargo,MHL,9003472,Anchored,Indian Ocean
400003473,2026-01-03T09:53:00,13.1014,86.076052,8.9,255.3,157,Vessel_3474,Cargo,MHL,9003473,Moored,Bay of Bengal
400003474,2026-01-03T09:54:00,-8.709682,66.267668,20.1,16.8,115,Vessel_3475,Container,MHL,9003474,Moored,Indian Ocean
400003475,2026-01-03T09:55:00,17.814148,57.507221,10.4,310.2,25,Vessel_3476,Tanker,IND,9003475,Moored,Arabian Sea
400003476,2026-01-03T09:56:00,5.161224,81.184679,15.4,173.4,244,Vessel_3477,Bulk Carrier,SGP,9003476,Anchored,Bay of Bengal
400003477,2026-01-03T09:57:00,13.110351,68.890457,21.3,299.2,64,Vessel_3478,Container,PAN,9003477,Moored,Arabian Sea
400003478,2026-01-03T09:58:00,23.456855,59.416475,17.2,82.9,304,Vessel_3479,Tanker,PAN,9003478,Moored,Arabian Sea
400003479,2026-01-03T09:59:00,23.247416,68.575398,3.3,86.8,58,Vessel_3480,Bulk Carrier,SGP,9003479,Under Way,Arabian Sea
400003480,2026-01-03T10:00:00,10.282565,81.185004,10.8,311.0,215,Vessel_3481,Fishing,IND,9003480,Under Way,Bay of Bengal
400003481,2026-01-03T10:01:00,-8.02674,70.635809,20.2,286.2,111,Vessel_3482,Container,MHL,9003481,Moored,Indian Ocean
400003482,2026-01-03T10:02:00,-1.813079,92.045094,3.6,206.5,326,Vessel_3483,Cargo,PAN,9003482,Moored,Indian Ocean
400003483,2026-01-03T10:03:00,16.634662,96.408688,10.6,171.1,42,Vessel_3484,Container,SGP,9003483,Moored,Bay of Bengal
400003484,2026-01-03T10:04:00,20.792879,58.323282,16.9,58.7,154,Vessel_3485,Bulk Carrier,SGP,9003484,Anchored,Arabian Sea
400003485,2026-01-03T10:05:00,5.180162,92.954652,3.2,202.0,294,Vessel_3486,Tanker,IND,9003485,Anchored,Bay of Bengal
400003486,2026-01-03T10:06:00,19.321257,87.318426,19.0,231.5,154,Vessel_3487,Cargo,LBR,9003486,Moored,Bay of Bengal
400003487,2026-01-03T10:07:00,9.240132,93.275822,7.1,93.3,26,Vessel_3488,Container,SGP,9003487,Moored,Bay of Bengal
400003488,2026-01-03T10:08:00,7.498819,67.384864,13.2,260.0,31,Vessel_3489,Bulk Carrier,LBR,9003488,Anchored,Arabian Sea
400003489,2026-01-03T10:09:00,21.083518,84.043409,4.3,343.2,350,Vessel_3490,Fishing,LBR,9003489,Moored,Bay of Bengal
400003490,2026-01-03T10:10:00,10.543532,72.073433,16.3,241.2,93,Vessel_3491,Container,SGP,9003490,Moored,Arabian Sea
400003491,2026-01-03T10:11:00,14.484911,84.003778,10.0,89.1,261,Vessel_3492,Tanker,SGP,9003491,Under Way,Bay of Bengal
400003492,2026-01-03T10:12:00,23.685075,59.648869,7.5,225.8,347,Vessel_3493,Cargo,IND,9003492,Under Way,Arabian Sea
400003493,2026-01-03T10:13:00,13.462012,57.029417,3.9,105.2,243,Vessel_3494,Container,IND,9003493,Moored,Arabian Sea
400003494,2026-01-03T10:14:00,6.16201,67.635097,18.0,56.5,123,Vessel_3495,Cargo,PAN,9003494,Under Way,Indian Ocean
400003495,2026-01-03T10:15:00,20.569527,87.1957,2.8,294.9,167,Vessel_3496,Tanker,IND,9003495,Anchored,Bay of Bengal
400003496,2026-01-03T10:16:00,-7.306767,97.888396,7.1,308.5,27,Vessel_3497,Fishing,PAN,9003496,Moored,Indian Ocean
400003497,2026-01-03T10:17:00,-8.430183,66.075419,19.7,293.6,345,Vessel_3498,Container,PAN,9003497,Anchored,Indian Ocean
400003498,2026-01-03T10:18:00,6.210509,90.687163,3.4,291.9,44,Vessel_3499,Cargo,PAN,9003498,Under Way,Bay of Bengal
400003499,2026-01-03T10:19:00,14.023532,61.423733,10.7,185.6,300,Vessel_3500,Tanker,SGP,9003499,Moored,Indian Ocean
400003500,2026-01-03T10:20:00,20.358117,86.287337,16.3,261.8,158,Vessel_3501,Fishing,PAN,9003500,Under Way,Bay of Bengal
400003501,2026-01-03T10:21:00,11.388518,78.817845,7.3,178.5,160,Vessel_3502,Container,LBR,9003501,Under Way,Indian Ocean
400003502,2026-01-03T10:22:00,12.348126,84.151054,21.1,226.8,67,Vessel_3503,Container,LBR,9003502,Under Way,Bay of Bengal
400003503,2026-01-03T10:23:00,21.797911,63.611666,16.4,48.2,38,Vessel_3504,Fishing,PAN,9003503,Moored,Arabian Sea
400003504,2026-01-03T10:24:00,9.036591,82.365619,19.2,0.3,223,Vessel_3505,Tanker,PAN,9003504,Under Way,Bay of Bengal
400003505,2026-01-03T10:25:00,7.615326,85.659061,12.4,138.4,183,Vessel_3506,Bulk Carrier,MHL,9003505,Anchored,Bay of Bengal
400003506,2026-01-03T10:26:00,19.913496,85.509295,15.1,248.7,216,Vessel_3507,Tanker,MHL,9003506,Under Way,Bay of Bengal
400003507,2026-01-03T10:27:00,12.963856,61.51768,1.0,329.0,213,Vessel_3508,Tanker,IND,9003507,Moored,Indian Ocean
400003508,2026-01-03T10:28:00,16.997914,64.711844,11.3,179.8,50,Vessel_3509,Fishing,MHL,9003508,Under Way,Arabian Sea
400003509,2026-01-03T10:29:00,10.620952,74.476225,8.6,41.1,124,Vessel_3510,Fishing,MHL,9003509,Under Way,Arabian Sea
400003510,2026-01-03T10:30:00,21.437052,88.516379,11.8,126.5,270,Vessel_3511,Container,LBR,9003510,Moored,Bay of Bengal
400003511,2026-01-03T10:31:00,24.860223,67.55421,14.5,137.1,204,Vessel_3512,Fishing,MHL,9003511,Under Way,Arabian Sea
400003512,2026-01-03T10:32:00,13.13676,89.432097,0.3,340.8,249,Vessel_3513,Cargo,IND,9003512,Moored,Bay of Bengal
400003513,2026-01-03T10:33:00,19.505477,64.490394,14.7,310.5,229,Vessel_3514,Cargo,SGP,9003513,Anchored,Indian Ocean
400003514,2026-01-03T10:34:00,12.034098,60.654357,10.3,80.2,14,Vessel_3515,Fishing,SGP,9003514,Under Way,Arabian Sea
400003515,2026-01-03T10:35:00,15.262228,97.1414,11.4,214.8,321,Vessel_3516,Fishing,PAN,9003515,Under Way,Bay of Bengal
400003516,2026-01-03T10:36:00,-2.340903,99.077699,13.4,73.4,236,Vessel_3517,Tanker,PAN,9003516,Anchored,Indian Ocean
400003517,2026-01-03T10:37:00,9.478403,80.635735,9.6,189.1,213,Vessel_3518,Bulk Carrier,PAN,9003517,Under Way,Bay of Bengal
400003518,2026-01-03T10:38:00,0.128789,79.656938,2.2,152.6,181,Vessel_3519,Bulk Carrier,IND,9003518,Anchored,Indian Ocean
400003519,2026-01-03T10:39:00,8.228604,74.617718,8.8,357.9,127,Vessel_3520,Tanker,MHL,9003519,Under Way,Indian Ocean
400003520,2026-01-03T10:40:00,9.674633,68.380363,20.5,5.8,16,Vessel_3521,Cargo,PAN,9003520,Moored,Indian Ocean
400003521,2026-01-03T10:41:00,12.284878,93.651591,4.7,276.6,244,Vessel_3522,Bulk Carrier,SGP,9003521,Under Way,Bay of Bengal
400003522,2026-01-03T10:42:00,-3.998114,75.141125,15.1,172.7,303,Vessel_3523,Cargo,LBR,9003522,Under Way,Indian Ocean
400003523,2026-01-03T10:43:00,9.813912,88.648757,3.4,305.9,73,Vessel_3524,Container,IND,9003523,Under Way,Bay of Bengal
400003524,2026-01-03T10:44:00,21.240184,85.221303,7.1,236.3,175,Vessel_3525,Container,MHL,9003524,Under Way,Bay of Bengal
400003525,2026-01-03T10:45:00,19.805836,88.796848,14.6,210.4,281,Vessel_3526,Cargo,MHL,9003525,Anchored,Indian Ocean
400003526,2026-01-03T10:46:00,15.728656,84.264228,11.2,48.5,193,Vessel_3527,Tanker,LBR,9003526,Under Way,Bay of Bengal
400003527,2026-01-03T10:47:00,9.043958,70.871088,6.2,188.9,343,Vessel_3528,Tanker,IND,9003527,Under Way,Arabian Sea
400003528,2026-01-03T10:48:00,-7.615964,68.936065,3.5,110.3,115,Vessel_3529,Tanker,LBR,9003528,Moored,Indian Ocean
400003529,2026-01-03T10:49:00,-1.660609,77.507316,12.5,345.3,211,Vessel_3530,Container,PAN,9003529,Anchored,Indian Ocean
400003530,2026-01-03T10:50:00,7.594267,91.14555,15.3,129.0,267,Vessel_3531,Fishing,LBR,9003530,Under Way,Bay of Bengal
400003531,2026-01-03T10:51:00,11.736475,64.046833,7.2,145.1,2,Vessel_3532,Cargo,SGP,9003531,Under Way,Arabian Sea
400003532,2026-01-03T10:52:00,7.592786,72.932792,6.3,133.6,239,Vessel_3533,Bulk Carrier,IND,9003532,Under Way,Arabian Sea
400003533,2026-01-03T10:53:00,6.339813,86.641326,12.4,15.6,134,Vessel_3534,Tanker,MHL,9003533,Moored,Bay of Bengal
400003534,2026-01-03T10:54:00,20.444056,65.13682,20.0,120.9,211,Vessel_3535,Bulk Carrier,LBR,9003534,Under Way,Arabian Sea
400003535,2026-01-03T10:55:00,6.267949,64.590339,4.0,207.9,249,Vessel_3536,Fishing,MHL,9003535,Anchored,Indian Ocean
400003536,2026-01-03T10:56:00,13.260541,91.055804,12.8,137.0,99,Vessel_3537,Bulk Carrier,IND,9003536,Anchored,Bay of Bengal
400003537,2026-01-03T10:57:00,14.472707,67.229978,18.2,290.9,144,Vessel_3538,Container,PAN,9003537,Under Way,Arabian Sea
400003538,2026-01-03T10:58:00,7.894952,70.984895,5.7,199.4,128,Vessel_3539,Fishing,MHL,9003538,Anchored,Arabian Sea
400003539,2026-01-03T10:59:00,19.483738,59.886327,10.2,165.9,153,Vessel_3540,Container,IND,9003539,Under Way,Arabian Sea
400003540,2026-01-03T11:00:00,21.751963,72.429751,20.1,11.3,78,Vessel_3541,Bulk Carrier,LBR,9003540,Moored,Arabian Sea
400003541,2026-01-03T11:01:00,14.365199,96.803467,17.3,216.9,127,Vessel_3542,Fishing,LBR,9003541,Under Way,Indian Ocean
400003542,2026-01-03T11:02:00,6.449586,84.746497,20.5,282.9,256,Vessel_3543,Fishing,IND,9003542,Under Way,Bay of Bengal
400003543,2026-01-03T11:03:00,14.127123,84.625544,16.1,304.1,193,Vessel_3544,Fishing,SGP,9003543,Anchored,Indian Ocean
400003544,2026-01-03T11:04:00,4.58606,82.407956,14.7,75.9,32,Vessel_3545,Tanker,SGP,9003544,Anchored,Indian Ocean
400003545,2026-01-03T11:05:00,10.618074,58.960083,1.5,37.2,287,Vessel_3546,Tanker,PAN,9003545,Under Way,Arabian Sea
400003546,2026-01-03T11:06:00,20.667707,92.553336,5.1,113.0,59,Vessel_3547,Bulk Carrier,MHL,9003546,Moored,Bay of Bengal
400003547,2026-01-03T11:07:00,11.194355,64.008719,11.1,148.7,293,Vessel_3548,Container,IND,9003547,Anchored,Arabian Sea
400003548,2026-01-03T11:08:00,6.701487,91.890479,11.1,189.0,35,Vessel_3549,Tanker,SGP,9003548,Under Way,Bay of Bengal
400003549,2026-01-03T11:09:00,18.758512,86.366374,20.0,97.6,242,Vessel_3550,Cargo,SGP,9003549,Anchored,Bay of Bengal
400003550,2026-01-03T11:10:00,16.24367,88.503137,5.9,19.6,137,Vessel_3551,Tanker,SGP,9003550,Under Way,Bay of Bengal
400003551,2026-01-03T11:11:00,9.513919,91.128264,12.8,330.7,268,Vessel_3552,Bulk Carrier,IND,9003551,Moored,Bay of Bengal
400003552,2026-01-03T11:12:00,9.938644,57.130852,5.0,268.5,314,Vessel_3553,Container,IND,9003552,Under Way,Arabian Sea
400003553,2026-01-03T11:13:00,2.135615,72.01838,0.1,138.3,114,Vessel_3554,Cargo,LBR,9003553,Anchored,Indian Ocean
400003554,2026-01-03T11:14:00,8.973628,81.176617,14.2,16.3,250,Vessel_3555,Bulk Carrier,SGP,9003554,Under Way,Bay of Bengal
400003555,2026-01-03T11:15:00,15.095477,63.248568,21.9,216.3,329,Vessel_3556,Container,PAN,9003555,Anchored,Indian Ocean
400003556,2026-01-03T11:16:00,8.314872,59.517188,0.8,334.2,10,Vessel_3557,Tanker,PAN,9003556,Anchored,Arabian Sea
400003557,2026-01-03T11:17:00,21.159915,87.200103,13.2,314.8,193,Vessel_3558,Fishing,MHL,9003557,Moored,Bay of Bengal
400003558,2026-01-03T11:18:00,13.649015,89.301761,10.3,322.4,126,Vessel_3559,Bulk Carrier,IND,9003558,Under Way,Bay of Bengal
400003559,2026-01-03T11:19:00,23.427064,64.119898,10.3,270.5,227,Vessel_3560,Bulk Carrier,SGP,9003559,Moored,Arabian Sea
400003560,2026-01-03T11:20:00,10.324377,96.334156,13.1,290.4,18,Vessel_3561,Bulk Carrier,MHL,9003560,Under Way,Bay of Bengal
400003561,2026-01-03T11:21:00,23.631547,56.477687,2.3,252.6,216,Vessel_3562,Tanker,IND,9003561,Anchored,Arabian Sea
400003562,2026-01-03T11:22:00,-9.291218,96.876546,5.9,105.4,182,Vessel_3563,Container,MHL,9003562,Anchored,Indian Ocean
400003563,2026-01-03T11:23:00,9.748373,84.182518,14.6,186.3,339,Vessel_3564,Fishing,LBR,9003563,Moored,Bay of Bengal
400003564,2026-01-03T11:24:00,11.358435,82.911655,12.5,39.1,348,Vessel_3565,Tanker,SGP,9003564,Moored,Bay of Bengal
400003565,2026-01-03T11:25:00,12.203862,73.13743,19.3,271.8,159,Vessel_3566,Fishing,MHL,9003565,Moored,Arabian Sea
400003566,2026-01-03T11:26:00,12.694536,63.084369,7.7,258.2,57,Vessel_3567,Fishing,LBR,9003566,Moored,Arabian Sea
400003567,2026-01-03T11:27:00,9.001087,97.900093,4.8,203.9,155,Vessel_3568,Bulk Carrier,SGP,9003567,Anchored,Bay of Bengal
400003568,2026-01-03T11:28:00,4.859298,88.910977,20.4,70.4,286,Vessel_3569,Container,MHL,9003568,Anchored,Indian Ocean
400003569,2026-01-03T11:29:00,21.485731,84.384824,13.7,310.8,337,Vessel_3570,Bulk Carrier,MHL,9003569,Anchored,Bay of Bengal
400003570,2026-01-03T11:30:00,-7.225337,88.051815,21.8,344.3,140,Vessel_3571,Fishing,SGP,9003570,Under Way,Indian Ocean
400003571,2026-01-03T11:31:00,20.595987,87.029305,20.6,154.5,187,Vessel_3572,Container,MHL,9003571,Moored,Bay of Bengal
400003572,2026-01-03T11:32:00,14.553819,59.57991,7.0,218.1,60,Vessel_3573,Tanker,LBR,9003572,Under Way,Arabian Sea
400003573,2026-01-03T11:33:00,5.416459,92.554747,12.9,219.8,189,Vessel_3574,Container,LBR,9003573,Anchored,Bay of Bengal
400003574,2026-01-03T11:34:00,8.546641,90.665533,15.3,160.8,52,Vessel_3575,Container,PAN,9003574,Anchored,Bay of Bengal
400003575,2026-01-03T11:35:00,5.083344,95.730759,13.2,85.2,338,Vessel_3576,Cargo,LBR,9003575,Moored,Bay of Bengal
400003576,2026-01-03T11:36:00,19.485972,74.711292,8.7,268.3,77,Vessel_3577,Container,PAN,9003576,Under Way,Arabian Sea
400003577,2026-01-03T11:37:00,15.01253,85.937882,7.2,223.0,88,Vessel_3578,Bulk Carrier,IND,9003577,Under Way,Indian Ocean
400003578,2026-01-03T11:38:00,18.336184,70.675433,17.5,39.9,28,Vessel_3579,Tanker,PAN,9003578,Anchored,Arabian Sea
400003579,2026-01-03T11:39:00,13.305563,71.921759,10.1,201.7,129,Vessel_3580,Fishing,MHL,9003579,Under Way,Arabian Sea
400003580,2026-01-03T11:40:00,23.951177,72.108314,0.0,241.5,284,Vessel_3581,Fishing,SGP,9003580,Moored,Arabian Sea
400003581,2026-01-03T11:41:00,15.617116,61.059106,21.4,298.8,319,Vessel_3582,Tanker,MHL,9003581,Anchored,Arabian Sea
400003582,2026-01-03T11:42:00,7.173564,92.129368,4.8,22.0,340,Vessel_3583,Container,MHL,9003582,Under Way,Bay of Bengal
400003583,2026-01-03T11:43:00,16.496574,96.990839,10.3,225.5,321,Vessel_3584,Bulk Carrier,PAN,9003583,Anchored,Bay of Bengal
400003584,2026-01-03T11:44:00,2.569728,84.236336,2.8,25.8,271,Vessel_3585,Fishing,SGP,9003584,Under Way,Indian Ocean
400003585,2026-01-03T11:45:00,13.213214,70.013058,11.6,353.3,147,Vessel_3586,Tanker,LBR,9003585,Anchored,Arabian Sea
400003586,2026-01-03T11:46:00,17.7615,67.547569,15.8,297.4,79,Vessel_3587,Cargo,LBR,9003586,Anchored,Arabian Sea
400003587,2026-01-03T11:47:00,18.805558,63.727239,5.3,181.9,162,Vessel_3588,Fishing,MHL,9003587,Under Way,Arabian Sea
400003588,2026-01-03T11:48:00,19.409484,87.821817,0.3,87.5,115,Vessel_3589,Fishing,IND,9003588,Moored,Bay of Bengal
400003589,2026-01-03T11:49:00,12.02518,86.343568,21.5,50.2,273,Vessel_3590,Cargo,LBR,9003589,Anchored,Indian Ocean
400003590,2026-01-03T11:50:00,8.496098,72.761269,5.3,209.4,309,Vessel_3591,Fishing,MHL,9003590,Anchored,Arabian Sea
400003591,2026-01-03T11:51:00,23.725648,61.260426,20.0,148.8,131,Vessel_3592,Container,PAN,9003591,Moored,Arabian Sea
400003592,2026-01-03T11:52:00,-1.647366,98.457361,17.6,268.2,219,Vessel_3593,Fishing,LBR,9003592,Moored,Indian Ocean
400003593,2026-01-03T11:53:00,22.442164,72.675875,1.6,281.2,113,Vessel_3594,Cargo,IND,9003593,Anchored,Arabian Sea
400003594,2026-01-03T11:54:00,5.413239,92.735584,0.5,201.7,245,Vessel_3595,Tanker,PAN,9003594,Anchored,Bay of Bengal
400003595,2026-01-03T11:55:00,0.4316,86.99257,17.2,20.0,327,Vessel_3596,Bulk Carrier,SGP,9003595,Anchored,Indian Ocean
400003596,2026-01-03T11:56:00,4.367276,84.389993,3.8,127.9,50,Vessel_3597,Cargo,IND,9003596,Moored,Indian Ocean
400003597,2026-01-03T11:57:00,-2.006601,75.60694,5.2,60.4,211,Vessel_3598,Cargo,LBR,9003597,Anchored,Indian Ocean
400003598,2026-01-03T11:58:00,-9.32538,65.830168,7.1,106.6,274,Vessel_3599,Tanker,SGP,9003598,Moored,Indian Ocean
400003599,2026-01-03T11:59:00,10.859909,91.146113,12.5,175.8,116,Vessel_3600,Bulk Carrier,MHL,9003599,Under Way,Bay of Bengal
400003600,2026-01-03T12:00:00,14.91735,99.069835,18.8,113.4,177,Vessel_3601,Tanker,MHL,9003600,Moored,Indian Ocean
400003601,2026-01-03T12:01:00,10.097118,64.02878,15.0,26.4,245,Vessel_3602,Cargo,LBR,9003601,Anchored,Arabian Sea
400003602,2026-01-03T12:02:00,9.36836,65.554121,3.3,127.5,334,Vessel_3603,Bulk Carrier,LBR,9003602,Under Way,Arabian Sea
400003603,2026-01-03T12:03:00,8.206254,73.961493,6.4,305.2,105,Vessel_3604,Cargo,IND,9003603,Under Way,Arabian Sea
400003604,2026-01-03T12:04:00,-8.711164,75.91691,5.5,266.8,260,Vessel_3605,Cargo,MHL,9003604,Under Way,Indian Ocean
400003605,2026-01-03T12:05:00,-2.417616,85.499753,3.1,167.4,87,Vessel_3606,Tanker,IND,9003605,Anchored,Indian Ocean
400003606,2026-01-03T12:06:00,11.483502,80.99056,1.8,228.6,117,Vessel_3607,Bulk Carrier,PAN,9003606,Anchored,Indian Ocean
400003607,2026-01-03T12:07:00,0.468071,67.35568,10.4,2.4,315,Vessel_3608,Bulk Carrier,IND,9003607,Moored,Indian Ocean
400003608,2026-01-03T12:08:00,7.341355,88.459285,18.3,24.9,349,Vessel_3609,Cargo,LBR,9003608,Moored,Bay of Bengal
400003609,2026-01-03T12:09:00,2.896459,95.520935,13.8,117.1,80,Vessel_3610,Fishing,PAN,9003609,Anchored,Indian Ocean
400003610,2026-01-03T12:10:00,6.553365,92.768742,0.4,130.5,41,Vessel_3611,Tanker,MHL,9003610,Under Way,Bay of Bengal
400003611,2026-01-03T12:11:00,-0.892763,81.510647,5.6,46.3,219,Vessel_3612,Cargo,SGP,9003611,Moored,Indian Ocean
400003612,2026-01-03T12:12:00,5.257298,63.366832,21.9,48.3,123,Vessel_3613,Container,IND,9003612,Under Way,Arabian Sea
400003613,2026-01-03T12:13:00,9.625812,69.236552,15.5,68.4,139,Vessel_3614,Cargo,PAN,9003613,Under Way,Indian Ocean
400003614,2026-01-03T12:14:00,10.625198,83.684805,2.5,156.1,293,Vessel_3615,Cargo,MHL,9003614,Under Way,Bay of Bengal
400003615,2026-01-03T12:15:00,-6.644283,76.621714,8.7,44.5,218,Vessel_3616,Fishing,LBR,9003615,Moored,Indian Ocean
400003616,2026-01-03T12:16:00,17.357016,85.499877,5.5,308.1,130,Vessel_3617,Container,PAN,9003616,Anchored,Bay of Bengal
400003617,2026-01-03T12:17:00,23.857348,62.790696,9.6,94.7,237,Vessel_3618,Tanker,IND,9003617,Moored,Arabian Sea
400003618,2026-01-03T12:18:00,-1.378171,91.551158,7.3,9.9,168,Vessel_3619,Tanker,LBR,9003618,Anchored,Indian Ocean
400003619,2026-01-03T12:19:00,7.425922,97.016675,18.3,61.0,1,Vessel_3620,Fishing,SGP,9003619,Anchored,Bay of Bengal
400003620,2026-01-03T12:20:00,7.380306,55.121424,18.0,234.9,208,Vessel_3621,Fishing,MHL,9003620,Moored,Arabian Sea
400003621,2026-01-03T12:21:00,6.678163,92.939077,4.3,118.4,83,Vessel_3622,Container,PAN,9003621,Under Way,Bay of Bengal
400003622,2026-01-03T12:22:00,-2.663733,66.505787,14.5,351.7,24,Vessel_3623,Container,MHL,9003622,Moored,Indian Ocean
400003623,2026-01-03T12:23:00,24.682122,67.958433,14.0,84.4,138,Vessel_3624,Tanker,PAN,9003623,Anchored,Arabian Sea
400003624,2026-01-03T12:24:00,7.964066,86.117523,19.1,71.3,186,Vessel_3625,Tanker,IND,9003624,Under Way,Bay of Bengal
400003625,2026-01-03T12:25:00,23.292709,70.52587,18.0,114.6,351,Vessel_3626,Bulk Carrier,SGP,9003625,Anchored,Arabian Sea
400003626,2026-01-03T12:26:00,16.970114,89.938939,3.9,14.5,42,Vessel_3627,Bulk Carrier,PAN,9003626,Moored,Bay of Bengal
400003627,2026-01-03T12:27:00,-9.43957,69.518394,5.6,346.0,273,Vessel_3628,Fishing,IND,9003627,Moored,Indian Ocean
400003628,2026-01-03T12:28:00,4.126635,93.470802,9.5,286.9,158,Vessel_3629,Cargo,SGP,9003628,Moored,Indian Ocean
400003629,2026-01-03T12:29:00,12.359524,69.050364,21.1,275.8,338,Vessel_3630,Container,MHL,9003629,Under Way,Arabian Sea
400003630,2026-01-03T12:30:00,11.5197,70.869033,12.4,159.0,227,Vessel_3631,Bulk Carrier,MHL,9003630,Moored,Arabian Sea
400003631,2026-01-03T12:31:00,7.139495,58.767338,9.9,212.7,280,Vessel_3632,Cargo,IND,9003631,Moored,Arabian Sea
400003632,2026-01-03T12:32:00,17.896134,88.419246,21.4,158.7,128,Vessel_3633,Container,IND,9003632,Under Way,Bay of Bengal
400003633,2026-01-03T12:33:00,5.00956,90.259768,19.6,128.0,271,Vessel_3634,Fishing,LBR,9003633,Under Way,Bay of Bengal
400003634,2026-01-03T12:34:00,22.563891,68.185951,21.2,65.2,105,Vessel_3635,Cargo,LBR,9003634,Moored,Arabian Sea
400003635,2026-01-03T12:35:00,7.853381,75.03844,0.2,184.5,139,Vessel_3636,Bulk Carrier,LBR,9003635,Moored,Indian Ocean
400003636,2026-01-03T12:36:00,-7.889561,86.864761,14.0,318.8,300,Vessel_3637,Fishing,SGP,9003636,Under Way,Indian Ocean
400003637,2026-01-03T12:37:00,19.651679,79.833682,8.6,38.0,59,Vessel_3638,Cargo,MHL,9003637,Moored,Indian Ocean
400003638,2026-01-03T12:38:00,4.374931,95.354274,18.6,45.5,53,Vessel_3639,Container,LBR,9003638,Under Way,Indian Ocean
400003639,2026-01-03T12:39:00,9.224873,68.535179,16.5,316.6,346,Vessel_3640,Container,SGP,9003639,Moored,Arabian Sea
400003640,2026-01-03T12:40:00,17.475966,97.33824,12.3,220.7,203,Vessel_3641,Fishing,IND,9003640,Moored,Bay of Bengal
400003641,2026-01-03T12:41:00,18.19102,97.444781,10.3,250.1,26,Vessel_3642,Fishing,IND,9003641,Moored,Bay of Bengal
400003642,2026-01-03T12:42:00,14.405279,64.928829,6.3,209.1,313,Vessel_3643,Container,PAN,9003642,Anchored,Arabian Sea
400003643,2026-01-03T12:43:00,16.627848,91.566264,5.6,287.2,141,Vessel_3644,Tanker,IND,9003643,Anchored,Bay of Bengal
400003644,2026-01-03T12:44:00,14.886017,94.910101,16.4,48.6,327,Vessel_3645,Container,PAN,9003644,Moored,Bay of Bengal
400003645,2026-01-03T12:45:00,10.954364,64.038492,7.8,203.9,352,Vessel_3646,Bulk Carrier,IND,9003645,Moored,Arabian Sea
400003646,2026-01-03T12:46:00,9.241256,90.435303,20.2,75.1,312,Vessel_3647,Fishing,PAN,9003646,Moored,Bay of Bengal
400003647,2026-01-03T12:47:00,11.319153,82.707671,1.2,291.6,293,Vessel_3648,Bulk Carrier,PAN,9003647,Moored,Indian Ocean
400003648,2026-01-03T12:48:00,12.657471,93.613902,20.3,178.4,213,Vessel_3649,Fishing,IND,9003648,Anchored,Bay of Bengal
400003649,2026-01-03T12:49:00,13.94621,97.927955,4.8,110.1,19,Vessel_3650,Bulk Carrier,SGP,9003649,Under Way,Bay of Bengal
400003650,2026-01-03T12:50:00,16.086631,81.76151,15.1,167.3,198,Vessel_3651,Tanker,SGP,9003650,Anchored,Bay of Bengal
400003651,2026-01-03T12:51:00,-9.233782,85.056724,10.8,191.9,198,Vessel_3652,Fishing,SGP,9003651,Under Way,Indian Ocean
400003652,2026-01-03T12:52:00,8.947425,69.231987,7.1,4.9,96,Vessel_3653,Bulk Carrier,MHL,9003652,Moored,Arabian Sea
400003653,2026-01-03T12:53:00,0.202027,98.157412,7.3,274.9,95,Vessel_3654,Cargo,IND,9003653,Under Way,Indian Ocean
400003654,2026-01-03T12:54:00,14.034881,72.60244,3.5,85.4,355,Vessel_3655,Container,IND,9003654,Anchored,Indian Ocean
400003655,2026-01-03T12:55:00,3.514709,70.499268,15.2,67.6,65,Vessel_3656,Cargo,PAN,9003655,Anchored,Indian Ocean
400003656,2026-01-03T12:56:00,6.272222,87.629857,13.5,318.2,299,Vessel_3657,Cargo,PAN,9003656,Anchored,Bay of Bengal
400003657,2026-01-03T12:57:00,10.8595,88.126722,21.7,327.9,76,Vessel_3658,Tanker,IND,9003657,Anchored,Bay of Bengal
400003658,2026-01-03T12:58:00,14.40527,56.472858,9.2,111.0,184,Vessel_3659,Fishing,PAN,9003658,Anchored,Arabian Sea
400003659,2026-01-03T12:59:00,6.88967,82.882114,12.1,89.5,339,Vessel_3660,Fishing,IND,9003659,Moored,Bay of Bengal
400003660,2026-01-03T13:00:00,14.552182,69.648381,17.3,302.5,166,Vessel_3661,Tanker,LBR,9003660,Moored,Arabian Sea
400003661,2026-01-03T13:01:00,6.757255,82.768785,19.1,325.4,277,Vessel_3662,Cargo,IND,9003661,Anchored,Bay of Bengal
400003662,2026-01-03T13:02:00,10.032673,87.546434,15.3,89.2,2,Vessel_3663,Container,PAN,9003662,Anchored,Bay of Bengal
400003663,2026-01-03T13:03:00,18.791735,86.121969,7.3,45.3,208,Vessel_3664,Cargo,PAN,9003663,Anchored,Bay of Bengal
400003664,2026-01-03T13:04:00,14.994448,64.745771,11.9,287.9,159,Vessel_3665,Cargo,SGP,9003664,Moored,Arabian Sea
400003665,2026-01-03T13:05:00,14.763172,72.156514,4.2,259.6,31,Vessel_3666,Container,LBR,9003665,Under Way,Arabian Sea
400003666,2026-01-03T13:06:00,15.390972,68.885618,18.1,143.7,193,Vessel_3667,Cargo,LBR,9003666,Moored,Arabian Sea
400003667,2026-01-03T13:07:00,8.674834,68.713038,3.3,202.6,191,Vessel_3668,Container,IND,9003667,Anchored,Arabian Sea
400003668,2026-01-03T13:08:00,14.158231,67.109843,9.5,336.9,236,Vessel_3669,Tanker,IND,9003668,Anchored,Arabian Sea
400003669,2026-01-03T13:09:00,-6.76557,61.546914,4.6,304.6,129,Vessel_3670,Container,MHL,9003669,Under Way,Indian Ocean
400003670,2026-01-03T13:10:00,12.419202,88.561219,3.6,41.1,93,Vessel_3671,Tanker,MHL,9003670,Moored,Bay of Bengal
400003671,2026-01-03T13:11:00,18.717342,70.098184,18.0,211.2,325,Vessel_3672,Tanker,MHL,9003671,Under Way,Arabian Sea
400003672,2026-01-03T13:12:00,17.595944,91.327865,13.4,40.4,172,Vessel_3673,Cargo,IND,9003672,Anchored,Indian Ocean
400003673,2026-01-03T13:13:00,8.192308,73.392885,0.9,20.0,286,Vessel_3674,Cargo,SGP,9003673,Moored,Arabian Sea
400003674,2026-01-03T13:14:00,18.047355,63.889429,6.2,163.0,27,Vessel_3675,Container,PAN,9003674,Moored,Arabian Sea
400003675,2026-01-03T13:15:00,-0.275486,89.413526,11.8,159.7,85,Vessel_3676,Fishing,SGP,9003675,Under Way,Indian Ocean
400003676,2026-01-03T13:16:00,8.289767,82.85803,14.5,298.2,13,Vessel_3677,Tanker,SGP,9003676,Anchored,Bay of Bengal
400003677,2026-01-03T13:17:00,6.602189,96.061471,5.7,252.6,187,Vessel_3678,Fishing,MHL,9003677,Anchored,Indian Ocean
400003678,2026-01-03T13:18:00,19.813033,60.415035,9.0,303.2,213,Vessel_3679,Tanker,LBR,9003678,Anchored,Arabian Sea
400003679,2026-01-03T13:19:00,7.645735,91.297289,20.2,358.8,90,Vessel_3680,Container,LBR,9003679,Under Way,Bay of Bengal
400003680,2026-01-03T13:20:00,14.351909,92.507783,10.3,196.5,274,Vessel_3681,Container,IND,9003680,Anchored,Bay of Bengal
400003681,2026-01-03T13:21:00,21.20927,68.981495,6.0,114.2,239,Vessel_3682,Bulk Carrier,IND,9003681,Anchored,Arabian Sea
400003682,2026-01-03T13:22:00,7.845584,67.296434,11.0,162.9,78,Vessel_3683,Fishing,PAN,9003682,Under Way,Arabian Sea
400003683,2026-01-03T13:23:00,13.881695,94.320178,3.0,286.0,75,Vessel_3684,Bulk Carrier,IND,9003683,Moored,Bay of Bengal
400003684,2026-01-03T13:24:00,12.676683,70.2863,9.6,0.5,100,Vessel_3685,Bulk Carrier,IND,9003684,Moored,Indian Ocean
400003685,2026-01-03T13:25:00,18.245184,61.331016,8.5,257.5,277,Vessel_3686,Fishing,IND,9003685,Under Way,Indian Ocean
400003686,2026-01-03T13:26:00,18.799474,74.273903,8.8,109.7,241,Vessel_3687,Fishing,PAN,9003686,Moored,Arabian Sea
400003687,2026-01-03T13:27:00,7.886905,66.652666,4.2,44.2,89,Vessel_3688,Container,SGP,9003687,Moored,Arabian Sea
400003688,2026-01-03T13:28:00,0.828912,99.319264,14.8,97.0,204,Vessel_3689,Tanker,IND,9003688,Moored,Indian Ocean
400003689,2026-01-03T13:29:00,-7.432003,84.672194,15.0,199.7,267,Vessel_3690,Bulk Carrier,IND,9003689,Moored,Indian Ocean
400003690,2026-01-03T13:30:00,14.425622,68.842784,17.1,246.0,248,Vessel_3691,Tanker,PAN,9003690,Under Way,Arabian Sea
400003691,2026-01-03T13:31:00,14.590768,67.977285,15.9,19.7,146,Vessel_3692,Tanker,PAN,9003691,Under Way,Arabian Sea
400003692,2026-01-03T13:32:00,13.492976,65.959437,8.2,158.9,194,Vessel_3693,Bulk Carrier,SGP,9003692,Moored,Arabian Sea
400003693,2026-01-03T13:33:00,12.008826,92.054436,7.2,24.2,17,Vessel_3694,Fishing,IND,9003693,Under Way,Bay of Bengal
400003694,2026-01-03T13:34:00,4.069455,92.609682,10.9,264.6,14,Vessel_3695,Cargo,IND,9003694,Anchored,Indian Ocean
400003695,2026-01-03T13:35:00,7.971945,68.302475,12.4,58.7,320,Vessel_3696,Cargo,MHL,9003695,Under Way,Arabian Sea
400003696,2026-01-03T13:36:00,6.638168,74.795145,3.8,323.5,240,Vessel_3697,Container,MHL,9003696,Moored,Arabian Sea
400003697,2026-01-03T13:37:00,9.573517,88.292823,15.2,238.2,170,Vessel_3698,Cargo,MHL,9003697,Anchored,Bay of Bengal
400003698,2026-01-03T13:38:00,15.115052,93.47248,9.9,111.0,85,Vessel_3699,Container,SGP,9003698,Anchored,Bay of Bengal
400003699,2026-01-03T13:39:00,10.34604,84.621204,16.3,240.2,84,Vessel_3700,Tanker,PAN,9003699,Under Way,Indian Ocean
400003700,2026-01-03T13:40:00,9.831629,86.285995,15.8,158.3,20,Vessel_3701,Container,IND,9003700,Under Way,Bay of Bengal
400003701,2026-01-03T13:41:00,14.171719,70.619534,13.5,82.5,227,Vessel_3702,Bulk Carrier,LBR,9003701,Moored,Arabian Sea
400003702,2026-01-03T13:42:00,13.143391,87.469081,9.8,191.6,346,Vessel_3703,Bulk Carrier,IND,9003702,Moored,Indian Ocean
400003703,2026-01-03T13:43:00,10.839586,93.802792,17.8,164.4,306,Vessel_3704,Tanker,PAN,9003703,Moored,Bay of Bengal
400003704,2026-01-03T13:44:00,15.461409,87.037739,11.2,98.7,301,Vessel_3705,Fishing,IND,9003704,Moored,Bay of Bengal
400003705,2026-01-03T13:45:00,9.228778,71.389746,7.4,143.9,145,Vessel_3706,Tanker,PAN,9003705,Anchored,Arabian Sea
400003706,2026-01-03T13:46:00,9.514066,80.482565,13.6,200.3,107,Vessel_3707,Cargo,PAN,9003706,Anchored,Bay of Bengal
400003707,2026-01-03T13:47:00,11.346759,74.480286,16.2,39.2,59,Vessel_3708,Tanker,IND,9003707,Moored,Arabian Sea
400003708,2026-01-03T13:48:00,1.158344,87.719261,1.6,191.8,210,Vessel_3709,Bulk Carrier,MHL,9003708,Moored,Indian Ocean
400003709,2026-01-03T13:49:00,10.049361,89.075839,13.1,293.8,39,Vessel_3710,Cargo,PAN,9003709,Moored,Indian Ocean
400003710,2026-01-03T13:50:00,7.002336,91.988152,1.2,236.6,355,Vessel_3711,Cargo,PAN,9003710,Moored,Bay of Bengal
400003711,2026-01-03T13:51:00,-9.750576,90.374383,19.5,53.1,214,Vessel_3712,Container,SGP,9003711,Anchored,Indian Ocean
400003712,2026-01-03T13:52:00,19.034169,79.813603,20.5,3.1,169,Vessel_3713,Container,MHL,9003712,Under Way,Indian Ocean
400003713,2026-01-03T13:53:00,5.51125,95.374831,10.7,284.2,52,Vessel_3714,Fishing,SGP,9003713,Under Way,Indian Ocean
400003714,2026-01-03T13:54:00,12.998166,92.295601,13.4,193.8,228,Vessel_3715,Container,LBR,9003714,Under Way,Bay of Bengal
400003715,2026-01-03T13:55:00,7.966584,84.462319,10.0,37.2,280,Vessel_3716,Container,LBR,9003715,Under Way,Bay of Bengal
400003716,2026-01-03T13:56:00,10.24501,56.570453,4.0,120.6,24,Vessel_3717,Container,PAN,9003716,Under Way,Arabian Sea
400003717,2026-01-03T13:57:00,14.965393,67.237168,9.8,338.4,219,Vessel_3718,Fishing,MHL,9003717,Moored,Indian Ocean
400003718,2026-01-03T13:58:00,8.55978,83.587211,11.9,165.5,240,Vessel_3719,Container,PAN,9003718,Anchored,Indian Ocean
400003719,2026-01-03T13:59:00,13.716258,95.902598,16.7,347.0,120,Vessel_3720,Container,IND,9003719,Under Way,Bay of Bengal
400003720,2026-01-03T14:00:00,17.786131,65.447704,20.6,355.8,109,Vessel_3721,Bulk Carrier,IND,9003720,Moored,Indian Ocean
400003721,2026-01-03T14:01:00,21.363537,87.829356,15.3,119.5,32,Vessel_3722,Fishing,SGP,9003721,Anchored,Bay of Bengal
400003722,2026-01-03T14:02:00,20.228815,89.286785,0.6,55.0,142,Vessel_3723,Fishing,PAN,9003722,Anchored,Bay of Bengal
400003723,2026-01-03T14:03:00,15.268728,87.594782,17.3,125.5,60,Vessel_3724,Tanker,PAN,9003723,Anchored,Bay of Bengal
400003724,2026-01-03T14:04:00,14.099523,65.444126,2.9,330.9,31,Vessel_3725,Bulk Carrier,IND,9003724,Moored,Indian Ocean
400003725,2026-01-03T14:05:00,10.699894,84.541817,0.7,113.5,118,Vessel_3726,Tanker,LBR,9003725,Under Way,Bay of Bengal
400003726,2026-01-03T14:06:00,19.13106,63.990214,20.3,86.6,27,Vessel_3727,Cargo,LBR,9003726,Moored,Arabian Sea
400003727,2026-01-03T14:07:00,21.168525,73.271809,15.7,326.1,34,Vessel_3728,Fishing,LBR,9003727,Moored,Arabian Sea
400003728,2026-01-03T14:08:00,-5.141468,71.930059,19.2,126.4,96,Vessel_3729,Tanker,IND,9003728,Under Way,Indian Ocean
400003729,2026-01-03T14:09:00,-7.705062,81.744254,0.3,195.5,95,Vessel_3730,Fishing,LBR,9003729,Moored,Indian Ocean
400003730,2026-01-03T14:10:00,23.123414,63.323928,7.0,316.6,177,Vessel_3731,Fishing,MHL,9003730,Anchored,Arabian Sea
400003731,2026-01-03T14:11:00,2.040196,69.265872,9.5,254.4,151,Vessel_3732,Tanker,MHL,9003731,Under Way,Indian Ocean
400003732,2026-01-03T14:12:00,17.569575,66.019507,11.5,121.6,38,Vessel_3733,Cargo,MHL,9003732,Moored,Arabian Sea
400003733,2026-01-03T14:13:00,1.436772,83.359987,20.0,113.5,314,Vessel_3734,Container,LBR,9003733,Moored,Indian Ocean
400003734,2026-01-03T14:14:00,8.17162,90.447194,3.9,180.0,80,Vessel_3735,Fishing,PAN,9003734,Anchored,Indian Ocean
400003735,2026-01-03T14:15:00,11.566771,55.88912,1.7,79.1,345,Vessel_3736,Cargo,MHL,9003735,Moored,Arabian Sea
400003736,2026-01-03T14:16:00,16.011432,78.410863,17.4,270.9,85,Vessel_3737,Cargo,SGP,9003736,Under Way,Indian Ocean
400003737,2026-01-03T14:17:00,22.349215,73.892904,11.5,351.9,64,Vessel_3738,Bulk Carrier,LBR,9003737,Moored,Arabian Sea
400003738,2026-01-03T14:18:00,7.315128,97.005339,15.5,279.2,95,Vessel_3739,Bulk Carrier,SGP,9003738,Moored,Bay of Bengal
400003739,2026-01-03T14:19:00,17.559277,97.668032,15.9,53.7,258,Vessel_3740,Bulk Carrier,LBR,9003739,Moored,Bay of Bengal
400003740,2026-01-03T14:20:00,21.623237,63.75263,1.8,266.9,208,Vessel_3741,Cargo,MHL,9003740,Under Way,Arabian Sea
400003741,2026-01-03T14:21:00,10.319196,67.665907,17.9,270.8,325,Vessel_3742,Container,LBR,9003741,Under Way,Arabian Sea
400003742,2026-01-03T14:22:00,20.142027,83.122717,21.0,46.3,231,Vessel_3743,Bulk Carrier,IND,9003742,Under Way,Bay of Bengal
400003743,2026-01-03T14:23:00,10.620058,86.113824,7.8,209.7,111,Vessel_3744,Tanker,SGP,9003743,Anchored,Bay of Bengal
400003744,2026-01-03T14:24:00,19.909281,68.38388,2.8,197.7,229,Vessel_3745,Tanker,PAN,9003744,Moored,Arabian Sea
400003745,2026-01-03T14:25:00,20.773187,55.835176,16.0,54.7,175,Vessel_3746,Container,PAN,9003745,Anchored,Arabian Sea
400003746,2026-01-03T14:26:00,8.108936,91.589888,15.0,352.2,230,Vessel_3747,Bulk Carrier,IND,9003746,Anchored,Indian Ocean
400003747,2026-01-03T14:27:00,7.079979,64.533522,12.3,306.5,35,Vessel_3748,Container,MHL,9003747,Anchored,Arabian Sea
400003748,2026-01-03T14:28:00,13.530264,71.419567,19.1,165.2,270,Vessel_3749,Bulk Carrier,PAN,9003748,Anchored,Indian Ocean
400003749,2026-01-03T14:29:00,-9.695224,98.556384,6.1,241.0,135,Vessel_3750,Bulk Carrier,LBR,9003749,Moored,Indian Ocean
400003750,2026-01-03T14:30:00,9.144582,69.23351,13.7,25.3,353,Vessel_3751,Cargo,PAN,9003750,Moored,Arabian Sea
400003751,2026-01-03T14:31:00,-0.091165,81.386362,20.2,157.1,5,Vessel_3752,Bulk Carrier,SGP,9003751,Under Way,Indian Ocean
400003752,2026-01-03T14:32:00,8.448804,97.600671,12.8,212.8,142,Vessel_3753,Cargo,LBR,9003752,Anchored,Indian Ocean
400003753,2026-01-03T14:33:00,14.763794,55.480589,12.2,116.0,30,Vessel_3754,Tanker,SGP,9003753,Moored,Arabian Sea
400003754,2026-01-03T14:34:00,9.507779,74.104304,12.7,10.4,60,Vessel_3755,Cargo,MHL,9003754,Anchored,Arabian Sea
400003755,2026-01-03T14:35:00,22.342903,62.518424,12.0,88.9,217,Vessel_3756,Fishing,MHL,9003755,Under Way,Arabian Sea
400003756,2026-01-03T14:36:00,20.148573,89.86606,22.0,13.7,344,Vessel_3757,Tanker,IND,9003756,Anchored,Bay of Bengal
400003757,2026-01-03T14:37:00,9.134121,60.60407,17.8,117.1,234,Vessel_3758,Tanker,SGP,9003757,Moored,Arabian Sea
400003758,2026-01-03T14:38:00,3.495554,66.628031,16.9,25.4,163,Vessel_3759,Bulk Carrier,PAN,9003758,Moored,Indian Ocean
400003759,2026-01-03T14:39:00,16.220854,86.625636,15.3,208.7,151,Vessel_3760,Container,LBR,9003759,Anchored,Bay of Bengal
400003760,2026-01-03T14:40:00,0.297791,82.801695,21.5,9.1,175,Vessel_3761,Container,SGP,9003760,Moored,Indian Ocean
400003761,2026-01-03T14:41:00,1.601681,82.525801,13.9,159.1,153,Vessel_3762,Fishing,PAN,9003761,Anchored,Indian Ocean
400003762,2026-01-03T14:42:00,16.183015,67.485313,20.7,247.6,67,Vessel_3763,Container,SGP,9003762,Under Way,Arabian Sea
400003763,2026-01-03T14:43:00,20.201741,93.925522,14.2,179.7,38,Vessel_3764,Bulk Carrier,PAN,9003763,Under Way,Bay of Bengal
400003764,2026-01-03T14:44:00,17.205168,69.195314,2.0,298.8,191,Vessel_3765,Bulk Carrier,PAN,9003764,Moored,Arabian Sea
400003765,2026-01-03T14:45:00,10.434381,81.08076,4.5,283.4,340,Vessel_3766,Cargo,LBR,9003765,Moored,Bay of Bengal
400003766,2026-01-03T14:46:00,18.005582,95.870742,10.2,9.2,280,Vessel_3767,Cargo,PAN,9003766,Under Way,Bay of Bengal
400003767,2026-01-03T14:47:00,21.450686,62.247522,18.9,61.9,46,Vessel_3768,Cargo,PAN,9003767,Anchored,Arabian Sea
400003768,2026-01-03T14:48:00,19.735692,58.45745,4.4,277.5,119,Vessel_3769,Container,IND,9003768,Moored,Arabian Sea
400003769,2026-01-03T14:49:00,6.534321,94.349905,1.9,198.1,19,Vessel_3770,Container,SGP,9003769,Anchored,Bay of Bengal
400003770,2026-01-03T14:50:00,14.71846,90.493903,1.3,9.7,244,Vessel_3771,Fishing,PAN,9003770,Under Way,Bay of Bengal
400003771,2026-01-03T14:51:00,21.009545,68.108156,19.9,116.6,208,Vessel_3772,Tanker,IND,9003771,Moored,Arabian Sea
400003772,2026-01-03T14:52:00,-7.391188,98.661434,2.5,287.2,119,Vessel_3773,Container,MHL,9003772,Moored,Indian Ocean
400003773,2026-01-03T14:53:00,13.040856,83.638315,13.2,246.1,221,Vessel_3774,Cargo,LBR,9003773,Anchored,Bay of Bengal
400003774,2026-01-03T14:54:00,2.480322,67.42558,5.3,294.2,59,Vessel_3775,Tanker,SGP,9003774,Under Way,Indian Ocean
400003775,2026-01-03T14:55:00,17.384916,72.657023,15.6,180.4,114,Vessel_3776,Tanker,IND,9003775,Anchored,Arabian Sea
400003776,2026-01-03T14:56:00,15.778929,82.419338,3.6,188.7,308,Vessel_3777,Tanker,MHL,9003776,Moored,Indian Ocean
400003777,2026-01-03T14:57:00,5.848754,62.809428,8.4,148.0,184,Vessel_3778,Cargo,SGP,9003777,Under Way,Indian Ocean
400003778,2026-01-03T14:58:00,-6.769228,83.028587,13.0,184.2,35,Vessel_3779,Cargo,SGP,9003778,Anchored,Indian Ocean
400003779,2026-01-03T14:59:00,21.391836,93.087081,15.3,33.8,77,Vessel_3780,Cargo,LBR,9003779,Moored,Bay of Bengal
400003780,2026-01-03T15:00:00,13.313954,97.850622,21.4,255.4,356,Vessel_3781,Tanker,LBR,9003780,Under Way,Bay of Bengal
400003781,2026-01-03T15:01:00,22.165151,59.353101,12.1,202.2,316,Vessel_3782,Tanker,MHL,9003781,Anchored,Arabian Sea
400003782,2026-01-03T15:02:00,5.608,94.636528,0.7,85.9,105,Vessel_3783,Cargo,IND,9003782,Under Way,Bay of Bengal
400003783,2026-01-03T15:03:00,21.195652,84.742939,8.1,10.0,252,Vessel_3784,Tanker,PAN,9003783,Moored,Bay of Bengal
400003784,2026-01-03T15:04:00,18.089095,86.208963,18.2,178.0,177,Vessel_3785,Cargo,PAN,9003784,Moored,Bay of Bengal
400003785,2026-01-03T15:05:00,3.776909,69.043746,18.2,271.4,106,Vessel_3786,Tanker,LBR,9003785,Under Way,Indian Ocean
400003786,2026-01-03T15:06:00,18.24274,74.19362,11.1,27.6,333,Vessel_3787,Tanker,PAN,9003786,Moored,Arabian Sea
400003787,2026-01-03T15:07:00,21.601414,97.4788,21.0,272.7,293,Vessel_3788,Fishing,LBR,9003787,Under Way,Bay of Bengal
400003788,2026-01-03T15:08:00,13.490511,72.392927,0.5,124.0,311,Vessel_3789,Container,LBR,9003788,Moored,Arabian Sea
400003789,2026-01-03T15:09:00,11.752623,90.882729,18.9,49.2,126,Vessel_3790,Cargo,LBR,9003789,Under Way,Bay of Bengal
400003790,2026-01-03T15:10:00,14.863045,69.843789,7.0,293.9,13,Vessel_3791,Fishing,LBR,9003790,Under Way,Arabian Sea
400003791,2026-01-03T15:11:00,16.151394,90.069795,4.4,65.6,152,Vessel_3792,Cargo,IND,9003791,Anchored,Bay of Bengal
400003792,2026-01-03T15:12:00,20.12239,94.009691,6.4,316.5,277,Vessel_3793,Fishing,MHL,9003792,Under Way,Bay of Bengal
400003793,2026-01-03T15:13:00,16.258147,66.843981,10.3,215.3,2,Vessel_3794,Fishing,LBR,9003793,Under Way,Indian Ocean
400003794,2026-01-03T15:14:00,15.491979,72.786843,20.1,301.0,72,Vessel_3795,Container,MHL,9003794,Anchored,Arabian Sea
400003795,2026-01-03T15:15:00,-1.76957,72.654599,19.1,76.0,58,Vessel_3796,Fishing,LBR,9003795,Under Way,Indian Ocean
400003796,2026-01-03T15:16:00,23.386758,65.387605,3.6,269.6,219,Vessel_3797,Bulk Carrier,MHL,9003796,Moored,Arabian Sea
400003797,2026-01-03T15:17:00,15.956083,64.780781,8.7,202.0,325,Vessel_3798,Cargo,SGP,9003797,Under Way,Arabian Sea
400003798,2026-01-03T15:18:00,-9.490181,70.323905,5.2,91.7,186,Vessel_3799,Fishing,PAN,9003798,Anchored,Indian Ocean
400003799,2026-01-03T15:19:00,20.275962,84.92246,9.5,172.2,136,Vessel_3800,Tanker,LBR,9003799,Under Way,Bay of Bengal
400003800,2026-01-03T15:20:00,18.034307,82.344849,8.8,37.9,170,Vessel_3801,Container,SGP,9003800,Moored,Bay of Bengal
400003801,2026-01-03T15:21:00,13.17336,80.671695,5.7,184.3,2,Vessel_3802,Fishing,IND,9003801,Under Way,Bay of Bengal
400003802,2026-01-03T15:22:00,13.287585,70.122452,1.7,157.7,278,Vessel_3803,Tanker,PAN,9003802,Moored,Indian Ocean
400003803,2026-01-03T15:23:00,19.060951,72.832649,1.6,193.5,60,Vessel_3804,Tanker,PAN,9003803,Anchored,Arabian Sea
400003804,2026-01-03T15:24:00,22.194953,72.549013,1.7,185.4,85,Vessel_3805,Bulk Carrier,IND,9003804,Anchored,Arabian Sea
400003805,2026-01-03T15:25:00,10.776348,91.350666,8.3,125.9,132,Vessel_3806,Cargo,LBR,9003805,Moored,Bay of Bengal
400003806,2026-01-03T15:26:00,12.595497,70.061192,20.3,338.6,118,Vessel_3807,Bulk Carrier,LBR,9003806,Under Way,Arabian Sea
400003807,2026-01-03T15:27:00,18.718231,83.571283,19.3,242.9,323,Vessel_3808,Container,PAN,9003807,Anchored,Bay of Bengal
400003808,2026-01-03T15:28:00,0.62517,76.410857,9.3,3.2,3,Vessel_3809,Tanker,IND,9003808,Moored,Indian Ocean
400003809,2026-01-03T15:29:00,15.93999,82.478003,10.9,53.8,112,Vessel_3810,Fishing,LBR,9003809,Moored,Bay of Bengal
400003810,2026-01-03T15:30:00,20.420651,92.365802,15.2,233.9,227,Vessel_3811,Cargo,LBR,9003810,Moored,Bay of Bengal
400003811,2026-01-03T15:31:00,15.701586,68.162404,19.2,338.3,166,Vessel_3812,Bulk Carrier,IND,9003811,Moored,Arabian Sea
400003812,2026-01-03T15:32:00,10.172755,70.617849,13.3,30.5,349,Vessel_3813,Container,IND,9003812,Moored,Arabian Sea
400003813,2026-01-03T15:33:00,6.392664,63.237265,15.2,93.2,9,Vessel_3814,Cargo,PAN,9003813,Moored,Arabian Sea
400003814,2026-01-03T15:34:00,-2.443673,70.880407,19.2,345.1,237,Vessel_3815,Tanker,IND,9003814,Moored,Indian Ocean
400003815,2026-01-03T15:35:00,7.936249,88.766255,12.5,255.8,295,Vessel_3816,Container,IND,9003815,Anchored,Bay of Bengal
400003816,2026-01-03T15:36:00,16.878356,62.107989,6.3,268.8,219,Vessel_3817,Fishing,PAN,9003816,Anchored,Arabian Sea
400003817,2026-01-03T15:37:00,21.706137,74.619432,16.5,170.9,356,Vessel_3818,Container,LBR,9003817,Under Way,Arabian Sea
400003818,2026-01-03T15:38:00,10.827514,89.008815,21.3,40.3,34,Vessel_3819,Bulk Carrier,SGP,9003818,Anchored,Bay of Bengal
400003819,2026-01-03T15:39:00,12.836274,91.920752,6.3,269.7,299,Vessel_3820,Cargo,SGP,9003819,Anchored,Bay of Bengal
400003820,2026-01-03T15:40:00,-6.473709,76.371972,4.7,81.8,83,Vessel_3821,Bulk Carrier,PAN,9003820,Moored,Indian Ocean
400003821,2026-01-03T15:41:00,8.181183,88.737276,15.1,245.4,23,Vessel_3822,Tanker,IND,9003821,Anchored,Indian Ocean
400003822,2026-01-03T15:42:00,14.302466,74.319115,2.3,245.2,318,Vessel_3823,Container,PAN,9003822,Anchored,Arabian Sea
400003823,2026-01-03T15:43:00,21.184659,93.278005,5.3,307.5,289,Vessel_3824,Container,MHL,9003823,Anchored,Bay of Bengal
400003824,2026-01-03T15:44:00,18.977018,72.063747,3.8,253.3,326,Vessel_3825,Cargo,PAN,9003824,Moored,Arabian Sea
400003825,2026-01-03T15:45:00,18.155763,94.169159,19.5,320.2,103,Vessel_3826,Cargo,LBR,9003825,Under Way,Bay of Bengal
400003826,2026-01-03T15:46:00,6.046255,78.874878,7.9,145.5,251,Vessel_3827,Fishing,MHL,9003826,Under Way,Indian Ocean
400003827,2026-01-03T15:47:00,-3.75644,96.732159,9.1,116.9,140,Vessel_3828,Bulk Carrier,LBR,9003827,Under Way,Indian Ocean
400003828,2026-01-03T15:48:00,11.833027,66.207353,19.4,261.7,33,Vessel_3829,Fishing,LBR,9003828,Under Way,Arabian Sea
400003829,2026-01-03T15:49:00,16.703188,91.615845,6.1,334.7,1,Vessel_3830,Bulk Carrier,MHL,9003829,Under Way,Indian Ocean
400003830,2026-01-03T15:50:00,24.77691,57.385205,6.6,144.1,130,Vessel_3831,Bulk Carrier,IND,9003830,Under Way,Arabian Sea
400003831,2026-01-03T15:51:00,15.687759,69.644698,16.7,164.2,155,Vessel_3832,Cargo,PAN,9003831,Anchored,Indian Ocean
400003832,2026-01-03T15:52:00,24.192387,71.266662,14.8,329.3,333,Vessel_3833,Container,SGP,9003832,Under Way,Arabian Sea
400003833,2026-01-03T15:53:00,21.999811,92.043897,21.4,200.9,253,Vessel_3834,Bulk Carrier,IND,9003833,Under Way,Bay of Bengal
400003834,2026-01-03T15:54:00,14.525397,95.97241,13.9,122.3,88,Vessel_3835,Container,IND,9003834,Under Way,Bay of Bengal
400003835,2026-01-03T15:55:00,20.019287,69.541476,12.2,11.1,83,Vessel_3836,Cargo,LBR,9003835,Anchored,Arabian Sea
400003836,2026-01-03T15:56:00,19.147675,62.416113,9.0,145.7,9,Vessel_3837,Cargo,MHL,9003836,Anchored,Indian Ocean
400003837,2026-01-03T15:57:00,20.479597,95.184576,12.1,77.2,292,Vessel_3838,Container,LBR,9003837,Under Way,Bay of Bengal
400003838,2026-01-03T15:58:00,10.226461,93.643652,14.7,48.0,55,Vessel_3839,Tanker,IND,9003838,Under Way,Bay of Bengal
400003839,2026-01-03T15:59:00,19.790725,78.895462,18.3,269.0,10,Vessel_3840,Bulk Carrier,IND,9003839,Under Way,Indian Ocean
400003840,2026-01-03T16:00:00,13.843181,81.093873,13.9,269.9,213,Vessel_3841,Bulk Carrier,MHL,9003840,Under Way,Bay of Bengal
400003841,2026-01-03T16:01:00,5.731689,71.010969,17.5,253.6,292,Vessel_3842,Fishing,SGP,9003841,Anchored,Arabian Sea
400003842,2026-01-03T16:02:00,-1.860403,66.182022,15.3,156.2,155,Vessel_3843,Fishing,LBR,9003842,Anchored,Indian Ocean
400003843,2026-01-03T16:03:00,-4.719928,76.393834,1.3,170.4,146,Vessel_3844,Container,PAN,9003843,Anchored,Indian Ocean
400003844,2026-01-03T16:04:00,12.50791,87.687269,8.7,243.0,45,Vessel_3845,Fishing,MHL,9003844,Under Way,Bay of Bengal
400003845,2026-01-03T16:05:00,-6.911114,99.917426,6.0,171.1,179,Vessel_3846,Tanker,IND,9003845,Under Way,Indian Ocean
400003846,2026-01-03T16:06:00,10.675353,82.382784,3.3,66.7,91,Vessel_3847,Bulk Carrier,MHL,9003846,Under Way,Bay of Bengal
400003847,2026-01-03T16:07:00,9.334133,71.903133,8.6,341.8,130,Vessel_3848,Container,SGP,9003847,Anchored,Arabian Sea
400003848,2026-01-03T16:08:00,8.78557,80.181964,20.0,272.5,236,Vessel_3849,Container,IND,9003848,Moored,Bay of Bengal
400003849,2026-01-03T16:09:00,8.860705,81.557745,11.3,52.6,76,Vessel_3850,Container,LBR,9003849,Anchored,Bay of Bengal
400003850,2026-01-03T16:10:00,4.359071,64.886866,7.5,200.3,246,Vessel_3851,Fishing,MHL,9003850,Under Way,Indian Ocean
400003851,2026-01-03T16:11:00,19.402438,62.163218,18.4,75.4,208,Vessel_3852,Fishing,SGP,9003851,Under Way,Arabian Sea
400003852,2026-01-03T16:12:00,14.851339,59.610963,21.8,46.5,272,Vessel_3853,Container,LBR,9003852,Under Way,Arabian Sea
400003853,2026-01-03T16:13:00,-3.073665,65.592514,17.3,306.9,112,Vessel_3854,Bulk Carrier,SGP,9003853,Under Way,Indian Ocean
400003854,2026-01-03T16:14:00,17.765558,83.742158,0.8,290.8,241,Vessel_3855,Tanker,IND,9003854,Moored,Bay of Bengal
400003855,2026-01-03T16:15:00,7.522021,65.702997,4.6,335.9,17,Vessel_3856,Cargo,LBR,9003855,Under Way,Indian Ocean
400003856,2026-01-03T16:16:00,8.357733,84.197988,16.8,245.1,323,Vessel_3857,Fishing,MHL,9003856,Under Way,Bay of Bengal
400003857,2026-01-03T16:17:00,-1.572077,75.944947,16.9,29.6,184,Vessel_3858,Bulk Carrier,MHL,9003857,Moored,Indian Ocean
400003858,2026-01-03T16:18:00,10.387644,59.38241,2.2,188.0,328,Vessel_3859,Container,IND,9003858,Anchored,Arabian Sea
400003859,2026-01-03T16:19:00,14.713236,86.941563,0.4,350.8,321,Vessel_3860,Bulk Carrier,PAN,9003859,Anchored,Bay of Bengal
400003860,2026-01-03T16:20:00,0.696267,72.098069,18.3,51.7,188,Vessel_3861,Bulk Carrier,MHL,9003860,Under Way,Indian Ocean
400003861,2026-01-03T16:21:00,15.552309,82.832155,6.4,116.0,74,Vessel_3862,Bulk Carrier,SGP,9003861,Moored,Bay of Bengal
400003862,2026-01-03T16:22:00,2.860295,81.172778,13.6,94.4,67,Vessel_3863,Fishing,MHL,9003862,Under Way,Indian Ocean
400003863,2026-01-03T16:23:00,14.083666,61.520646,13.3,220.3,310,Vessel_3864,Bulk Carrier,MHL,9003863,Under Way,Indian Ocean
400003864,2026-01-03T16:24:00,-3.663193,87.73543,0.5,59.2,304,Vessel_3865,Fishing,PAN,9003864,Moored,Indian Ocean
400003865,2026-01-03T16:25:00,2.618177,73.817814,8.0,29.0,350,Vessel_3866,Tanker,SGP,9003865,Anchored,Indian Ocean
400003866,2026-01-03T16:26:00,12.922451,63.688031,20.1,233.1,207,Vessel_3867,Tanker,LBR,9003866,Moored,Arabian Sea
400003867,2026-01-03T16:27:00,8.793618,85.357958,9.2,33.6,152,Vessel_3868,Fishing,MHL,9003867,Moored,Bay of Bengal
400003868,2026-01-03T16:28:00,2.856864,65.693036,12.8,260.0,45,Vessel_3869,Tanker,SGP,9003868,Moored,Indian Ocean
400003869,2026-01-03T16:29:00,8.148374,82.639455,10.3,60.6,52,Vessel_3870,Container,PAN,9003869,Moored,Bay of Bengal
400003870,2026-01-03T16:30:00,9.114229,92.186083,6.5,205.6,212,Vessel_3871,Cargo,MHL,9003870,Moored,Bay of Bengal
400003871,2026-01-03T16:31:00,15.456474,96.505169,6.4,72.2,288,Vessel_3872,Container,PAN,9003871,Moored,Bay of Bengal
400003872,2026-01-03T16:32:00,12.050888,87.838636,14.6,132.1,38,Vessel_3873,Bulk Carrier,IND,9003872,Moored,Bay of Bengal
400003873,2026-01-03T16:33:00,8.692407,80.964357,16.2,32.7,339,Vessel_3874,Cargo,LBR,9003873,Under Way,Bay of Bengal
400003874,2026-01-03T16:34:00,16.415177,83.986052,16.3,60.2,199,Vessel_3875,Bulk Carrier,SGP,9003874,Moored,Bay of Bengal
400003875,2026-01-03T16:35:00,14.80489,66.800474,16.1,102.3,258,Vessel_3876,Bulk Carrier,PAN,9003875,Moored,Indian Ocean
400003876,2026-01-03T16:36:00,16.96779,56.306237,14.7,1.8,49,Vessel_3877,Fishing,IND,9003876,Under Way,Arabian Sea
400003877,2026-01-03T16:37:00,-9.688704,81.948621,9.5,258.5,11,Vessel_3878,Bulk Carrier,SGP,9003877,Moored,Indian Ocean
400003878,2026-01-03T16:38:00,13.267007,61.084136,16.6,277.7,285,Vessel_3879,Fishing,SGP,9003878,Moored,Arabian Sea
400003879,2026-01-03T16:39:00,13.739667,91.052679,13.9,100.3,247,Vessel_3880,Bulk Carrier,IND,9003879,Moored,Bay of Bengal
400003880,2026-01-03T16:40:00,-9.303733,67.913101,2.1,148.9,336,Vessel_3881,Container,MHL,9003880,Under Way,Indian Ocean
400003881,2026-01-03T16:41:00,10.711283,70.024543,17.9,257.0,214,Vessel_3882,Bulk Carrier,MHL,9003881,Anchored,Arabian Sea
400003882,2026-01-03T16:42:00,20.540832,94.269951,15.2,347.7,276,Vessel_3883,Bulk Carrier,MHL,9003882,Under Way,Bay of Bengal
400003883,2026-01-03T16:43:00,13.129787,95.67441,15.7,46.9,293,Vessel_3884,Tanker,PAN,9003883,Anchored,Indian Ocean
400003884,2026-01-03T16:44:00,10.861099,97.77259,12.2,158.9,155,Vessel_3885,Bulk Carrier,LBR,9003884,Under Way,Bay of Bengal
400003885,2026-01-03T16:45:00,5.859955,90.146063,11.1,350.6,140,Vessel_3886,Cargo,PAN,9003885,Anchored,Indian Ocean
400003886,2026-01-03T16:46:00,17.124604,63.065534,7.0,76.9,20,Vessel_3887,Bulk Carrier,SGP,9003886,Moored,Arabian Sea
400003887,2026-01-03T16:47:00,5.981883,84.315386,11.3,204.9,302,Vessel_3888,Bulk Carrier,PAN,9003887,Anchored,Bay of Bengal
400003888,2026-01-03T16:48:00,18.569056,66.615982,20.5,107.0,118,Vessel_3889,Container,PAN,9003888,Moored,Indian Ocean
400003889,2026-01-03T16:49:00,15.112699,83.182474,2.5,294.5,351,Vessel_3890,Container,LBR,9003889,Under Way,Bay of Bengal
400003890,2026-01-03T16:50:00,15.088078,56.269954,11.5,16.2,169,Vessel_3891,Container,LBR,9003890,Moored,Arabian Sea
400003891,2026-01-03T16:51:00,11.489934,80.012452,6.6,288.1,108,Vessel_3892,Bulk Carrier,LBR,9003891,Anchored,Bay of Bengal
400003892,2026-01-03T16:52:00,9.695479,87.745627,20.1,44.0,41,Vessel_3893,Bulk Carrier,IND,9003892,Under Way,Bay of Bengal
400003893,2026-01-03T16:53:00,7.315847,61.760584,21.7,85.3,294,Vessel_3894,Bulk Carrier,PAN,9003893,Anchored,Arabian Sea
400003894,2026-01-03T16:54:00,13.659541,88.406426,15.6,252.0,326,Vessel_3895,Fishing,IND,9003894,Under Way,Indian Ocean
400003895,2026-01-03T16:55:00,7.084595,89.380408,4.9,77.8,67,Vessel_3896,Fishing,LBR,9003895,Moored,Bay of Bengal
400003896,2026-01-03T16:56:00,9.84523,60.050778,17.9,185.1,161,Vessel_3897,Tanker,IND,9003896,Under Way,Indian Ocean
400003897,2026-01-03T16:57:00,0.162079,94.183343,4.2,186.2,54,Vessel_3898,Tanker,IND,9003897,Under Way,Indian Ocean
400003898,2026-01-03T16:58:00,18.780995,95.410711,2.1,194.6,191,Vessel_3899,Fishing,IND,9003898,Anchored,Bay of Bengal
400003899,2026-01-03T16:59:00,17.429929,92.336781,13.2,218.1,296,Vessel_3900,Tanker,SGP,9003899,Anchored,Indian Ocean
400003900,2026-01-03T17:00:00,13.532309,74.94709,19.3,120.6,294,Vessel_3901,Tanker,MHL,9003900,Under Way,Indian Ocean
400003901,2026-01-03T17:01:00,2.353527,77.520888,11.0,285.4,252,Vessel_3902,Tanker,LBR,9003901,Under Way,Indian Ocean
400003902,2026-01-03T17:02:00,-9.655956,72.447555,20.9,214.5,104,Vessel_3903,Cargo,MHL,9003902,Moored,Indian Ocean
400003903,2026-01-03T17:03:00,5.293634,96.531363,15.4,215.5,42,Vessel_3904,Cargo,MHL,9003903,Under Way,Bay of Bengal
400003904,2026-01-03T17:04:00,21.255608,56.484515,4.3,207.0,83,Vessel_3905,Cargo,IND,9003904,Moored,Arabian Sea
400003905,2026-01-03T17:05:00,5.702926,80.938918,21.8,76.5,346,Vessel_3906,Tanker,LBR,9003905,Anchored,Bay of Bengal
400003906,2026-01-03T17:06:00,13.876555,86.277618,3.4,161.2,276,Vessel_3907,Tanker,LBR,9003906,Anchored,Bay of Bengal
400003907,2026-01-03T17:07:00,6.365866,73.362782,20.8,65.1,212,Vessel_3908,Cargo,IND,9003907,Moored,Arabian Sea
400003908,2026-01-03T17:08:00,23.337001,74.893547,13.0,298.0,37,Vessel_3909,Bulk Carrier,PAN,9003908,Anchored,Arabian Sea
400003909,2026-01-03T17:09:00,-7.200928,64.406697,12.2,17.3,329,Vessel_3910,Tanker,MHL,9003909,Under Way,Indian Ocean
400003910,2026-01-03T17:10:00,18.344509,57.635194,14.7,231.6,117,Vessel_3911,Fishing,MHL,9003910,Under Way,Arabian Sea
400003911,2026-01-03T17:11:00,6.185746,61.490922,12.8,267.6,253,Vessel_3912,Fishing,SGP,9003911,Under Way,Arabian Sea
400003912,2026-01-03T17:12:00,18.396518,83.980911,17.4,292.9,174,Vessel_3913,Fishing,LBR,9003912,Moored,Bay of Bengal
400003913,2026-01-03T17:13:00,10.625719,88.044555,21.9,292.7,10,Vessel_3914,Fishing,LBR,9003913,Moored,Indian Ocean
400003914,2026-01-03T17:14:00,16.414411,63.091227,12.0,347.1,183,Vessel_3915,Tanker,PAN,9003914,Under Way,Arabian Sea
400003915,2026-01-03T17:15:00,6.302044,70.090688,18.5,284.5,3,Vessel_3916,Fishing,IND,9003915,Anchored,Arabian Sea
400003916,2026-01-03T17:16:00,18.191559,96.945645,19.6,276.0,129,Vessel_3917,Container,LBR,9003916,Under Way,Bay of Bengal
400003917,2026-01-03T17:17:00,11.044077,87.671677,11.0,36.7,19,Vessel_3918,Fishing,SGP,9003917,Anchored,Indian Ocean
400003918,2026-01-03T17:18:00,14.586691,84.745018,12.5,126.5,206,Vessel_3919,Tanker,MHL,9003918,Moored,Bay of Bengal
400003919,2026-01-03T17:19:00,-0.027483,96.347267,11.0,148.6,67,Vessel_3920,Bulk Carrier,PAN,9003919,Anchored,Indian Ocean
400003920,2026-01-03T17:20:00,12.347373,90.035033,15.1,228.9,178,Vessel_3921,Fishing,IND,9003920,Anchored,Bay of Bengal
400003921,2026-01-03T17:21:00,7.408213,97.690436,1.7,51.4,316,Vessel_3922,Tanker,PAN,9003921,Moored,Bay of Bengal
400003922,2026-01-03T17:22:00,12.723115,95.469105,14.3,325.9,91,Vessel_3923,Container,SGP,9003922,Moored,Bay of Bengal
400003923,2026-01-03T17:23:00,6.009621,78.165574,16.6,217.1,307,Vessel_3924,Container,SGP,9003923,Under Way,Indian Ocean
400003924,2026-01-03T17:24:00,12.814922,72.133611,6.3,49.9,322,Vessel_3925,Bulk Carrier,IND,9003924,Anchored,Arabian Sea
400003925,2026-01-03T17:25:00,16.429033,86.755847,11.4,209.1,7,Vessel_3926,Cargo,LBR,9003925,Under Way,Bay of Bengal
400003926,2026-01-03T17:26:00,14.199142,98.292595,1.9,272.3,198,Vessel_3927,Cargo,MHL,9003926,Anchored,Indian Ocean
400003927,2026-01-03T17:27:00,5.133926,83.413538,13.1,45.8,204,Vessel_3928,Fishing,MHL,9003927,Moored,Bay of Bengal
400003928,2026-01-03T17:28:00,2.391928,86.018676,2.7,132.7,80,Vessel_3929,Bulk Carrier,LBR,9003928,Moored,Indian Ocean
400003929,2026-01-03T17:29:00,5.761689,81.132299,8.0,335.6,67,Vessel_3930,Cargo,IND,9003929,Moored,Bay of Bengal
400003930,2026-01-03T17:30:00,11.445788,60.470328,21.1,122.1,174,Vessel_3931,Bulk Carrier,IND,9003930,Under Way,Arabian Sea
400003931,2026-01-03T17:31:00,-0.369127,93.476696,18.4,110.9,199,Vessel_3932,Tanker,LBR,9003931,Under Way,Indian Ocean
400003932,2026-01-03T17:32:00,12.239311,71.984498,7.5,53.9,320,Vessel_3933,Container,SGP,9003932,Anchored,Arabian Sea
400003933,2026-01-03T17:33:00,20.350841,58.768356,2.6,97.7,211,Vessel_3934,Tanker,PAN,9003933,Moored,Arabian Sea
400003934,2026-01-03T17:34:00,-3.101934,86.555266,5.3,45.5,63,Vessel_3935,Tanker,MHL,9003934,Under Way,Indian Ocean
400003935,2026-01-03T17:35:00,23.427136,66.573045,20.2,319.2,115,Vessel_3936,Tanker,PAN,9003935,Moored,Arabian Sea
400003936,2026-01-03T17:36:00,13.963495,71.241496,0.7,324.3,248,Vessel_3937,Fishing,SGP,9003936,Anchored,Indian Ocean
400003937,2026-01-03T17:37:00,17.208013,94.324766,15.0,228.0,246,Vessel_3938,Fishing,MHL,9003937,Under Way,Indian Ocean
400003938,2026-01-03T17:38:00,16.216125,61.805297,3.3,333.1,218,Vessel_3939,Fishing,SGP,9003938,Under Way,Indian Ocean
400003939,2026-01-03T17:39:00,9.340215,67.454176,12.4,244.6,264,Vessel_3940,Tanker,MHL,9003939,Under Way,Arabian Sea
400003940,2026-01-03T17:40:00,-9.535222,61.705387,15.0,137.4,159,Vessel_3941,Cargo,LBR,9003940,Anchored,Indian Ocean
400003941,2026-01-03T17:41:00,13.828411,91.097937,17.7,291.1,347,Vessel_3942,Container,PAN,9003941,Moored,Bay of Bengal
400003942,2026-01-03T17:42:00,12.678195,85.080334,20.8,124.5,65,Vessel_3943,Bulk Carrier,SGP,9003942,Moored,Bay of Bengal
400003943,2026-01-03T17:43:00,13.538567,97.106304,3.2,268.9,252,Vessel_3944,Cargo,PAN,9003943,Anchored,Bay of Bengal
400003944,2026-01-03T17:44:00,17.713484,82.308707,7.1,117.4,34,Vessel_3945,Bulk Carrier,MHL,9003944,Moored,Bay of Bengal
400003945,2026-01-03T17:45:00,12.716812,82.141544,7.3,353.6,128,Vessel_3946,Container,PAN,9003945,Under Way,Indian Ocean
400003946,2026-01-03T17:46:00,12.086501,67.467516,21.2,57.0,134,Vessel_3947,Bulk Carrier,LBR,9003946,Anchored,Indian Ocean
400003947,2026-01-03T17:47:00,11.454745,86.819545,1.0,46.1,279,Vessel_3948,Bulk Carrier,PAN,9003947,Anchored,Bay of Bengal
400003948,2026-01-03T17:48:00,10.888901,80.022158,1.7,238.8,28,Vessel_3949,Bulk Carrier,PAN,9003948,Under Way,Indian Ocean
400003949,2026-01-03T17:49:00,18.680287,71.431018,15.8,140.0,184,Vessel_3950,Fishing,SGP,9003949,Under Way,Arabian Sea
400003950,2026-01-03T17:50:00,18.211305,92.768263,8.7,34.2,335,Vessel_3951,Tanker,LBR,9003950,Anchored,Bay of Bengal
400003951,2026-01-03T17:51:00,16.954337,63.287981,17.4,94.5,1,Vessel_3952,Tanker,IND,9003951,Anchored,Indian Ocean
400003952,2026-01-03T17:52:00,10.547259,60.723118,3.1,283.1,305,Vessel_3953,Bulk Carrier,PAN,9003952,Anchored,Arabian Sea
400003953,2026-01-03T17:53:00,3.840824,70.848837,4.5,24.8,313,Vessel_3954,Bulk Carrier,IND,9003953,Under Way,Indian Ocean
400003954,2026-01-03T17:54:00,15.538799,69.071266,18.0,318.5,297,Vessel_3955,Bulk Carrier,SGP,9003954,Moored,Indian Ocean
400003955,2026-01-03T17:55:00,19.314005,88.413257,2.0,269.3,105,Vessel_3956,Container,SGP,9003955,Anchored,Bay of Bengal
400003956,2026-01-03T17:56:00,15.195843,88.93402,16.3,194.8,182,Vessel_3957,Fishing,LBR,9003956,Moored,Bay of Bengal
400003957,2026-01-03T17:57:00,19.673235,65.469859,2.0,334.8,262,Vessel_3958,Bulk Carrier,IND,9003957,Moored,Arabian Sea
400003958,2026-01-03T17:58:00,7.312072,66.453751,3.4,217.9,111,Vessel_3959,Bulk Carrier,LBR,9003958,Under Way,Arabian Sea
400003959,2026-01-03T17:59:00,-6.173093,96.120893,12.8,16.2,107,Vessel_3960,Cargo,IND,9003959,Under Way,Indian Ocean
400003960,2026-01-03T18:00:00,8.724334,72.418874,7.1,199.9,224,Vessel_3961,Tanker,PAN,9003960,Anchored,Arabian Sea
400003961,2026-01-03T18:01:00,18.715246,74.611209,16.1,315.3,268,Vessel_3962,Cargo,LBR,9003961,Moored,Arabian Sea
400003962,2026-01-03T18:02:00,10.264117,88.488776,18.9,91.8,235,Vessel_3963,Tanker,SGP,9003962,Anchored,Bay of Bengal
400003963,2026-01-03T18:03:00,11.989212,97.964308,16.8,144.4,1,Vessel_3964,Bulk Carrier,LBR,9003963,Moored,Bay of Bengal
400003964,2026-01-03T18:04:00,8.241085,74.849403,18.8,43.1,92,Vessel_3965,Fishing,SGP,9003964,Under Way,Arabian Sea
400003965,2026-01-03T18:05:00,14.869806,68.501066,18.8,149.1,275,Vessel_3966,Cargo,LBR,9003965,Moored,Indian Ocean
400003966,2026-01-03T18:06:00,17.963479,82.405939,5.8,283.8,306,Vessel_3967,Cargo,SGP,9003966,Under Way,Bay of Bengal
400003967,2026-01-03T18:07:00,17.272683,86.482757,12.9,301.0,291,Vessel_3968,Cargo,IND,9003967,Anchored,Bay of Bengal
400003968,2026-01-03T18:08:00,16.222259,87.147667,19.5,195.0,118,Vessel_3969,Tanker,SGP,9003968,Under Way,Bay of Bengal
400003969,2026-01-03T18:09:00,16.108341,84.76323,22.0,187.1,141,Vessel_3970,Fishing,MHL,9003969,Under Way,Bay of Bengal
400003970,2026-01-03T18:10:00,24.331734,68.156477,21.6,286.6,179,Vessel_3971,Tanker,SGP,9003970,Anchored,Arabian Sea
400003971,2026-01-03T18:11:00,7.367034,72.458364,16.5,167.9,349,Vessel_3972,Tanker,LBR,9003971,Moored,Arabian Sea
400003972,2026-01-03T18:12:00,11.138594,69.206427,20.6,283.4,129,Vessel_3973,Fishing,IND,9003972,Under Way,Arabian Sea
400003973,2026-01-03T18:13:00,2.323091,73.522023,7.7,129.8,282,Vessel_3974,Container,MHL,9003973,Anchored,Indian Ocean
400003974,2026-01-03T18:14:00,6.46503,59.934879,12.6,70.8,53,Vessel_3975,Cargo,LBR,9003974,Under Way,Arabian Sea
400003975,2026-01-03T18:15:00,1.816311,83.048023,3.9,143.5,218,Vessel_3976,Fishing,LBR,9003975,Anchored,Indian Ocean
400003976,2026-01-03T18:16:00,11.223823,83.772795,17.3,152.6,106,Vessel_3977,Container,IND,9003976,Anchored,Bay of Bengal
400003977,2026-01-03T18:17:00,21.973136,81.313527,7.6,278.0,284,Vessel_3978,Tanker,MHL,9003977,Moored,Bay of Bengal
400003978,2026-01-03T18:18:00,13.983421,67.166248,17.3,306.9,98,Vessel_3979,Cargo,MHL,9003978,Moored,Indian Ocean
400003979,2026-01-03T18:19:00,18.591537,64.80017,8.9,130.4,14,Vessel_3980,Tanker,IND,9003979,Under Way,Arabian Sea
400003980,2026-01-03T18:20:00,9.478877,57.125245,6.8,347.2,157,Vessel_3981,Container,SGP,9003980,Moored,Arabian Sea
400003981,2026-01-03T18:21:00,13.253963,60.022285,13.6,272.2,133,Vessel_3982,Fishing,MHL,9003981,Under Way,Arabian Sea
400003982,2026-01-03T18:22:00,5.050716,69.522445,20.9,34.9,196,Vessel_3983,Container,LBR,9003982,Moored,Arabian Sea
400003983,2026-01-03T18:23:00,-9.443555,93.569826,21.6,236.5,292,Vessel_3984,Tanker,PAN,9003983,Anchored,Indian Ocean
400003984,2026-01-03T18:24:00,15.606312,73.44275,8.4,220.1,293,Vessel_3985,Bulk Carrier,LBR,9003984,Moored,Arabian Sea
400003985,2026-01-03T18:25:00,12.74209,58.630145,0.8,242.5,60,Vessel_3986,Tanker,SGP,9003985,Under Way,Arabian Sea
400003986,2026-01-03T18:26:00,8.080472,85.499948,14.8,20.5,260,Vessel_3987,Bulk Carrier,MHL,9003986,Moored,Bay of Bengal
400003987,2026-01-03T18:27:00,21.675568,96.124492,20.0,222.7,240,Vessel_3988,Tanker,PAN,9003987,Anchored,Bay of Bengal
400003988,2026-01-03T18:28:00,3.317942,67.81877,16.9,175.5,3,Vessel_3989,Tanker,IND,9003988,Moored,Indian Ocean
400003989,2026-01-03T18:29:00,10.240326,91.134377,18.3,167.5,255,Vessel_3990,Cargo,SGP,9003989,Moored,Bay of Bengal
400003990,2026-01-03T18:30:00,5.07824,97.395412,9.3,122.2,260,Vessel_3991,Fishing,MHL,9003990,Moored,Bay of Bengal
400003991,2026-01-03T18:31:00,6.508911,90.172989,0.8,271.5,175,Vessel_3992,Fishing,LBR,9003991,Under Way,Indian Ocean
400003992,2026-01-03T18:32:00,13.516226,97.753582,10.5,298.0,302,Vessel_3993,Container,SGP,9003992,Moored,Bay of Bengal
400003993,2026-01-03T18:33:00,24.857188,63.214441,6.0,178.1,86,Vessel_3994,Bulk Carrier,SGP,9003993,Under Way,Arabian Sea
400003994,2026-01-03T18:34:00,11.725427,88.870304,9.3,287.9,179,Vessel_3995,Fishing,LBR,9003994,Anchored,Bay of Bengal
400003995,2026-01-03T18:35:00,0.043362,77.777993,16.3,138.2,132,Vessel_3996,Fishing,PAN,9003995,Anchored,Indian Ocean
400003996,2026-01-03T18:36:00,-7.650797,74.143329,13.8,265.0,140,Vessel_3997,Bulk Carrier,PAN,9003996,Anchored,Indian Ocean
400003997,2026-01-03T18:37:00,-8.917633,85.541045,5.6,278.1,123,Vessel_3998,Bulk Carrier,LBR,9003997,Under Way,Indian Ocean
400003998,2026-01-03T18:38:00,9.423604,82.366328,6.0,298.6,268,Vessel_3999,Fishing,LBR,9003998,Anchored,Indian Ocean
400003999,2026-01-03T18:39:00,17.833655,60.173965,19.3,85.1,178,Vessel_4000,Container,MHL,9003999,Under Way,Arabian Sea
400004000,2026-01-03T18:40:00,13.92461,86.742755,11.7,71.3,273,Vessel_4001,Container,LBR,9004000,Moored,Bay of Bengal
400004001,2026-01-03T18:41:00,8.730594,67.143251,5.4,215.7,155,Vessel_4002,Fishing,IND,9004001,Moored,Arabian Sea
400004002,2026-01-03T18:42:00,18.794181,80.52516,4.9,75.0,140,Vessel_4003,Tanker,PAN,9004002,Under Way,Bay of Bengal
400004003,2026-01-03T18:43:00,16.397336,68.736936,17.8,253.6,15,Vessel_4004,Container,IND,9004003,Under Way,Indian Ocean
400004004,2026-01-03T18:44:00,16.384986,76.304452,11.4,312.1,231,Vessel_4005,Fishing,LBR,9004004,Under Way,Indian Ocean
400004005,2026-01-03T18:45:00,22.817053,73.490505,10.3,232.5,136,Vessel_4006,Bulk Carrier,LBR,9004005,Moored,Arabian Sea
400004006,2026-01-03T18:46:00,9.952801,72.015291,20.9,324.3,100,Vessel_4007,Fishing,MHL,9004006,Anchored,Arabian Sea
400004007,2026-01-03T18:47:00,6.894809,90.703435,17.2,254.4,294,Vessel_4008,Container,IND,9004007,Under Way,Bay of Bengal
400004008,2026-01-03T18:48:00,5.422966,67.565706,9.6,173.4,273,Vessel_4009,Tanker,MHL,9004008,Anchored,Arabian Sea
400004009,2026-01-03T18:49:00,12.834803,74.535064,5.8,316.3,243,Vessel_4010,Fishing,LBR,9004009,Under Way,Arabian Sea
400004010,2026-01-03T18:50:00,-4.110631,69.44236,18.4,153.3,134,Vessel_4011,Container,SGP,9004010,Anchored,Indian Ocean
400004011,2026-01-03T18:51:00,19.657587,86.681686,15.5,169.8,302,Vessel_4012,Cargo,PAN,9004011,Under Way,Bay of Bengal
400004012,2026-01-03T18:52:00,16.367584,93.833612,15.1,147.2,95,Vessel_4013,Bulk Carrier,IND,9004012,Moored,Bay of Bengal
400004013,2026-01-03T18:53:00,19.632196,88.466681,9.5,168.9,246,Vessel_4014,Tanker,MHL,9004013,Moored,Bay of Bengal
400004014,2026-01-03T18:54:00,23.828793,66.994284,5.3,258.0,48,Vessel_4015,Cargo,MHL,9004014,Under Way,Arabian Sea
400004015,2026-01-03T18:55:00,8.752065,64.234414,8.0,231.4,266,Vessel_4016,Container,IND,9004015,Moored,Arabian Sea
400004016,2026-01-03T18:56:00,18.980958,96.369068,5.5,147.6,256,Vessel_4017,Bulk Carrier,IND,9004016,Anchored,Indian Ocean
400004017,2026-01-03T18:57:00,5.150729,99.16845,10.8,23.7,22,Vessel_4018,Bulk Carrier,PAN,9004017,Under Way,Indian Ocean
400004018,2026-01-03T18:58:00,21.373397,60.346563,10.9,346.7,270,Vessel_4019,Cargo,MHL,9004018,Moored,Arabian Sea
400004019,2026-01-03T18:59:00,-0.958279,81.236323,5.9,347.9,5,Vessel_4020,Cargo,PAN,9004019,Moored,Indian Ocean
400004020,2026-01-03T19:00:00,12.861482,87.791471,19.1,236.9,353,Vessel_4021,Tanker,PAN,9004020,Anchored,Bay of Bengal
400004021,2026-01-03T19:01:00,-6.121114,67.388111,1.3,3.6,60,Vessel_4022,Bulk Carrier,MHL,9004021,Moored,Indian Ocean
400004022,2026-01-03T19:02:00,20.837213,70.717501,17.7,92.0,42,Vessel_4023,Bulk Carrier,LBR,9004022,Moored,Arabian Sea
400004023,2026-01-03T19:03:00,-0.231339,84.966997,18.2,340.4,136,Vessel_4024,Tanker,MHL,9004023,Moored,Indian Ocean
400004024,2026-01-03T19:04:00,7.176079,72.61803,16.3,77.4,102,Vessel_4025,Cargo,IND,9004024,Anchored,Indian Ocean
400004025,2026-01-03T19:05:00,16.623943,77.428552,18.6,296.1,79,Vessel_4026,Bulk Carrier,MHL,9004025,Moored,Indian Ocean
400004026,2026-01-03T19:06:00,7.483958,62.232061,4.5,327.4,19,Vessel_4027,Cargo,MHL,9004026,Moored,Arabian Sea
400004027,2026-01-03T19:07:00,8.673519,75.243896,4.8,344.4,84,Vessel_4028,Cargo,PAN,9004027,Anchored,Indian Ocean
400004028,2026-01-03T19:08:00,9.500532,80.057907,5.4,158.0,329,Vessel_4029,Fishing,IND,9004028,Anchored,Bay of Bengal
400004029,2026-01-03T19:09:00,18.686602,95.148579,17.7,245.1,106,Vessel_4030,Cargo,IND,9004029,Under Way,Bay of Bengal
400004030,2026-01-03T19:10:00,22.327636,67.55911,7.9,33.5,167,Vessel_4031,Tanker,IND,9004030,Anchored,Arabian Sea
400004031,2026-01-03T19:11:00,9.009558,68.286025,11.7,251.2,354,Vessel_4032,Bulk Carrier,MHL,9004031,Under Way,Arabian Sea
400004032,2026-01-03T19:12:00,11.019129,72.489726,17.2,11.7,121,Vessel_4033,Tanker,PAN,9004032,Anchored,Arabian Sea
400004033,2026-01-03T19:13:00,-1.363451,77.931498,20.1,128.9,248,Vessel_4034,Fishing,LBR,9004033,Under Way,Indian Ocean
400004034,2026-01-03T19:14:00,14.340457,97.646886,3.3,298.3,168,Vessel_4035,Container,SGP,9004034,Moored,Indian Ocean
400004035,2026-01-03T19:15:00,12.494955,56.692914,3.4,52.2,347,Vessel_4036,Cargo,MHL,9004035,Under Way,Arabian Sea
400004036,2026-01-03T19:16:00,20.84056,95.335133,12.9,311.6,50,Vessel_4037,Fishing,PAN,9004036,Under Way,Bay of Bengal
400004037,2026-01-03T19:17:00,11.207205,88.406683,9.2,189.5,269,Vessel_4038,Tanker,PAN,9004037,Anchored,Bay of Bengal
400004038,2026-01-03T19:18:00,-8.76944,62.145504,11.3,206.5,317,Vessel_4039,Container,PAN,9004038,Anchored,Indian Ocean
400004039,2026-01-03T19:19:00,5.054239,75.507225,14.9,121.6,150,Vessel_4040,Fishing,MHL,9004039,Anchored,Indian Ocean
400004040,2026-01-03T19:20:00,12.18353,95.391008,18.6,264.6,261,Vessel_4041,Fishing,SGP,9004040,Moored,Indian Ocean
400004041,2026-01-03T19:21:00,9.897816,92.813217,0.9,329.4,13,Vessel_4042,Bulk Carrier,LBR,9004041,Moored,Bay of Bengal
400004042,2026-01-03T19:22:00,10.893386,86.341342,15.4,277.7,107,Vessel_4043,Container,PAN,9004042,Moored,Bay of Bengal
400004043,2026-01-03T19:23:00,-7.66591,62.480122,16.6,48.1,78,Vessel_4044,Bulk Carrier,LBR,9004043,Anchored,Indian Ocean
400004044,2026-01-03T19:24:00,12.599478,95.054557,13.8,335.2,139,Vessel_4045,Container,MHL,9004044,Under Way,Bay of Bengal
400004045,2026-01-03T19:25:00,9.825821,92.744709,2.8,184.6,75,Vessel_4046,Container,MHL,9004045,Under Way,Bay of Bengal
400004046,2026-01-03T19:26:00,15.134297,91.082509,0.4,22.3,145,Vessel_4047,Container,PAN,9004046,Moored,Bay of Bengal
400004047,2026-01-03T19:27:00,14.306126,85.589713,15.1,149.4,135,Vessel_4048,Tanker,LBR,9004047,Anchored,Bay of Bengal
400004048,2026-01-03T19:28:00,8.94956,66.272797,17.3,236.6,250,Vessel_4049,Tanker,SGP,9004048,Anchored,Arabian Sea
400004049,2026-01-03T19:29:00,14.964097,86.183109,0.7,60.6,230,Vessel_4050,Bulk Carrier,LBR,9004049,Anchored,Bay of Bengal
400004050,2026-01-03T19:30:00,12.027127,60.832863,6.6,280.8,78,Vessel_4051,Bulk Carrier,SGP,9004050,Moored,Indian Ocean
400004051,2026-01-03T19:31:00,11.754114,83.552199,1.4,101.6,188,Vessel_4052,Tanker,SGP,9004051,Anchored,Bay of Bengal
400004052,2026-01-03T19:32:00,14.928728,73.577777,18.0,20.1,144,Vessel_4053,Container,PAN,9004052,Moored,Arabian Sea
400004053,2026-01-03T19:33:00,20.806115,62.063844,13.7,120.7,186,Vessel_4054,Bulk Carrier,SGP,9004053,Under Way,Arabian Sea
400004054,2026-01-03T19:34:00,21.865746,97.213606,14.6,73.1,336,Vessel_4055,Bulk Carrier,LBR,9004054,Anchored,Bay of Bengal
400004055,2026-01-03T19:35:00,-8.380945,92.814887,13.5,272.3,154,Vessel_4056,Fishing,IND,9004055,Under Way,Indian Ocean
400004056,2026-01-03T19:36:00,2.521255,88.701575,6.5,28.5,45,Vessel_4057,Container,PAN,9004056,Moored,Indian Ocean
400004057,2026-01-03T19:37:00,14.505642,93.787257,2.1,257.8,233,Vessel_4058,Fishing,SGP,9004057,Under Way,Bay of Bengal
400004058,2026-01-03T19:38:00,14.451796,95.969005,17.1,221.2,124,Vessel_4059,Tanker,LBR,9004058,Under Way,Bay of Bengal
400004059,2026-01-03T19:39:00,7.272612,98.540709,11.4,181.7,179,Vessel_4060,Tanker,IND,9004059,Under Way,Indian Ocean
400004060,2026-01-03T19:40:00,11.320694,93.724491,4.3,28.1,55,Vessel_4061,Container,SGP,9004060,Under Way,Bay of Bengal
400004061,2026-01-03T19:41:00,8.235268,60.700709,0.7,254.2,351,Vessel_4062,Cargo,SGP,9004061,Moored,Arabian Sea
400004062,2026-01-03T19:42:00,9.130894,90.573839,4.1,0.9,342,Vessel_4063,Cargo,MHL,9004062,Moored,Bay of Bengal
400004063,2026-01-03T19:43:00,3.426387,66.782389,14.4,341.8,286,Vessel_4064,Fishing,MHL,9004063,Under Way,Indian Ocean
400004064,2026-01-03T19:44:00,-1.085374,98.103664,9.9,35.7,211,Vessel_4065,Bulk Carrier,LBR,9004064,Anchored,Indian Ocean
400004065,2026-01-03T19:45:00,19.954624,60.459383,18.6,48.5,4,Vessel_4066,Fishing,SGP,9004065,Anchored,Arabian Sea
400004066,2026-01-03T19:46:00,10.980785,67.423768,4.1,275.0,222,Vessel_4067,Container,LBR,9004066,Anchored,Indian Ocean
400004067,2026-01-03T19:47:00,19.558614,63.260569,6.0,10.8,237,Vessel_4068,Fishing,SGP,9004067,Moored,Arabian Sea
400004068,2026-01-03T19:48:00,20.232509,66.98542,9.6,86.0,304,Vessel_4069,Container,MHL,9004068,Under Way,Arabian Sea
400004069,2026-01-03T19:49:00,10.791697,78.97486,18.1,108.5,312,Vessel_4070,Fishing,SGP,9004069,Anchored,Indian Ocean
400004070,2026-01-03T19:50:00,13.950067,91.947525,6.7,341.0,196,Vessel_4071,Fishing,SGP,9004070,Moored,Bay of Bengal
400004071,2026-01-03T19:51:00,11.094145,69.972855,17.8,118.6,223,Vessel_4072,Bulk Carrier,PAN,9004071,Moored,Indian Ocean
400004072,2026-01-03T19:52:00,8.919684,60.582975,20.7,225.0,298,Vessel_4073,Tanker,MHL,9004072,Moored,Arabian Sea
400004073,2026-01-03T19:53:00,9.560573,97.19271,8.5,150.2,265,Vessel_4074,Tanker,IND,9004073,Moored,Bay of Bengal
400004074,2026-01-03T19:54:00,-4.538149,65.564208,17.2,52.4,340,Vessel_4075,Cargo,PAN,9004074,Anchored,Indian Ocean
400004075,2026-01-03T19:55:00,4.71936,67.429553,1.2,167.9,117,Vessel_4076,Bulk Carrier,MHL,9004075,Anchored,Indian Ocean
400004076,2026-01-03T19:56:00,24.624969,68.509798,1.4,184.8,251,Vessel_4077,Container,MHL,9004076,Anchored,Arabian Sea
400004077,2026-01-03T19:57:00,13.524532,80.92624,5.8,118.4,299,Vessel_4078,Bulk Carrier,PAN,9004077,Moored,Bay of Bengal
400004078,2026-01-03T19:58:00,16.26407,91.73107,14.7,283.9,190,Vessel_4079,Bulk Carrier,MHL,9004078,Anchored,Bay of Bengal
400004079,2026-01-03T19:59:00,10.310041,62.164469,7.8,24.1,67,Vessel_4080,Bulk Carrier,LBR,9004079,Moored,Indian Ocean
400004080,2026-01-03T20:00:00,9.439351,84.598069,13.2,77.1,212,Vessel_4081,Cargo,SGP,9004080,Anchored,Bay of Bengal
400004081,2026-01-03T20:01:00,12.352901,57.147418,21.2,127.5,128,Vessel_4082,Container,SGP,9004081,Under Way,Arabian Sea
400004082,2026-01-03T20:02:00,10.836787,56.755603,15.1,154.8,128,Vessel_4083,Bulk Carrier,IND,9004082,Anchored,Arabian Sea
400004083,2026-01-03T20:03:00,6.014183,61.515943,13.9,33.3,270,Vessel_4084,Container,IND,9004083,Anchored,Arabian Sea
400004084,2026-01-03T20:04:00,11.359125,81.823071,4.9,315.6,280,Vessel_4085,Container,IND,9004084,Moored,Bay of Bengal
400004085,2026-01-03T20:05:00,17.518159,74.777818,20.1,299.0,288,Vessel_4086,Fishing,LBR,9004085,Anchored,Arabian Sea
400004086,2026-01-03T20:06:00,17.073698,83.686615,18.8,241.1,354,Vessel_4087,Tanker,PAN,9004086,Under Way,Bay of Bengal
400004087,2026-01-03T20:07:00,9.089105,56.915771,8.8,330.3,258,Vessel_4088,Fishing,IND,9004087,Moored,Arabian Sea
400004088,2026-01-03T20:08:00,5.734702,86.545347,2.8,29.3,136,Vessel_4089,Container,LBR,9004088,Moored,Bay of Bengal
400004089,2026-01-03T20:09:00,14.86644,93.7992,8.0,214.9,170,Vessel_4090,Cargo,LBR,9004089,Under Way,Bay of Bengal
400004090,2026-01-03T20:10:00,-4.59429,84.656854,9.4,343.7,148,Vessel_4091,Cargo,PAN,9004090,Moored,Indian Ocean
400004091,2026-01-03T20:11:00,5.894944,73.843526,0.1,173.7,187,Vessel_4092,Tanker,SGP,9004091,Under Way,Arabian Sea
400004092,2026-01-03T20:12:00,6.305782,90.716094,3.4,319.3,71,Vessel_4093,Tanker,LBR,9004092,Moored,Bay of Bengal
400004093,2026-01-03T20:13:00,3.673232,73.566089,20.6,295.5,56,Vessel_4094,Container,LBR,9004093,Under Way,Indian Ocean
400004094,2026-01-03T20:14:00,5.874543,59.916583,13.4,159.2,127,Vessel_4095,Tanker,SGP,9004094,Anchored,Arabian Sea
400004095,2026-01-03T20:15:00,11.99097,87.166582,1.0,79.6,205,Vessel_4096,Tanker,LBR,9004095,Anchored,Bay of Bengal
400004096,2026-01-03T20:16:00,13.673273,87.533359,3.2,162.9,169,Vessel_4097,Container,SGP,9004096,Anchored,Bay of Bengal
400004097,2026-01-03T20:17:00,20.983001,96.096453,14.8,145.5,242,Vessel_4098,Tanker,SGP,9004097,Anchored,Bay of Bengal
400004098,2026-01-03T20:18:00,-0.577436,60.308652,19.6,127.9,350,Vessel_4099,Bulk Carrier,MHL,9004098,Anchored,Indian Ocean
400004099,2026-01-03T20:19:00,13.525319,55.054807,10.2,27.3,36,Vessel_4100,Cargo,IND,9004099,Moored,Arabian Sea
400004100,2026-01-03T20:20:00,-7.260713,75.322861,19.1,215.0,92,Vessel_4101,Cargo,PAN,9004100,Under Way,Indian Ocean
400004101,2026-01-03T20:21:00,14.103886,90.409627,20.2,6.0,189,Vessel_4102,Container,MHL,9004101,Anchored,Indian Ocean
400004102,2026-01-03T20:22:00,7.482849,72.786871,1.8,312.6,169,Vessel_4103,Bulk Carrier,IND,9004102,Anchored,Indian Ocean
400004103,2026-01-03T20:23:00,-1.096,65.811209,2.4,189.6,16,Vessel_4104,Cargo,PAN,9004103,Under Way,Indian Ocean
400004104,2026-01-03T20:24:00,16.61787,87.420767,11.6,120.0,350,Vessel_4105,Container,IND,9004104,Moored,Bay of Bengal
400004105,2026-01-03T20:25:00,7.85369,55.690426,1.5,278.2,33,Vessel_4106,Container,PAN,9004105,Moored,Arabian Sea
400004106,2026-01-03T20:26:00,-9.016685,72.642516,1.1,79.5,145,Vessel_4107,Bulk Carrier,PAN,9004106,Moored,Indian Ocean
400004107,2026-01-03T20:27:00,9.485409,63.332952,16.8,2.3,246,Vessel_4108,Container,PAN,9004107,Under Way,Arabian Sea
400004108,2026-01-03T20:28:00,16.909473,80.952834,12.7,194.0,144,Vessel_4109,Tanker,LBR,9004108,Anchored,Bay of Bengal
400004109,2026-01-03T20:29:00,14.016744,63.979466,14.1,52.7,236,Vessel_4110,Tanker,PAN,9004109,Anchored,Arabian Sea
400004110,2026-01-03T20:30:00,7.226383,58.678723,15.5,313.7,86,Vessel_4111,Fishing,SGP,9004110,Under Way,Arabian Sea
400004111,2026-01-03T20:31:00,14.592695,89.794002,2.0,230.5,276,Vessel_4112,Container,LBR,9004111,Moored,Indian Ocean
400004112,2026-01-03T20:32:00,14.080267,67.102602,8.2,127.3,48,Vessel_4113,Bulk Carrier,SGP,9004112,Moored,Arabian Sea
400004113,2026-01-03T20:33:00,-2.830607,90.538946,1.5,20.5,177,Vessel_4114,Container,MHL,9004113,Under Way,Indian Ocean
400004114,2026-01-03T20:34:00,15.311785,89.867532,5.4,233.5,249,Vessel_4115,Fishing,SGP,9004114,Anchored,Bay of Bengal
400004115,2026-01-03T20:35:00,15.940914,80.502738,13.2,293.2,153,Vessel_4116,Tanker,LBR,9004115,Anchored,Bay of Bengal
400004116,2026-01-03T20:36:00,11.521264,85.179218,20.4,312.4,76,Vessel_4117,Container,MHL,9004116,Under Way,Indian Ocean
400004117,2026-01-03T20:37:00,12.940438,91.951043,18.8,355.6,188,Vessel_4118,Tanker,MHL,9004117,Anchored,Bay of Bengal
400004118,2026-01-03T20:38:00,8.058752,80.222299,11.8,232.6,217,Vessel_4119,Cargo,SGP,9004118,Anchored,Bay of Bengal
400004119,2026-01-03T20:39:00,16.619334,71.375514,9.0,272.9,323,Vessel_4120,Bulk Carrier,IND,9004119,Under Way,Arabian Sea
400004120,2026-01-03T20:40:00,3.0833,94.429639,0.4,42.2,310,Vessel_4121,Cargo,LBR,9004120,Under Way,Indian Ocean
400004121,2026-01-03T20:41:00,9.480592,83.582691,18.6,1.3,284,Vessel_4122,Tanker,LBR,9004121,Under Way,Indian Ocean
400004122,2026-01-03T20:42:00,22.447146,74.893274,11.0,145.8,86,Vessel_4123,Fishing,IND,9004122,Anchored,Arabian Sea
400004123,2026-01-03T20:43:00,10.009353,80.955312,10.2,176.3,253,Vessel_4124,Tanker,IND,9004123,Anchored,Indian Ocean
400004124,2026-01-03T20:44:00,7.660087,65.365266,8.5,46.5,51,Vessel_4125,Tanker,MHL,9004124,Anchored,Indian Ocean
400004125,2026-01-03T20:45:00,16.007152,93.91235,13.2,144.0,222,Vessel_4126,Tanker,LBR,9004125,Anchored,Bay of Bengal
400004126,2026-01-03T20:46:00,17.714798,74.235102,8.0,249.6,288,Vessel_4127,Tanker,MHL,9004126,Under Way,Arabian Sea
400004127,2026-01-03T20:47:00,5.738377,72.306414,19.8,43.1,104,Vessel_4128,Container,LBR,9004127,Under Way,Arabian Sea
400004128,2026-01-03T20:48:00,15.017256,97.350036,14.6,286.2,271,Vessel_4129,Fishing,SGP,9004128,Anchored,Indian Ocean
400004129,2026-01-03T20:49:00,5.974158,62.138489,9.3,268.2,268,Vessel_4130,Bulk Carrier,LBR,9004129,Under Way,Arabian Sea
400004130,2026-01-03T20:50:00,14.202778,89.917941,16.1,175.9,254,Vessel_4131,Container,MHL,9004130,Anchored,Bay of Bengal
400004131,2026-01-03T20:51:00,13.485144,90.92983,8.2,353.6,318,Vessel_4132,Container,MHL,9004131,Anchored,Bay of Bengal
400004132,2026-01-03T20:52:00,15.74094,62.456874,13.3,211.9,63,Vessel_4133,Cargo,PAN,9004132,Under Way,Arabian Sea
400004133,2026-01-03T20:53:00,21.847068,67.232681,1.4,136.4,130,Vessel_4134,Bulk Carrier,MHL,9004133,Under Way,Arabian Sea
400004134,2026-01-03T20:54:00,12.630473,64.81805,12.7,204.1,299,Vessel_4135,Fishing,SGP,9004134,Under Way,Arabian Sea
400004135,2026-01-03T20:55:00,9.062583,80.676291,13.8,88.1,284,Vessel_4136,Bulk Carrier,MHL,9004135,Under Way,Bay of Bengal
400004136,2026-01-03T20:56:00,11.418735,62.866297,2.9,286.4,244,Vessel_4137,Container,SGP,9004136,Under Way,Arabian Sea
400004137,2026-01-03T20:57:00,19.332745,83.202848,15.2,19.1,306,Vessel_4138,Container,MHL,9004137,Anchored,Bay of Bengal
400004138,2026-01-03T20:58:00,13.160926,82.230022,4.1,56.6,302,Vessel_4139,Fishing,SGP,9004138,Anchored,Bay of Bengal
400004139,2026-01-03T20:59:00,1.051695,78.082306,12.6,59.3,65,Vessel_4140,Cargo,MHL,9004139,Under Way,Indian Ocean
400004140,2026-01-03T21:00:00,13.809924,64.201801,9.5,325.1,4,Vessel_4141,Cargo,MHL,9004140,Moored,Arabian Sea
400004141,2026-01-03T21:01:00,16.656222,94.600091,9.7,300.3,329,Vessel_4142,Tanker,PAN,9004141,Anchored,Bay of Bengal
400004142,2026-01-03T21:02:00,16.776295,88.909076,10.6,303.4,40,Vessel_4143,Bulk Carrier,PAN,9004142,Under Way,Bay of Bengal
400004143,2026-01-03T21:03:00,23.292566,68.386347,4.7,230.0,105,Vessel_4144,Container,SGP,9004143,Moored,Arabian Sea
400004144,2026-01-03T21:04:00,-7.705258,87.597366,10.9,11.4,300,Vessel_4145,Cargo,LBR,9004144,Under Way,Indian Ocean
400004145,2026-01-03T21:05:00,17.378018,65.311385,16.1,67.5,302,Vessel_4146,Container,LBR,9004145,Moored,Arabian Sea
400004146,2026-01-03T21:06:00,21.860792,83.356159,13.5,70.8,295,Vessel_4147,Tanker,LBR,9004146,Moored,Bay of Bengal
400004147,2026-01-03T21:07:00,20.128507,94.237848,21.5,289.6,274,Vessel_4148,Container,PAN,9004147,Under Way,Bay of Bengal
400004148,2026-01-03T21:08:00,14.734711,84.90097,17.0,207.9,139,Vessel_4149,Container,IND,9004148,Under Way,Bay of Bengal
400004149,2026-01-03T21:09:00,-7.976233,71.993678,18.9,279.8,303,Vessel_4150,Bulk Carrier,PAN,9004149,Moored,Indian Ocean
400004150,2026-01-03T21:10:00,11.976154,71.829871,3.3,330.6,0,Vessel_4151,Tanker,MHL,9004150,Under Way,Arabian Sea
400004151,2026-01-03T21:11:00,6.370925,85.614985,9.1,320.8,318,Vessel_4152,Tanker,SGP,9004151,Under Way,Indian Ocean
400004152,2026-01-03T21:12:00,7.58671,74.788437,21.4,115.2,270,Vessel_4153,Container,MHL,9004152,Moored,Indian Ocean
400004153,2026-01-03T21:13:00,7.014909,61.499015,11.0,307.0,153,Vessel_4154,Bulk Carrier,PAN,9004153,Anchored,Arabian Sea
400004154,2026-01-03T21:14:00,17.860514,72.412989,18.4,102.8,351,Vessel_4155,Cargo,LBR,9004154,Under Way,Arabian Sea
400004155,2026-01-03T21:15:00,19.146886,86.017815,7.1,149.4,83,Vessel_4156,Tanker,SGP,9004155,Under Way,Bay of Bengal
400004156,2026-01-03T21:16:00,11.833652,60.013209,8.6,254.6,86,Vessel_4157,Cargo,SGP,9004156,Moored,Arabian Sea
400004157,2026-01-03T21:17:00,5.067422,95.057603,1.8,159.7,341,Vessel_4158,Container,SGP,9004157,Anchored,Bay of Bengal
400004158,2026-01-03T21:18:00,11.511423,81.117061,20.9,224.1,174,Vessel_4159,Container,LBR,9004158,Moored,Bay of Bengal
400004159,2026-01-03T21:19:00,19.414846,56.012727,1.1,284.1,292,Vessel_4160,Fishing,IND,9004159,Under Way,Arabian Sea
400004160,2026-01-03T21:20:00,14.827527,93.928231,2.4,68.2,68,Vessel_4161,Tanker,PAN,9004160,Moored,Bay of Bengal
400004161,2026-01-03T21:21:00,-7.437771,67.092847,20.1,59.4,324,Vessel_4162,Tanker,LBR,9004161,Anchored,Indian Ocean
400004162,2026-01-03T21:22:00,6.145375,89.262716,19.9,121.1,129,Vessel_4163,Tanker,MHL,9004162,Moored,Bay of Bengal
400004163,2026-01-03T21:23:00,9.586814,83.45141,14.8,156.1,184,Vessel_4164,Tanker,SGP,9004163,Moored,Bay of Bengal
400004164,2026-01-03T21:24:00,21.668906,90.751081,20.3,118.0,220,Vessel_4165,Container,MHL,9004164,Under Way,Bay of Bengal
400004165,2026-01-03T21:25:00,15.995549,81.78027,8.2,170.0,87,Vessel_4166,Fishing,IND,9004165,Moored,Bay of Bengal
400004166,2026-01-03T21:26:00,8.020545,94.45389,13.0,61.1,299,Vessel_4167,Tanker,IND,9004166,Moored,Bay of Bengal
400004167,2026-01-03T21:27:00,7.720551,90.492143,13.4,180.9,148,Vessel_4168,Tanker,PAN,9004167,Under Way,Bay of Bengal
400004168,2026-01-03T21:28:00,9.327982,65.264588,8.0,252.5,295,Vessel_4169,Fishing,SGP,9004168,Moored,Arabian Sea
400004169,2026-01-03T21:29:00,10.690195,58.368169,7.1,2.1,61,Vessel_4170,Cargo,IND,9004169,Under Way,Arabian Sea
400004170,2026-01-03T21:30:00,10.133503,80.773253,1.1,323.9,331,Vessel_4171,Container,PAN,9004170,Anchored,Bay of Bengal
400004171,2026-01-03T21:31:00,19.39078,80.539591,11.5,144.8,319,Vessel_4172,Container,MHL,9004171,Under Way,Indian Ocean
400004172,2026-01-03T21:32:00,6.273877,78.534045,20.7,215.3,126,Vessel_4173,Bulk Carrier,LBR,9004172,Moored,Indian Ocean
400004173,2026-01-03T21:33:00,21.140204,97.129634,20.1,112.1,139,Vessel_4174,Fishing,IND,9004173,Anchored,Bay of Bengal
400004174,2026-01-03T21:34:00,20.917935,69.386461,12.3,9.1,48,Vessel_4175,Tanker,SGP,9004174,Under Way,Arabian Sea
400004175,2026-01-03T21:35:00,-0.560638,65.49576,2.3,144.5,273,Vessel_4176,Cargo,SGP,9004175,Anchored,Indian Ocean
400004176,2026-01-03T21:36:00,15.862886,73.681723,21.4,261.1,75,Vessel_4177,Container,LBR,9004176,Under Way,Arabian Sea
400004177,2026-01-03T21:37:00,13.102431,81.470116,5.3,280.1,5,Vessel_4178,Cargo,PAN,9004177,Under Way,Bay of Bengal
400004178,2026-01-03T21:38:00,7.701742,89.664134,9.7,14.1,229,Vessel_4179,Bulk Carrier,LBR,9004178,Under Way,Bay of Bengal
400004179,2026-01-03T21:39:00,18.136885,91.143431,16.1,234.0,324,Vessel_4180,Fishing,MHL,9004179,Anchored,Bay of Bengal
400004180,2026-01-03T21:40:00,11.182376,95.990843,15.6,326.7,154,Vessel_4181,Tanker,MHL,9004180,Moored,Indian Ocean
400004181,2026-01-03T21:41:00,13.275513,82.413684,0.9,233.5,91,Vessel_4182,Container,IND,9004181,Under Way,Bay of Bengal
400004182,2026-01-03T21:42:00,21.651201,68.97916,19.4,133.0,37,Vessel_4183,Tanker,MHL,9004182,Moored,Arabian Sea
400004183,2026-01-03T21:43:00,21.430995,82.603536,17.6,288.8,70,Vessel_4184,Container,PAN,9004183,Under Way,Bay of Bengal
400004184,2026-01-03T21:44:00,10.888039,95.936529,9.6,291.1,272,Vessel_4185,Fishing,SGP,9004184,Moored,Bay of Bengal
400004185,2026-01-03T21:45:00,14.707922,71.880064,16.6,342.3,119,Vessel_4186,Fishing,MHL,9004185,Anchored,Arabian Sea
400004186,2026-01-03T21:46:00,-4.441593,82.222044,2.3,197.9,261,Vessel_4187,Fishing,SGP,9004186,Anchored,Indian Ocean
400004187,2026-01-03T21:47:00,-4.248883,86.824709,3.7,299.5,281,Vessel_4188,Bulk Carrier,MHL,9004187,Under Way,Indian Ocean
400004188,2026-01-03T21:48:00,20.038866,93.276687,0.9,64.9,118,Vessel_4189,Container,LBR,9004188,Moored,Bay of Bengal
400004189,2026-01-03T21:49:00,6.581465,67.283921,8.1,84.5,41,Vessel_4190,Bulk Carrier,MHL,9004189,Moored,Arabian Sea
400004190,2026-01-03T21:50:00,18.489242,68.016013,7.0,112.2,239,Vessel_4191,Tanker,PAN,9004190,Under Way,Arabian Sea
400004191,2026-01-03T21:51:00,21.717895,97.939882,0.1,172.1,3,Vessel_4192,Fishing,MHL,9004191,Anchored,Bay of Bengal
400004192,2026-01-03T21:52:00,-1.523421,83.114747,13.5,327.7,101,Vessel_4193,Container,LBR,9004192,Anchored,Indian Ocean
400004193,2026-01-03T21:53:00,2.484458,98.32767,2.8,25.4,279,Vessel_4194,Tanker,PAN,9004193,Moored,Indian Ocean
400004194,2026-01-03T21:54:00,6.240308,94.060562,5.7,100.3,183,Vessel_4195,Container,SGP,9004194,Under Way,Bay of Bengal
400004195,2026-01-03T21:55:00,14.905883,86.059645,4.3,303.8,96,Vessel_4196,Tanker,PAN,9004195,Moored,Bay of Bengal
400004196,2026-01-03T21:56:00,12.020375,56.925348,9.1,236.7,181,Vessel_4197,Tanker,IND,9004196,Under Way,Arabian Sea
400004197,2026-01-03T21:57:00,2.32163,72.344898,2.4,82.7,219,Vessel_4198,Cargo,LBR,9004197,Anchored,Indian Ocean
400004198,2026-01-03T21:58:00,8.162187,97.711261,7.4,10.9,33,Vessel_4199,Bulk Carrier,SGP,9004198,Anchored,Indian Ocean
400004199,2026-01-03T21:59:00,7.813336,60.216297,9.2,252.0,257,Vessel_4200,Bulk Carrier,IND,9004199,Moored,Arabian Sea
400004200,2026-01-03T22:00:00,22.670394,71.521183,3.8,227.4,279,Vessel_4201,Tanker,SGP,9004200,Moored,Arabian Sea
400004201,2026-01-03T22:01:00,13.826966,72.73686,19.2,292.9,334,Vessel_4202,Fishing,SGP,9004201,Anchored,Arabian Sea
400004202,2026-01-03T22:02:00,16.470674,93.351024,18.7,114.9,71,Vessel_4203,Tanker,IND,9004202,Under Way,Bay of Bengal
400004203,2026-01-03T22:03:00,17.736476,97.063834,9.3,271.9,254,Vessel_4204,Cargo,IND,9004203,Under Way,Bay of Bengal
400004204,2026-01-03T22:04:00,15.307534,97.171485,5.2,354.7,8,Vessel_4205,Fishing,MHL,9004204,Anchored,Bay of Bengal
400004205,2026-01-03T22:05:00,24.479781,56.076764,9.5,275.3,297,Vessel_4206,Container,IND,9004205,Under Way,Arabian Sea
400004206,2026-01-03T22:06:00,21.28078,65.650942,11.2,6.7,213,Vessel_4207,Container,MHL,9004206,Anchored,Arabian Sea
400004207,2026-01-03T22:07:00,-7.219614,61.497381,1.0,24.3,78,Vessel_4208,Container,IND,9004207,Moored,Indian Ocean
400004208,2026-01-03T22:08:00,5.403506,81.57039,1.0,185.9,216,Vessel_4209,Tanker,LBR,9004208,Moored,Bay of Bengal
400004209,2026-01-03T22:09:00,4.117462,77.824604,17.4,68.8,32,Vessel_4210,Container,MHL,9004209,Moored,Indian Ocean
400004210,2026-01-03T22:10:00,4.347419,96.59043,0.2,238.6,10,Vessel_4211,Container,SGP,9004210,Moored,Indian Ocean
400004211,2026-01-03T22:11:00,16.292957,84.604631,15.9,110.1,66,Vessel_4212,Tanker,IND,9004211,Anchored,Bay of Bengal
400004212,2026-01-03T22:12:00,6.127837,80.809721,0.5,302.8,0,Vessel_4213,Tanker,IND,9004212,Moored,Bay of Bengal
400004213,2026-01-03T22:13:00,6.878927,82.195257,7.4,119.9,233,Vessel_4214,Fishing,PAN,9004213,Under Way,Bay of Bengal
400004214,2026-01-03T22:14:00,19.415033,70.196785,22.0,245.8,65,Vessel_4215,Cargo,MHL,9004214,Anchored,Arabian Sea
400004215,2026-01-03T22:15:00,17.835349,97.91949,10.2,235.8,250,Vessel_4216,Bulk Carrier,IND,9004215,Moored,Bay of Bengal
400004216,2026-01-03T22:16:00,14.022125,83.996396,16.7,337.8,283,Vessel_4217,Bulk Carrier,MHL,9004216,Anchored,Indian Ocean
400004217,2026-01-03T22:17:00,12.199829,93.239899,20.2,310.5,111,Vessel_4218,Fishing,LBR,9004217,Anchored,Bay of Bengal
400004218,2026-01-03T22:18:00,-7.706303,91.593358,13.3,30.2,293,Vessel_4219,Cargo,MHL,9004218,Anchored,Indian Ocean
400004219,2026-01-03T22:19:00,9.075832,66.429476,6.1,171.1,19,Vessel_4220,Container,PAN,9004219,Under Way,Indian Ocean
400004220,2026-01-03T22:20:00,-2.41262,73.663303,11.0,333.7,43,Vessel_4221,Bulk Carrier,SGP,9004220,Anchored,Indian Ocean
400004221,2026-01-03T22:21:00,15.771019,72.976567,0.7,345.3,296,Vessel_4222,Bulk Carrier,PAN,9004221,Moored,Arabian Sea
400004222,2026-01-03T22:22:00,-8.798497,85.055142,17.5,124.9,248,Vessel_4223,Container,MHL,9004222,Anchored,Indian Ocean
400004223,2026-01-03T22:23:00,-4.218827,82.749116,16.9,193.6,166,Vessel_4224,Cargo,LBR,9004223,Moored,Indian Ocean
400004224,2026-01-03T22:24:00,5.659364,73.010551,18.2,215.7,120,Vessel_4225,Fishing,SGP,9004224,Anchored,Arabian Sea
400004225,2026-01-03T22:25:00,18.485442,61.324002,0.7,147.4,264,Vessel_4226,Container,LBR,9004225,Anchored,Arabian Sea
400004226,2026-01-03T22:26:00,7.805451,56.090854,10.3,227.9,181,Vessel_4227,Cargo,LBR,9004226,Moored,Arabian Sea
400004227,2026-01-03T22:27:00,-1.62685,62.206793,19.7,128.9,332,Vessel_4228,Container,PAN,9004227,Under Way,Indian Ocean
400004228,2026-01-03T22:28:00,-0.411684,71.296622,16.7,12.9,264,Vessel_4229,Fishing,LBR,9004228,Anchored,Indian Ocean
400004229,2026-01-03T22:29:00,16.875242,89.060039,11.6,349.0,300,Vessel_4230,Cargo,SGP,9004229,Under Way,Bay of Bengal
400004230,2026-01-03T22:30:00,19.805344,64.110638,3.1,239.1,141,Vessel_4231,Tanker,MHL,9004230,Anchored,Arabian Sea
400004231,2026-01-03T22:31:00,17.916845,81.224917,2.7,62.4,206,Vessel_4232,Tanker,LBR,9004231,Anchored,Bay of Bengal
400004232,2026-01-03T22:32:00,4.753439,87.714022,19.6,100.3,11,Vessel_4233,Container,MHL,9004232,Anchored,Indian Ocean
400004233,2026-01-03T22:33:00,13.219081,89.3927,5.7,98.2,221,Vessel_4234,Cargo,PAN,9004233,Anchored,Bay of Bengal
400004234,2026-01-03T22:34:00,6.008,84.657701,12.1,168.7,58,Vessel_4235,Tanker,IND,9004234,Moored,Bay of Bengal
400004235,2026-01-03T22:35:00,12.925421,80.248035,5.3,117.1,24,Vessel_4236,Container,PAN,9004235,Under Way,Bay of Bengal
400004236,2026-01-03T22:36:00,14.271617,57.692076,18.5,236.7,271,Vessel_4237,Fishing,MHL,9004236,Anchored,Arabian Sea
400004237,2026-01-03T22:37:00,16.764264,84.028769,17.8,21.5,109,Vessel_4238,Tanker,PAN,9004237,Under Way,Indian Ocean
400004238,2026-01-03T22:38:00,19.478367,92.111961,9.7,213.5,256,Vessel_4239,Fishing,MHL,9004238,Under Way,Indian Ocean
400004239,2026-01-03T22:39:00,11.867036,90.324987,6.2,8.0,270,Vessel_4240,Tanker,IND,9004239,Moored,Bay of Bengal
400004240,2026-01-03T22:40:00,6.183757,65.233152,16.9,103.5,69,Vessel_4241,Cargo,IND,9004240,Anchored,Arabian Sea
400004241,2026-01-03T22:41:00,16.718776,94.680631,2.1,282.6,85,Vessel_4242,Bulk Carrier,PAN,9004241,Moored,Bay of Bengal
400004242,2026-01-03T22:42:00,22.950733,64.492591,0.5,97.4,235,Vessel_4243,Container,SGP,9004242,Moored,Arabian Sea
400004243,2026-01-03T22:43:00,12.081995,62.62666,15.0,106.3,352,Vessel_4244,Container,SGP,9004243,Anchored,Arabian Sea
400004244,2026-01-03T22:44:00,11.304048,72.506784,14.8,73.8,37,Vessel_4245,Container,PAN,9004244,Under Way,Arabian Sea
400004245,2026-01-03T22:45:00,-8.006156,83.674905,20.2,9.7,70,Vessel_4246,Tanker,LBR,9004245,Under Way,Indian Ocean
400004246,2026-01-03T22:46:00,6.741833,93.266096,14.3,73.2,16,Vessel_4247,Container,SGP,9004246,Under Way,Bay of Bengal
400004247,2026-01-03T22:47:00,24.555416,61.18584,3.6,310.4,224,Vessel_4248,Cargo,PAN,9004247,Under Way,Arabian Sea
400004248,2026-01-03T22:48:00,-2.034574,65.443567,17.0,43.1,209,Vessel_4249,Tanker,PAN,9004248,Moored,Indian Ocean
400004249,2026-01-03T22:49:00,7.126263,84.444386,5.9,50.9,359,Vessel_4250,Tanker,MHL,9004249,Anchored,Indian Ocean
400004250,2026-01-03T22:50:00,10.347921,87.89459,17.0,315.2,274,Vessel_4251,Cargo,LBR,9004250,Moored,Bay of Bengal
400004251,2026-01-03T22:51:00,19.396733,67.497321,1.3,38.2,313,Vessel_4252,Fishing,PAN,9004251,Under Way,Arabian Sea
400004252,2026-01-03T22:52:00,20.981445,57.671328,7.6,133.0,117,Vessel_4253,Container,MHL,9004252,Under Way,Arabian Sea
400004253,2026-01-03T22:53:00,-3.812374,86.786524,20.5,119.6,330,Vessel_4254,Cargo,MHL,9004253,Moored,Indian Ocean
400004254,2026-01-03T22:54:00,11.721265,73.521146,10.9,16.4,254,Vessel_4255,Fishing,IND,9004254,Moored,Arabian Sea
400004255,2026-01-03T22:55:00,16.47559,85.218085,9.9,76.0,132,Vessel_4256,Container,SGP,9004255,Anchored,Indian Ocean
400004256,2026-01-03T22:56:00,10.609975,69.024638,10.8,173.2,146,Vessel_4257,Container,MHL,9004256,Anchored,Arabian Sea
400004257,2026-01-03T22:57:00,18.503503,84.415077,6.7,101.3,27,Vessel_4258,Tanker,LBR,9004257,Under Way,Bay of Bengal
400004258,2026-01-03T22:58:00,14.661101,95.728215,20.3,140.1,279,Vessel_4259,Bulk Carrier,SGP,9004258,Moored,Bay of Bengal
400004259,2026-01-03T22:59:00,3.724234,92.249097,17.7,178.4,303,Vessel_4260,Cargo,MHL,9004259,Anchored,Indian Ocean
400004260,2026-01-03T23:00:00,15.960311,86.128987,8.4,209.2,71,Vessel_4261,Tanker,IND,9004260,Anchored,Indian Ocean
400004261,2026-01-03T23:01:00,14.355769,72.194163,5.6,351.0,101,Vessel_4262,Fishing,LBR,9004261,Under Way,Arabian Sea
400004262,2026-01-03T23:02:00,20.113322,56.208931,18.3,220.6,113,Vessel_4263,Cargo,PAN,9004262,Anchored,Arabian Sea
400004263,2026-01-03T23:03:00,13.807204,57.866479,20.9,129.4,53,Vessel_4264,Bulk Carrier,PAN,9004263,Under Way,Arabian Sea
400004264,2026-01-03T23:04:00,18.712753,70.47703,4.8,133.5,332,Vessel_4265,Cargo,MHL,9004264,Anchored,Arabian Sea
400004265,2026-01-03T23:05:00,18.479731,66.949734,20.6,92.9,136,Vessel_4266,Cargo,LBR,9004265,Moored,Arabian Sea
400004266,2026-01-03T23:06:00,0.724627,87.427163,5.3,32.6,255,Vessel_4267,Fishing,PAN,9004266,Moored,Indian Ocean
400004267,2026-01-03T23:07:00,17.340448,86.050219,17.6,217.0,181,Vessel_4268,Fishing,PAN,9004267,Anchored,Bay of Bengal
400004268,2026-01-03T23:08:00,5.212219,64.638986,9.9,69.3,55,Vessel_4269,Bulk Carrier,PAN,9004268,Moored,Indian Ocean
400004269,2026-01-03T23:09:00,15.895016,92.040806,9.7,38.2,117,Vessel_4270,Cargo,SGP,9004269,Moored,Indian Ocean
400004270,2026-01-03T23:10:00,20.337995,82.905225,13.2,74.9,340,Vessel_4271,Cargo,LBR,9004270,Anchored,Bay of Bengal
400004271,2026-01-03T23:11:00,14.233394,73.362439,6.0,10.9,341,Vessel_4272,Container,IND,9004271,Anchored,Arabian Sea
400004272,2026-01-03T23:12:00,17.690468,73.454257,8.1,29.0,282,Vessel_4273,Bulk Carrier,SGP,9004272,Moored,Indian Ocean
400004273,2026-01-03T23:13:00,24.140035,74.296478,7.7,336.6,67,Vessel_4274,Fishing,MHL,9004273,Under Way,Arabian Sea
400004274,2026-01-03T23:14:00,14.536558,67.996988,14.9,121.5,182,Vessel_4275,Cargo,MHL,9004274,Moored,Arabian Sea
400004275,2026-01-03T23:15:00,13.847068,73.625053,9.2,172.9,139,Vessel_4276,Cargo,SGP,9004275,Moored,Arabian Sea
400004276,2026-01-03T23:16:00,11.366911,60.299895,20.0,82.3,327,Vessel_4277,Bulk Carrier,SGP,9004276,Moored,Arabian Sea
400004277,2026-01-03T23:17:00,19.309031,65.400592,4.8,150.1,296,Vessel_4278,Cargo,IND,9004277,Anchored,Arabian Sea
400004278,2026-01-03T23:18:00,5.821286,57.759068,0.0,158.3,84,Vessel_4279,Tanker,PAN,9004278,Under Way,Arabian Sea
400004279,2026-01-03T23:19:00,8.799211,98.150373,15.3,138.3,291,Vessel_4280,Bulk Carrier,PAN,9004279,Under Way,Indian Ocean
400004280,2026-01-03T23:20:00,6.160814,96.246871,10.5,40.0,13,Vessel_4281,Container,SGP,9004280,Under Way,Bay of Bengal
400004281,2026-01-03T23:21:00,7.033843,67.781816,12.2,79.7,340,Vessel_4282,Fishing,PAN,9004281,Under Way,Indian Ocean
400004282,2026-01-03T23:22:00,15.585845,95.143339,10.3,305.1,116,Vessel_4283,Tanker,SGP,9004282,Moored,Bay of Bengal
400004283,2026-01-03T23:23:00,21.811369,96.003589,6.1,30.7,159,Vessel_4284,Fishing,PAN,9004283,Under Way,Bay of Bengal
400004284,2026-01-03T23:24:00,18.687277,64.07737,20.1,133.9,327,Vessel_4285,Tanker,MHL,9004284,Under Way,Arabian Sea
400004285,2026-01-03T23:25:00,14.249881,80.333672,13.4,169.5,88,Vessel_4286,Tanker,MHL,9004285,Moored,Bay of Bengal
400004286,2026-01-03T23:26:00,4.327673,94.856441,20.8,43.5,299,Vessel_4287,Container,PAN,9004286,Under Way,Indian Ocean
400004287,2026-01-03T23:27:00,16.924179,67.86361,7.1,148.5,19,Vessel_4288,Cargo,SGP,9004287,Under Way,Arabian Sea
400004288,2026-01-03T23:28:00,21.257195,71.213821,20.0,320.8,264,Vessel_4289,Bulk Carrier,PAN,9004288,Under Way,Arabian Sea
400004289,2026-01-03T23:29:00,11.133233,94.212078,0.7,60.1,7,Vessel_4290,Fishing,MHL,9004289,Moored,Bay of Bengal
400004290,2026-01-03T23:30:00,20.887314,72.274483,19.5,101.6,34,Vessel_4291,Bulk Carrier,PAN,9004290,Under Way,Arabian Sea
400004291,2026-01-03T23:31:00,24.094872,69.684903,2.7,79.4,12,Vessel_4292,Tanker,LBR,9004291,Moored,Arabian Sea
400004292,2026-01-03T23:32:00,6.387788,79.744996,7.7,251.5,248,Vessel_4293,Container,PAN,9004292,Moored,Indian Ocean
400004293,2026-01-03T23:33:00,0.142532,99.63567,12.9,206.4,49,Vessel_4294,Container,PAN,9004293,Under Way,Indian Ocean
400004294,2026-01-03T23:34:00,15.516421,96.357172,3.9,89.1,211,Vessel_4295,Fishing,PAN,9004294,Moored,Bay of Bengal
400004295,2026-01-03T23:35:00,7.174913,83.203665,9.4,121.7,276,Vessel_4296,Tanker,PAN,9004295,Moored,Bay of Bengal
400004296,2026-01-03T23:36:00,5.787202,70.864598,20.2,233.8,138,Vessel_4297,Container,IND,9004296,Moored,Arabian Sea
400004297,2026-01-03T23:37:00,-2.22249,76.054643,2.3,314.8,133,Vessel_4298,Cargo,PAN,9004297,Moored,Indian Ocean
400004298,2026-01-03T23:38:00,22.166282,73.085036,2.3,281.5,193,Vessel_4299,Bulk Carrier,PAN,9004298,Under Way,Arabian Sea
400004299,2026-01-03T23:39:00,14.450517,92.218119,14.8,249.5,288,Vessel_4300,Fishing,PAN,9004299,Moored,Bay of Bengal
400004300,2026-01-03T23:40:00,12.590817,91.170696,21.1,30.9,202,Vessel_4301,Bulk Carrier,LBR,9004300,Moored,Bay of Bengal
400004301,2026-01-03T23:41:00,24.566742,60.793938,2.0,160.7,120,Vessel_4302,Fishing,LBR,9004301,Moored,Arabian Sea
400004302,2026-01-03T23:42:00,16.783027,68.665053,10.4,26.0,81,Vessel_4303,Container,MHL,9004302,Under Way,Indian Ocean
400004303,2026-01-03T23:43:00,13.623202,60.319397,14.9,214.6,75,Vessel_4304,Container,SGP,9004303,Anchored,Arabian Sea
400004304,2026-01-03T23:44:00,-9.562301,77.615835,6.4,173.2,301,Vessel_4305,Cargo,LBR,9004304,Anchored,Indian Ocean
400004305,2026-01-03T23:45:00,21.036015,71.760056,8.2,282.3,91,Vessel_4306,Bulk Carrier,MHL,9004305,Under Way,Arabian Sea
400004306,2026-01-03T23:46:00,21.673587,70.469111,20.7,79.2,81,Vessel_4307,Bulk Carrier,SGP,9004306,Anchored,Arabian Sea
400004307,2026-01-03T23:47:00,7.002767,86.555706,19.6,355.5,37,Vessel_4308,Cargo,SGP,9004307,Under Way,Bay of Bengal
400004308,2026-01-03T23:48:00,16.051332,61.82827,14.5,309.6,178,Vessel_4309,Fishing,IND,9004308,Anchored,Arabian Sea
400004309,2026-01-03T23:49:00,7.83723,61.098693,7.5,139.4,10,Vessel_4310,Tanker,MHL,9004309,Moored,Arabian Sea
400004310,2026-01-03T23:50:00,15.622235,95.018468,7.3,176.3,275,Vessel_4311,Cargo,LBR,9004310,Moored,Indian Ocean
400004311,2026-01-03T23:51:00,-8.614668,98.149242,0.7,323.8,137,Vessel_4312,Tanker,SGP,9004311,Moored,Indian Ocean
400004312,2026-01-03T23:52:00,10.752423,83.402867,12.9,116.0,274,Vessel_4313,Container,MHL,9004312,Moored,Bay of Bengal
400004313,2026-01-03T23:53:00,19.938963,77.752337,15.8,158.4,14,Vessel_4314,Bulk Carrier,IND,9004313,Anchored,Indian Ocean
400004314,2026-01-03T23:54:00,5.49788,60.447115,8.3,298.5,122,Vessel_4315,Cargo,LBR,9004314,Under Way,Arabian Sea
400004315,2026-01-03T23:55:00,20.678681,69.665113,1.7,311.5,249,Vessel_4316,Container,PAN,9004315,Under Way,Arabian Sea
400004316,2026-01-03T23:56:00,14.516929,81.484067,16.0,296.5,195,Vessel_4317,Cargo,MHL,9004316,Moored,Bay of Bengal
400004317,2026-01-03T23:57:00,12.42327,95.749754,19.9,320.2,250,Vessel_4318,Container,IND,9004317,Moored,Bay of Bengal
400004318,2026-01-03T23:58:00,9.334434,86.743813,11.0,154.0,268,Vessel_4319,Cargo,PAN,9004318,Moored,Bay of Bengal
400004319,2026-01-03T23:59:00,4.984171,62.682744,3.7,181.6,119,Vessel_4320,Tanker,PAN,9004319,Under Way,Indian Ocean
400004320,2026-01-04T00:00:00,12.020395,80.124528,10.3,150.2,132,Vessel_4321,Fishing,SGP,9004320,Under Way,Indian Ocean
400004321,2026-01-04T00:01:00,-5.169003,68.198174,4.8,312.2,268,Vessel_4322,Cargo,IND,9004321,Anchored,Indian Ocean
400004322,2026-01-04T00:02:00,13.564414,60.571941,15.4,44.1,70,Vessel_4323,Tanker,PAN,9004322,Moored,Indian Ocean
400004323,2026-01-04T00:03:00,21.11728,84.654215,17.2,150.7,247,Vessel_4324,Tanker,PAN,9004323,Moored,Bay of Bengal
400004324,2026-01-04T00:04:00,6.877871,97.11107,14.3,136.4,3,Vessel_4325,Container,PAN,9004324,Anchored,Bay of Bengal
400004325,2026-01-04T00:05:00,7.672895,69.22693,1.9,35.4,351,Vessel_4326,Container,PAN,9004325,Anchored,Indian Ocean
400004326,2026-01-04T00:06:00,2.020149,96.825006,18.0,339.7,204,Vessel_4327,Container,LBR,9004326,Moored,Indian Ocean
400004327,2026-01-04T00:07:00,11.542737,95.503899,10.6,141.5,287,Vessel_4328,Container,SGP,9004327,Under Way,Bay of Bengal
400004328,2026-01-04T00:08:00,10.136428,97.133024,18.7,50.1,223,Vessel_4329,Container,PAN,9004328,Anchored,Indian Ocean
400004329,2026-01-04T00:09:00,6.412193,62.275136,6.3,223.7,265,Vessel_4330,Bulk Carrier,MHL,9004329,Under Way,Arabian Sea
400004330,2026-01-04T00:10:00,6.74935,79.506023,3.2,129.5,141,Vessel_4331,Cargo,SGP,9004330,Under Way,Indian Ocean
400004331,2026-01-04T00:11:00,6.309085,92.596968,8.0,14.6,310,Vessel_4332,Cargo,MHL,9004331,Moored,Bay of Bengal
400004332,2026-01-04T00:12:00,18.321818,84.178872,11.6,281.9,141,Vessel_4333,Tanker,IND,9004332,Anchored,Bay of Bengal
400004333,2026-01-04T00:13:00,7.374775,87.46794,21.1,72.6,19,Vessel_4334,Cargo,SGP,9004333,Under Way,Bay of Bengal
400004334,2026-01-04T00:14:00,9.201919,83.491652,12.0,68.2,290,Vessel_4335,Cargo,SGP,9004334,Under Way,Bay of Bengal
400004335,2026-01-04T00:15:00,7.169884,57.240766,19.1,94.4,10,Vessel_4336,Bulk Carrier,PAN,9004335,Anchored,Arabian Sea
400004336,2026-01-04T00:16:00,5.953312,73.725526,11.0,133.4,356,Vessel_4337,Container,PAN,9004336,Under Way,Indian Ocean
400004337,2026-01-04T00:17:00,1.780861,73.744112,6.1,147.9,234,Vessel_4338,Container,PAN,9004337,Anchored,Indian Ocean
400004338,2026-01-04T00:18:00,18.610959,68.444837,1.6,162.7,292,Vessel_4339,Fishing,SGP,9004338,Moored,Indian Ocean
400004339,2026-01-04T00:19:00,3.688298,97.017131,14.4,117.8,203,Vessel_4340,Bulk Carrier,MHL,9004339,Anchored,Indian Ocean
400004340,2026-01-04T00:20:00,18.141002,59.066674,18.5,255.6,294,Vessel_4341,Container,MHL,9004340,Anchored,Arabian Sea
400004341,2026-01-04T00:21:00,-2.489919,78.559011,11.7,50.6,349,Vessel_4342,Bulk Carrier,IND,9004341,Moored,Indian Ocean
400004342,2026-01-04T00:22:00,17.000116,69.999443,21.9,278.2,221,Vessel_4343,Cargo,PAN,9004342,Anchored,Arabian Sea
400004343,2026-01-04T00:23:00,-0.804435,78.821077,15.5,60.4,100,Vessel_4344,Bulk Carrier,MHL,9004343,Anchored,Indian Ocean
400004344,2026-01-04T00:24:00,13.632284,72.200117,18.4,174.2,302,Vessel_4345,Bulk Carrier,SGP,9004344,Anchored,Arabian Sea
400004345,2026-01-04T00:25:00,14.59802,95.092231,19.5,17.5,2,Vessel_4346,Cargo,LBR,9004345,Under Way,Bay of Bengal
400004346,2026-01-04T00:26:00,12.770064,87.187012,21.9,112.3,346,Vessel_4347,Cargo,IND,9004346,Under Way,Indian Ocean
400004347,2026-01-04T00:27:00,18.653225,78.167863,2.2,46.2,187,Vessel_4348,Tanker,MHL,9004347,Under Way,Indian Ocean
400004348,2026-01-04T00:28:00,-1.779514,74.073716,17.5,61.6,156,Vessel_4349,Container,LBR,9004348,Moored,Indian Ocean
400004349,2026-01-04T00:29:00,8.010087,56.87701,7.4,146.5,323,Vessel_4350,Cargo,MHL,9004349,Under Way,Arabian Sea
400004350,2026-01-04T00:30:00,0.584213,80.876951,6.3,262.7,196,Vessel_4351,Cargo,PAN,9004350,Under Way,Indian Ocean
400004351,2026-01-04T00:31:00,6.1538,98.176381,0.3,19.3,253,Vessel_4352,Container,PAN,9004351,Moored,Indian Ocean
400004352,2026-01-04T00:32:00,15.145525,62.621831,6.0,57.3,72,Vessel_4353,Container,MHL,9004352,Anchored,Indian Ocean
400004353,2026-01-04T00:33:00,20.060471,61.930504,10.7,132.5,307,Vessel_4354,Cargo,SGP,9004353,Under Way,Arabian Sea
400004354,2026-01-04T00:34:00,-8.37676,83.370297,20.7,202.8,238,Vessel_4355,Tanker,SGP,9004354,Anchored,Indian Ocean
400004355,2026-01-04T00:35:00,5.066461,96.701709,4.4,8.6,317,Vessel_4356,Tanker,LBR,9004355,Anchored,Bay of Bengal
400004356,2026-01-04T00:36:00,18.385492,58.477805,14.9,252.2,123,Vessel_4357,Cargo,LBR,9004356,Anchored,Arabian Sea
400004357,2026-01-04T00:37:00,9.292081,79.580753,7.8,92.4,203,Vessel_4358,Tanker,LBR,9004357,Under Way,Indian Ocean
400004358,2026-01-04T00:38:00,11.068453,97.046245,7.4,111.3,54,Vessel_4359,Container,LBR,9004358,Under Way,Bay of Bengal
400004359,2026-01-04T00:39:00,23.182748,63.125732,2.3,320.0,126,Vessel_4360,Fishing,SGP,9004359,Moored,Arabian Sea
400004360,2026-01-04T00:40:00,16.098853,84.288659,3.9,254.1,71,Vessel_4361,Tanker,PAN,9004360,Under Way,Indian Ocean
400004361,2026-01-04T00:41:00,-7.053342,95.38809,18.3,79.9,127,Vessel_4362,Fishing,IND,9004361,Anchored,Indian Ocean
400004362,2026-01-04T00:42:00,14.450995,72.09356,11.9,220.1,169,Vessel_4363,Fishing,SGP,9004362,Anchored,Arabian Sea
400004363,2026-01-04T00:43:00,13.043623,83.873931,19.5,202.8,67,Vessel_4364,Fishing,MHL,9004363,Under Way,Bay of Bengal
400004364,2026-01-04T00:44:00,13.998445,57.238443,13.2,53.1,226,Vessel_4365,Container,MHL,9004364,Under Way,Arabian Sea
400004365,2026-01-04T00:45:00,10.904526,74.505263,10.2,330.3,147,Vessel_4366,Cargo,IND,9004365,Moored,Indian Ocean
400004366,2026-01-04T00:46:00,13.428448,68.46681,21.6,12.1,200,Vessel_4367,Container,MHL,9004366,Under Way,Arabian Sea
400004367,2026-01-04T00:47:00,5.077106,60.522123,5.5,141.4,110,Vessel_4368,Bulk Carrier,PAN,9004367,Anchored,Arabian Sea
400004368,2026-01-04T00:48:00,8.57451,82.886625,17.1,290.2,214,Vessel_4369,Fishing,IND,9004368,Anchored,Bay of Bengal
400004369,2026-01-04T00:49:00,8.126202,70.202948,20.3,2.7,28,Vessel_4370,Bulk Carrier,SGP,9004369,Under Way,Arabian Sea
400004370,2026-01-04T00:50:00,11.765549,89.004066,7.0,165.8,24,Vessel_4371,Fishing,LBR,9004370,Moored,Bay of Bengal
400004371,2026-01-04T00:51:00,16.367122,81.915624,13.2,78.4,276,Vessel_4372,Container,SGP,9004371,Under Way,Bay of Bengal
400004372,2026-01-04T00:52:00,5.871959,55.867749,1.3,151.9,324,Vessel_4373,Cargo,PAN,9004372,Moored,Arabian Sea
400004373,2026-01-04T00:53:00,15.814004,85.815549,10.5,160.1,169,Vessel_4374,Container,LBR,9004373,Anchored,Indian Ocean
400004374,2026-01-04T00:54:00,2.395636,79.177368,12.2,111.0,236,Vessel_4375,Tanker,SGP,9004374,Anchored,Indian Ocean
400004375,2026-01-04T00:55:00,18.658231,91.479003,4.8,255.5,193,Vessel_4376,Container,LBR,9004375,Moored,Bay of Bengal
400004376,2026-01-04T00:56:00,20.950666,93.882043,7.4,268.7,102,Vessel_4377,Container,IND,9004376,Anchored,Bay of Bengal
400004377,2026-01-04T00:57:00,13.416366,85.644479,21.7,24.4,263,Vessel_4378,Container,IND,9004377,Moored,Bay of Bengal
400004378,2026-01-04T00:58:00,11.730016,92.143146,7.9,293.3,184,Vessel_4379,Fishing,LBR,9004378,Anchored,Bay of Bengal
400004379,2026-01-04T00:59:00,5.21432,94.141539,14.1,276.1,117,Vessel_4380,Cargo,LBR,9004379,Moored,Bay of Bengal
400004380,2026-01-04T01:00:00,7.608586,90.24864,8.7,97.7,131,Vessel_4381,Cargo,IND,9004380,Under Way,Bay of Bengal
400004381,2026-01-04T01:01:00,-5.207324,98.830478,2.8,33.2,135,Vessel_4382,Container,PAN,9004381,Anchored,Indian Ocean
400004382,2026-01-04T01:02:00,9.016927,93.567162,4.4,230.2,117,Vessel_4383,Bulk Carrier,LBR,9004382,Anchored,Indian Ocean
400004383,2026-01-04T01:03:00,10.460316,60.694804,20.6,110.2,29,Vessel_4384,Cargo,MHL,9004383,Anchored,Arabian Sea
400004384,2026-01-04T01:04:00,15.902465,59.413585,10.7,64.2,286,Vessel_4385,Cargo,IND,9004384,Under Way,Arabian Sea
400004385,2026-01-04T01:05:00,13.374897,74.468146,16.7,111.8,343,Vessel_4386,Cargo,MHL,9004385,Under Way,Indian Ocean
400004386,2026-01-04T01:06:00,17.147111,62.385613,1.9,355.1,341,Vessel_4387,Container,MHL,9004386,Anchored,Arabian Sea
400004387,2026-01-04T01:07:00,16.139838,55.511544,17.7,243.0,341,Vessel_4388,Fishing,PAN,9004387,Under Way,Arabian Sea
400004388,2026-01-04T01:08:00,-8.366944,81.830799,11.8,76.3,336,Vessel_4389,Container,LBR,9004388,Anchored,Indian Ocean
400004389,2026-01-04T01:09:00,16.679647,80.43285,20.9,157.4,79,Vessel_4390,Container,PAN,9004389,Anchored,Bay of Bengal
400004390,2026-01-04T01:10:00,21.669215,86.791144,6.8,201.8,220,Vessel_4391,Tanker,MHL,9004390,Moored,Bay of Bengal
400004391,2026-01-04T01:11:00,8.576147,87.352544,3.5,244.9,182,Vessel_4392,Tanker,MHL,9004391,Anchored,Bay of Bengal
400004392,2026-01-04T01:12:00,14.847784,86.015562,13.9,59.3,244,Vessel_4393,Cargo,LBR,9004392,Anchored,Bay of Bengal
400004393,2026-01-04T01:13:00,12.523436,65.853714,17.8,279.3,167,Vessel_4394,Bulk Carrier,SGP,9004393,Anchored,Indian Ocean
400004394,2026-01-04T01:14:00,17.640145,61.083403,18.2,148.2,276,Vessel_4395,Fishing,SGP,9004394,Anchored,Arabian Sea
400004395,2026-01-04T01:15:00,19.553112,60.409639,3.9,280.4,348,Vessel_4396,Cargo,PAN,9004395,Moored,Arabian Sea
400004396,2026-01-04T01:16:00,19.879056,97.606538,9.2,37.8,180,Vessel_4397,Tanker,PAN,9004396,Moored,Bay of Bengal
400004397,2026-01-04T01:17:00,12.309386,63.477365,1.1,135.9,262,Vessel_4398,Bulk Carrier,SGP,9004397,Moored,Indian Ocean
400004398,2026-01-04T01:18:00,1.583401,89.55292,11.4,187.3,241,Vessel_4399,Fishing,SGP,9004398,Anchored,Indian Ocean
400004399,2026-01-04T01:19:00,15.269205,97.729638,19.6,270.7,348,Vessel_4400,Fishing,PAN,9004399,Under Way,Bay of Bengal
400004400,2026-01-04T01:20:00,18.712292,84.863327,7.1,287.2,117,Vessel_4401,Container,PAN,9004400,Under Way,Indian Ocean
400004401,2026-01-04T01:21:00,19.250507,69.114325,14.4,311.9,278,Vessel_4402,Cargo,MHL,9004401,Under Way,Indian Ocean
400004402,2026-01-04T01:22:00,12.900841,69.824032,5.9,151.1,34,Vessel_4403,Cargo,SGP,9004402,Anchored,Arabian Sea
400004403,2026-01-04T01:23:00,15.241953,94.130886,13.9,219.0,1,Vessel_4404,Tanker,SGP,9004403,Under Way,Bay of Bengal
400004404,2026-01-04T01:24:00,6.535578,59.301226,11.0,131.8,15,Vessel_4405,Tanker,SGP,9004404,Under Way,Arabian Sea
400004405,2026-01-04T01:25:00,-7.017815,66.0761,1.6,70.0,202,Vessel_4406,Cargo,IND,9004405,Anchored,Indian Ocean
400004406,2026-01-04T01:26:00,16.872941,58.548663,3.7,16.3,125,Vessel_4407,Tanker,MHL,9004406,Moored,Arabian Sea
400004407,2026-01-04T01:27:00,13.226411,80.629358,2.5,223.5,309,Vessel_4408,Tanker,SGP,9004407,Under Way,Bay of Bengal
400004408,2026-01-04T01:28:00,13.198498,79.438314,7.0,324.6,357,Vessel_4409,Tanker,IND,9004408,Moored,Indian Ocean
400004409,2026-01-04T01:29:00,18.805229,68.123166,14.1,269.9,40,Vessel_4410,Bulk Carrier,LBR,9004409,Anchored,Arabian Sea
400004410,2026-01-04T01:30:00,21.416575,58.483277,6.5,110.9,122,Vessel_4411,Container,SGP,9004410,Moored,Arabian Sea
400004411,2026-01-04T01:31:00,6.933453,96.436617,6.9,258.0,155,Vessel_4412,Bulk Carrier,MHL,9004411,Under Way,Bay of Bengal
400004412,2026-01-04T01:32:00,14.303922,67.527122,19.8,247.7,231,Vessel_4413,Tanker,SGP,9004412,Anchored,Arabian Sea
400004413,2026-01-04T01:33:00,15.660774,58.72751,0.7,91.4,23,Vessel_4414,Fishing,SGP,9004413,Moored,Arabian Sea
400004414,2026-01-04T01:34:00,11.569796,60.386811,19.1,335.0,103,Vessel_4415,Container,MHL,9004414,Moored,Indian Ocean
400004415,2026-01-04T01:35:00,8.574424,59.097904,2.5,239.1,6,Vessel_4416,Tanker,PAN,9004415,Moored,Arabian Sea
400004416,2026-01-04T01:36:00,-3.559151,70.611945,1.7,83.8,349,Vessel_4417,Container,SGP,9004416,Moored,Indian Ocean
400004417,2026-01-04T01:37:00,11.534467,86.497027,14.4,15.4,83,Vessel_4418,Tanker,SGP,9004417,Under Way,Bay of Bengal
400004418,2026-01-04T01:38:00,13.733059,66.27999,16.0,59.5,110,Vessel_4419,Cargo,LBR,9004418,Anchored,Arabian Sea
400004419,2026-01-04T01:39:00,-9.20283,89.971999,1.8,160.1,56,Vessel_4420,Tanker,LBR,9004419,Anchored,Indian Ocean
400004420,2026-01-04T01:40:00,6.110528,89.474195,21.0,2.5,163,Vessel_4421,Tanker,PAN,9004420,Under Way,Indian Ocean
400004421,2026-01-04T01:41:00,1.909309,70.263582,3.7,158.8,8,Vessel_4422,Cargo,SGP,9004421,Under Way,Indian Ocean
400004422,2026-01-04T01:42:00,7.201169,63.346774,15.1,334.3,173,Vessel_4423,Cargo,IND,9004422,Anchored,Indian Ocean
400004423,2026-01-04T01:43:00,-9.642231,91.677635,1.7,187.4,38,Vessel_4424,Tanker,PAN,9004423,Under Way,Indian Ocean
400004424,2026-01-04T01:44:00,10.479983,85.75512,11.6,180.1,83,Vessel_4425,Fishing,PAN,9004424,Anchored,Bay of Bengal
400004425,2026-01-04T01:45:00,12.591877,84.188328,10.9,89.9,231,Vessel_4426,Fishing,LBR,9004425,Under Way,Bay of Bengal
400004426,2026-01-04T01:46:00,-9.79188,86.202036,5.0,8.5,230,Vessel_4427,Bulk Carrier,PAN,9004426,Moored,Indian Ocean
400004427,2026-01-04T01:47:00,19.123224,86.115365,11.2,115.6,3,Vessel_4428,Tanker,LBR,9004427,Under Way,Bay of Bengal
400004428,2026-01-04T01:48:00,7.838965,91.542336,21.6,87.0,70,Vessel_4429,Fishing,SGP,9004428,Moored,Bay of Bengal
400004429,2026-01-04T01:49:00,7.356097,68.792096,20.0,46.8,184,Vessel_4430,Tanker,IND,9004429,Under Way,Arabian Sea
400004430,2026-01-04T01:50:00,21.528341,60.112378,9.4,70.2,196,Vessel_4431,Fishing,IND,9004430,Under Way,Arabian Sea
400004431,2026-01-04T01:51:00,7.896138,74.55507,3.9,14.9,161,Vessel_4432,Tanker,IND,9004431,Moored,Indian Ocean
400004432,2026-01-04T01:52:00,15.846626,94.974583,18.8,170.4,39,Vessel_4433,Tanker,LBR,9004432,Under Way,Bay of Bengal
400004433,2026-01-04T01:53:00,1.78631,81.630766,20.7,308.0,290,Vessel_4434,Bulk Carrier,MHL,9004433,Moored,Indian Ocean
400004434,2026-01-04T01:54:00,21.186186,91.353595,2.0,321.0,130,Vessel_4435,Tanker,LBR,9004434,Moored,Bay of Bengal
400004435,2026-01-04T01:55:00,8.124949,72.316223,6.6,245.8,126,Vessel_4436,Fishing,MHL,9004435,Under Way,Indian Ocean
400004436,2026-01-04T01:56:00,-8.126776,64.971882,21.9,340.6,140,Vessel_4437,Container,LBR,9004436,Anchored,Indian Ocean
400004437,2026-01-04T01:57:00,2.063513,77.559125,19.8,209.8,173,Vessel_4438,Cargo,PAN,9004437,Moored,Indian Ocean
400004438,2026-01-04T01:58:00,17.542489,81.735799,0.9,55.0,48,Vessel_4439,Bulk Carrier,LBR,9004438,Anchored,Bay of Bengal
400004439,2026-01-04T01:59:00,6.276724,96.19094,19.1,167.5,20,Vessel_4440,Cargo,SGP,9004439,Moored,Bay of Bengal
400004440,2026-01-04T02:00:00,16.102376,60.031651,21.7,343.7,156,Vessel_4441,Bulk Carrier,MHL,9004440,Under Way,Arabian Sea
400004441,2026-01-04T02:01:00,12.82763,82.447728,19.0,261.5,30,Vessel_4442,Fishing,PAN,9004441,Moored,Bay of Bengal
400004442,2026-01-04T02:02:00,9.329986,67.303446,5.9,202.5,242,Vessel_4443,Cargo,PAN,9004442,Moored,Indian Ocean
400004443,2026-01-04T02:03:00,4.965527,99.138804,21.1,222.4,97,Vessel_4444,Cargo,PAN,9004443,Moored,Indian Ocean
400004444,2026-01-04T02:04:00,20.159736,91.286286,3.6,323.5,15,Vessel_4445,Fishing,SGP,9004444,Moored,Bay of Bengal
400004445,2026-01-04T02:05:00,2.026517,76.94752,15.7,287.2,157,Vessel_4446,Bulk Carrier,PAN,9004445,Moored,Indian Ocean
400004446,2026-01-04T02:06:00,9.531641,92.191924,5.5,200.0,163,Vessel_4447,Bulk Carrier,PAN,9004446,Under Way,Bay of Bengal
400004447,2026-01-04T02:07:00,-2.807614,63.097632,16.1,149.5,232,Vessel_4448,Bulk Carrier,SGP,9004447,Under Way,Indian Ocean
400004448,2026-01-04T02:08:00,9.231782,97.519572,19.1,298.1,159,Vessel_4449,Tanker,LBR,9004448,Moored,Bay of Bengal
400004449,2026-01-04T02:09:00,6.130418,57.08721,9.3,88.3,30,Vessel_4450,Tanker,PAN,9004449,Moored,Arabian Sea
400004450,2026-01-04T02:10:00,6.837324,62.967152,4.3,316.7,175,Vessel_4451,Cargo,LBR,9004450,Under Way,Arabian Sea
400004451,2026-01-04T02:11:00,7.912564,95.637362,12.2,65.3,111,Vessel_4452,Cargo,PAN,9004451,Anchored,Bay of Bengal
400004452,2026-01-04T02:12:00,10.666247,60.32689,8.0,257.3,334,Vessel_4453,Container,SGP,9004452,Anchored,Arabian Sea
400004453,2026-01-04T02:13:00,20.878261,81.512949,2.3,121.9,294,Vessel_4454,Container,PAN,9004453,Moored,Bay of Bengal
400004454,2026-01-04T02:14:00,13.126871,85.19874,16.8,29.1,283,Vessel_4455,Fishing,PAN,9004454,Under Way,Bay of Bengal
400004455,2026-01-04T02:15:00,13.048262,75.142616,11.1,322.8,38,Vessel_4456,Cargo,MHL,9004455,Under Way,Indian Ocean
400004456,2026-01-04T02:16:00,24.57405,63.157408,16.6,230.4,88,Vessel_4457,Container,LBR,9004456,Anchored,Arabian Sea
400004457,2026-01-04T02:17:00,16.732717,72.568844,21.8,62.3,225,Vessel_4458,Cargo,PAN,9004457,Under Way,Arabian Sea
400004458,2026-01-04T02:18:00,17.222449,84.732844,19.4,134.5,330,Vessel_4459,Fishing,IND,9004458,Anchored,Indian Ocean
400004459,2026-01-04T02:19:00,22.081343,56.223106,7.0,42.8,188,Vessel_4460,Tanker,MHL,9004459,Under Way,Arabian Sea
400004460,2026-01-04T02:20:00,13.161819,90.239048,20.2,322.3,24,Vessel_4461,Container,LBR,9004460,Moored,Bay of Bengal
400004461,2026-01-04T02:21:00,10.201508,69.803005,21.9,9.2,257,Vessel_4462,Tanker,SGP,9004461,Anchored,Arabian Sea
400004462,2026-01-04T02:22:00,21.654768,96.273603,5.2,171.7,327,Vessel_4463,Bulk Carrier,SGP,9004462,Anchored,Bay of Bengal
400004463,2026-01-04T02:23:00,19.895543,74.755721,14.0,330.6,323,Vessel_4464,Bulk Carrier,IND,9004463,Anchored,Arabian Sea
400004464,2026-01-04T02:24:00,17.518482,90.626084,2.5,9.5,304,Vessel_4465,Bulk Carrier,SGP,9004464,Moored,Bay of Bengal
400004465,2026-01-04T02:25:00,20.52329,90.928447,19.4,52.8,32,Vessel_4466,Fishing,LBR,9004465,Moored,Bay of Bengal
400004466,2026-01-04T02:26:00,8.864779,75.430299,0.2,27.8,136,Vessel_4467,Bulk Carrier,IND,9004466,Anchored,Indian Ocean
400004467,2026-01-04T02:27:00,-9.730339,64.299244,3.6,0.8,97,Vessel_4468,Tanker,LBR,9004467,Under Way,Indian Ocean
400004468,2026-01-04T02:28:00,23.195483,70.230797,4.1,352.8,84,Vessel_4469,Fishing,MHL,9004468,Moored,Arabian Sea
400004469,2026-01-04T02:29:00,18.416443,97.320323,11.3,81.4,68,Vessel_4470,Tanker,SGP,9004469,Under Way,Bay of Bengal
400004470,2026-01-04T02:30:00,1.733321,63.197934,16.4,221.5,151,Vessel_4471,Cargo,PAN,9004470,Under Way,Indian Ocean
400004471,2026-01-04T02:31:00,15.514113,93.731479,13.6,292.4,231,Vessel_4472,Fishing,PAN,9004471,Under Way,Bay of Bengal
400004472,2026-01-04T02:32:00,23.628704,67.946626,6.3,99.9,138,Vessel_4473,Cargo,PAN,9004472,Anchored,Arabian Sea
400004473,2026-01-04T02:33:00,17.832772,59.45676,10.7,88.6,273,Vessel_4474,Bulk Carrier,IND,9004473,Moored,Arabian Sea
400004474,2026-01-04T02:34:00,14.839859,83.05383,15.5,302.7,306,Vessel_4475,Fishing,PAN,9004474,Anchored,Bay of Bengal
400004475,2026-01-04T02:35:00,16.214868,92.555525,4.7,270.5,250,Vessel_4476,Fishing,MHL,9004475,Under Way,Bay of Bengal
400004476,2026-01-04T02:36:00,-3.111338,73.600569,11.0,206.3,337,Vessel_4477,Fishing,MHL,9004476,Under Way,Indian Ocean
400004477,2026-01-04T02:37:00,12.540828,80.285643,6.9,224.6,20,Vessel_4478,Container,MHL,9004477,Under Way,Bay of Bengal
400004478,2026-01-04T02:38:00,-1.822171,86.906111,2.3,1.6,143,Vessel_4479,Cargo,MHL,9004478,Under Way,Indian Ocean
400004479,2026-01-04T02:39:00,11.820003,71.169768,16.3,314.0,271,Vessel_4480,Container,MHL,9004479,Moored,Arabian Sea
400004480,2026-01-04T02:40:00,15.522528,97.348944,9.4,5.4,316,Vessel_4481,Bulk Carrier,SGP,9004480,Anchored,Bay of Bengal
400004481,2026-01-04T02:41:00,16.500725,96.329631,8.6,325.5,167,Vessel_4482,Tanker,SGP,9004481,Under Way,Bay of Bengal
400004482,2026-01-04T02:42:00,6.772053,60.819275,8.6,238.1,194,Vessel_4483,Container,PAN,9004482,Under Way,Arabian Sea
400004483,2026-01-04T02:43:00,-9.299819,91.402195,18.8,123.9,150,Vessel_4484,Tanker,MHL,9004483,Anchored,Indian Ocean
400004484,2026-01-04T02:44:00,8.996075,72.866013,8.2,120.8,141,Vessel_4485,Cargo,LBR,9004484,Anchored,Indian Ocean
400004485,2026-01-04T02:45:00,18.356409,73.234076,18.1,259.5,213,Vessel_4486,Container,PAN,9004485,Anchored,Indian Ocean
400004486,2026-01-04T02:46:00,14.716814,72.194282,12.3,269.1,180,Vessel_4487,Cargo,PAN,9004486,Under Way,Arabian Sea
400004487,2026-01-04T02:47:00,8.41065,61.619156,18.0,197.7,148,Vessel_4488,Bulk Carrier,LBR,9004487,Moored,Arabian Sea
400004488,2026-01-04T02:48:00,-8.458646,86.386865,17.7,277.5,80,Vessel_4489,Bulk Carrier,MHL,9004488,Moored,Indian Ocean
400004489,2026-01-04T02:49:00,17.423311,66.252158,16.7,356.2,167,Vessel_4490,Cargo,SGP,9004489,Moored,Arabian Sea
400004490,2026-01-04T02:50:00,13.437967,92.215584,12.9,335.9,315,Vessel_4491,Tanker,SGP,9004490,Under Way,Bay of Bengal
400004491,2026-01-04T02:51:00,18.295469,61.788382,0.8,0.3,286,Vessel_4492,Container,IND,9004491,Anchored,Arabian Sea
400004492,2026-01-04T02:52:00,11.43496,97.653794,6.2,148.9,163,Vessel_4493,Bulk Carrier,PAN,9004492,Under Way,Indian Ocean
400004493,2026-01-04T02:53:00,6.300733,62.767626,21.9,242.6,311,Vessel_4494,Bulk Carrier,LBR,9004493,Moored,Indian Ocean
400004494,2026-01-04T02:54:00,11.674188,67.30054,9.2,112.1,222,Vessel_4495,Cargo,IND,9004494,Anchored,Arabian Sea
400004495,2026-01-04T02:55:00,15.222441,57.814746,8.8,88.3,134,Vessel_4496,Bulk Carrier,IND,9004495,Under Way,Arabian Sea
400004496,2026-01-04T02:56:00,7.96455,81.023081,4.2,51.7,91,Vessel_4497,Bulk Carrier,PAN,9004496,Moored,Indian Ocean
400004497,2026-01-04T02:57:00,18.180234,68.830872,0.9,36.8,313,Vessel_4498,Tanker,LBR,9004497,Under Way,Arabian Sea
400004498,2026-01-04T02:58:00,5.820585,84.413759,21.7,264.9,346,Vessel_4499,Cargo,IND,9004498,Moored,Bay of Bengal
400004499,2026-01-04T02:59:00,9.961883,81.56307,14.3,89.7,334,Vessel_4500,Bulk Carrier,IND,9004499,Moored,Bay of Bengal
400004500,2026-01-04T03:00:00,18.539671,67.609223,20.2,31.3,241,Vessel_4501,Fishing,MHL,9004500,Under Way,Arabian Sea
400004501,2026-01-04T03:01:00,-5.249627,96.340196,0.7,86.3,212,Vessel_4502,Bulk Carrier,LBR,9004501,Anchored,Indian Ocean
400004502,2026-01-04T03:02:00,18.313081,88.188549,18.8,122.8,233,Vessel_4503,Bulk Carrier,PAN,9004502,Anchored,Bay of Bengal
400004503,2026-01-04T03:03:00,10.079518,91.11464,1.3,89.8,258,Vessel_4504,Tanker,MHL,9004503,Anchored,Bay of Bengal
400004504,2026-01-04T03:04:00,-2.496452,74.329128,16.3,39.9,25,Vessel_4505,Cargo,LBR,9004504,Moored,Indian Ocean
400004505,2026-01-04T03:05:00,16.483966,62.429276,5.2,17.7,316,Vessel_4506,Cargo,SGP,9004505,Moored,Arabian Sea
400004506,2026-01-04T03:06:00,8.771845,73.923933,1.8,131.1,35,Vessel_4507,Container,MHL,9004506,Anchored,Arabian Sea
400004507,2026-01-04T03:07:00,17.694103,80.512854,0.5,135.2,8,Vessel_4508,Bulk Carrier,SGP,9004507,Anchored,Bay of Bengal
400004508,2026-01-04T03:08:00,12.710144,60.628817,2.3,227.0,63,Vessel_4509,Container,PAN,9004508,Moored,Arabian Sea
400004509,2026-01-04T03:09:00,12.42865,81.932524,20.6,351.3,146,Vessel_4510,Fishing,SGP,9004509,Moored,Bay of Bengal
400004510,2026-01-04T03:10:00,16.235343,88.156986,19.3,320.0,232,Vessel_4511,Cargo,IND,9004510,Under Way,Bay of Bengal
400004511,2026-01-04T03:11:00,-1.543792,77.471291,7.2,171.6,86,Vessel_4512,Container,SGP,9004511,Moored,Indian Ocean
400004512,2026-01-04T03:12:00,8.153662,69.81054,17.0,129.7,317,Vessel_4513,Cargo,LBR,9004512,Anchored,Arabian Sea
400004513,2026-01-04T03:13:00,8.216161,65.92396,11.8,190.5,286,Vessel_4514,Fishing,IND,9004513,Moored,Arabian Sea
400004514,2026-01-04T03:14:00,16.710154,88.732997,21.0,107.8,308,Vessel_4515,Container,IND,9004514,Anchored,Indian Ocean
400004515,2026-01-04T03:15:00,11.756856,84.997629,1.5,253.8,298,Vessel_4516,Container,PAN,9004515,Anchored,Indian Ocean
400004516,2026-01-04T03:16:00,19.993192,99.937471,9.5,275.5,73,Vessel_4517,Cargo,MHL,9004516,Under Way,Indian Ocean
400004517,2026-01-04T03:17:00,10.156551,74.370695,3.7,313.4,269,Vessel_4518,Bulk Carrier,LBR,9004517,Moored,Arabian Sea
400004518,2026-01-04T03:18:00,10.613973,88.886789,0.2,24.8,301,Vessel_4519,Bulk Carrier,LBR,9004518,Moored,Bay of Bengal
400004519,2026-01-04T03:19:00,0.399497,61.802077,19.7,108.2,231,Vessel_4520,Tanker,MHL,9004519,Moored,Indian Ocean
400004520,2026-01-04T03:20:00,13.470381,57.865055,14.1,123.4,22,Vessel_4521,Cargo,MHL,9004520,Moored,Arabian Sea
400004521,2026-01-04T03:21:00,6.145915,68.823846,14.7,165.7,16,Vessel_4522,Bulk Carrier,SGP,9004521,Anchored,Arabian Sea
400004522,2026-01-04T03:22:00,15.518464,61.715716,5.5,148.5,113,Vessel_4523,Container,IND,9004522,Moored,Indian Ocean
400004523,2026-01-04T03:23:00,14.985893,82.295048,15.1,31.5,137,Vessel_4524,Container,LBR,9004523,Anchored,Bay of Bengal
400004524,2026-01-04T03:24:00,14.755915,60.771626,3.9,180.5,341,Vessel_4525,Cargo,SGP,9004524,Moored,Arabian Sea
400004525,2026-01-04T03:25:00,13.32806,96.184035,7.4,32.4,181,Vessel_4526,Tanker,LBR,9004525,Anchored,Bay of Bengal
400004526,2026-01-04T03:26:00,18.066108,62.809455,7.9,168.0,354,Vessel_4527,Container,PAN,9004526,Anchored,Indian Ocean
400004527,2026-01-04T03:27:00,2.492003,94.384167,9.1,353.9,154,Vessel_4528,Tanker,MHL,9004527,Under Way,Indian Ocean
400004528,2026-01-04T03:28:00,20.881776,84.3017,5.5,229.5,174,Vessel_4529,Fishing,PAN,9004528,Anchored,Bay of Bengal
400004529,2026-01-04T03:29:00,18.912049,57.331342,19.9,78.7,300,Vessel_4530,Container,LBR,9004529,Under Way,Arabian Sea
400004530,2026-01-04T03:30:00,7.633977,73.125984,20.5,183.4,191,Vessel_4531,Bulk Carrier,MHL,9004530,Anchored,Arabian Sea
400004531,2026-01-04T03:31:00,16.869178,56.630484,3.2,254.5,290,Vessel_4532,Bulk Carrier,PAN,9004531,Moored,Arabian Sea
400004532,2026-01-04T03:32:00,16.320664,83.189355,12.2,188.7,292,Vessel_4533,Fishing,MHL,9004532,Anchored,Indian Ocean
400004533,2026-01-04T03:33:00,-4.054092,82.866141,20.5,21.0,82,Vessel_4534,Bulk Carrier,IND,9004533,Anchored,Indian Ocean
400004534,2026-01-04T03:34:00,-3.854029,82.828141,18.3,65.8,177,Vessel_4535,Fishing,IND,9004534,Anchored,Indian Ocean
400004535,2026-01-04T03:35:00,7.263501,80.077839,2.7,173.3,207,Vessel_4536,Fishing,IND,9004535,Under Way,Bay of Bengal
400004536,2026-01-04T03:36:00,11.637703,97.514479,16.6,32.5,257,Vessel_4537,Bulk Carrier,SGP,9004536,Anchored,Bay of Bengal
400004537,2026-01-04T03:37:00,9.547568,93.474194,8.0,124.2,198,Vessel_4538,Tanker,LBR,9004537,Under Way,Indian Ocean
400004538,2026-01-04T03:38:00,8.852963,63.26456,7.7,168.9,328,Vessel_4539,Container,LBR,9004538,Anchored,Arabian Sea
400004539,2026-01-04T03:39:00,11.657079,93.165391,3.7,218.3,158,Vessel_4540,Tanker,IND,9004539,Anchored,Bay of Bengal
400004540,2026-01-04T03:40:00,21.761919,69.198706,4.8,267.3,240,Vessel_4541,Cargo,IND,9004540,Under Way,Arabian Sea
400004541,2026-01-04T03:41:00,11.17076,65.47522,15.6,109.4,355,Vessel_4542,Bulk Carrier,SGP,9004541,Moored,Arabian Sea
400004542,2026-01-04T03:42:00,7.164521,93.043295,17.3,301.2,41,Vessel_4543,Tanker,MHL,9004542,Moored,Bay of Bengal
400004543,2026-01-04T03:43:00,12.583874,60.514668,5.3,350.2,1,Vessel_4544,Bulk Carrier,MHL,9004543,Anchored,Indian Ocean
400004544,2026-01-04T03:44:00,9.985896,76.523152,3.1,24.1,171,Vessel_4545,Cargo,IND,9004544,Moored,Indian Ocean
400004545,2026-01-04T03:45:00,6.877745,73.602354,11.1,28.2,248,Vessel_4546,Fishing,IND,9004545,Under Way,Arabian Sea
400004546,2026-01-04T03:46:00,1.739209,75.397511,5.0,233.7,315,Vessel_4547,Container,LBR,9004546,Under Way,Indian Ocean
400004547,2026-01-04T03:47:00,-7.790869,69.850532,9.1,304.8,297,Vessel_4548,Fishing,PAN,9004547,Anchored,Indian Ocean
400004548,2026-01-04T03:48:00,8.849894,74.543555,10.8,17.7,88,Vessel_4549,Fishing,PAN,9004548,Under Way,Arabian Sea
400004549,2026-01-04T03:49:00,14.811357,59.374153,13.9,71.1,55,Vessel_4550,Cargo,SGP,9004549,Moored,Arabian Sea
400004550,2026-01-04T03:50:00,17.57387,82.270599,15.2,342.1,168,Vessel_4551,Bulk Carrier,LBR,9004550,Under Way,Bay of Bengal
400004551,2026-01-04T03:51:00,8.940783,61.89745,17.7,281.3,127,Vessel_4552,Tanker,PAN,9004551,Anchored,Indian Ocean
400004552,2026-01-04T03:52:00,3.643244,62.463505,17.4,45.2,203,Vessel_4553,Container,SGP,9004552,Anchored,Indian Ocean
400004553,2026-01-04T03:53:00,-1.236702,81.672431,1.6,127.6,306,Vessel_4554,Fishing,SGP,9004553,Moored,Indian Ocean
400004554,2026-01-04T03:54:00,16.98383,96.372917,20.0,26.5,61,Vessel_4555,Container,MHL,9004554,Anchored,Indian Ocean
400004555,2026-01-04T03:55:00,13.443079,84.828442,2.0,143.6,43,Vessel_4556,Bulk Carrier,PAN,9004555,Anchored,Bay of Bengal
400004556,2026-01-04T03:56:00,19.265465,82.477989,19.8,59.8,68,Vessel_4557,Bulk Carrier,IND,9004556,Moored,Bay of Bengal
400004557,2026-01-04T03:57:00,-0.166314,70.755743,20.4,239.2,12,Vessel_4558,Cargo,MHL,9004557,Anchored,Indian Ocean
400004558,2026-01-04T03:58:00,15.675553,83.216048,6.5,240.9,131,Vessel_4559,Container,LBR,9004558,Anchored,Indian Ocean
400004559,2026-01-04T03:59:00,19.678501,81.382836,19.4,329.8,274,Vessel_4560,Bulk Carrier,PAN,9004559,Moored,Bay of Bengal
400004560,2026-01-04T04:00:00,5.279748,93.262417,19.4,12.2,298,Vessel_4561,Tanker,PAN,9004560,Moored,Bay of Bengal
400004561,2026-01-04T04:01:00,17.24447,93.406657,11.3,50.9,106,Vessel_4562,Fishing,PAN,9004561,Moored,Bay of Bengal
400004562,2026-01-04T04:02:00,12.672465,55.3053,2.6,280.1,44,Vessel_4563,Cargo,LBR,9004562,Under Way,Arabian Sea
400004563,2026-01-04T04:03:00,11.508647,90.114573,7.2,82.5,17,Vessel_4564,Fishing,LBR,9004563,Moored,Bay of Bengal
400004564,2026-01-04T04:04:00,24.904918,63.766818,0.0,50.2,114,Vessel_4565,Cargo,MHL,9004564,Moored,Arabian Sea
400004565,2026-01-04T04:05:00,23.870058,58.158866,16.7,207.4,218,Vessel_4566,Bulk Carrier,LBR,9004565,Anchored,Arabian Sea
400004566,2026-01-04T04:06:00,13.857508,73.885162,4.4,159.3,151,Vessel_4567,Container,MHL,9004566,Under Way,Arabian Sea
400004567,2026-01-04T04:07:00,11.147153,88.694236,10.1,36.1,322,Vessel_4568,Tanker,PAN,9004567,Anchored,Bay of Bengal
400004568,2026-01-04T04:08:00,15.71346,79.615345,6.3,309.5,99,Vessel_4569,Fishing,LBR,9004568,Anchored,Indian Ocean
400004569,2026-01-04T04:09:00,5.577444,84.691517,18.0,72.2,124,Vessel_4570,Tanker,LBR,9004569,Anchored,Bay of Bengal
400004570,2026-01-04T04:10:00,7.90977,83.613743,16.3,122.7,217,Vessel_4571,Fishing,MHL,9004570,Anchored,Indian Ocean
400004571,2026-01-04T04:11:00,19.007621,88.74727,1.1,127.0,257,Vessel_4572,Bulk Carrier,MHL,9004571,Under Way,Indian Ocean
400004572,2026-01-04T04:12:00,21.996698,61.610317,21.6,49.0,301,Vessel_4573,Cargo,LBR,9004572,Anchored,Arabian Sea
400004573,2026-01-04T04:13:00,11.324732,74.688775,17.1,321.2,351,Vessel_4574,Tanker,MHL,9004573,Anchored,Arabian Sea
400004574,2026-01-04T04:14:00,-8.447535,60.565172,2.0,105.5,62,Vessel_4575,Container,MHL,9004574,Anchored,Indian Ocean
400004575,2026-01-04T04:15:00,-9.610117,61.023016,20.2,241.1,17,Vessel_4576,Bulk Carrier,SGP,9004575,Moored,Indian Ocean
400004576,2026-01-04T04:16:00,18.145538,70.305326,9.7,272.2,118,Vessel_4577,Container,LBR,9004576,Anchored,Indian Ocean
400004577,2026-01-04T04:17:00,21.890987,70.06475,5.1,206.0,16,Vessel_4578,Fishing,MHL,9004577,Anchored,Arabian Sea
400004578,2026-01-04T04:18:00,9.213357,66.487542,7.0,206.5,254,Vessel_4579,Tanker,MHL,9004578,Under Way,Arabian Sea
400004579,2026-01-04T04:19:00,7.18421,74.181135,7.7,45.2,338,Vessel_4580,Fishing,PAN,9004579,Moored,Arabian Sea
400004580,2026-01-04T04:20:00,-4.745698,85.210349,2.3,347.0,298,Vessel_4581,Tanker,SGP,9004580,Anchored,Indian Ocean
400004581,2026-01-04T04:21:00,-0.993052,89.919564,12.7,59.6,295,Vessel_4582,Container,IND,9004581,Under Way,Indian Ocean
400004582,2026-01-04T04:22:00,14.60019,91.186057,16.2,211.7,349,Vessel_4583,Cargo,SGP,9004582,Under Way,Bay of Bengal
400004583,2026-01-04T04:23:00,6.267243,77.90633,9.2,168.1,220,Vessel_4584,Tanker,LBR,9004583,Under Way,Indian Ocean
400004584,2026-01-04T04:24:00,5.707647,97.516731,19.7,300.7,103,Vessel_4585,Container,IND,9004584,Moored,Indian Ocean
400004585,2026-01-04T04:25:00,16.2835,71.362124,10.3,78.2,236,Vessel_4586,Container,PAN,9004585,Moored,Arabian Sea
400004586,2026-01-04T04:26:00,9.574294,60.853888,2.2,70.6,122,Vessel_4587,Cargo,MHL,9004586,Moored,Indian Ocean
400004587,2026-01-04T04:27:00,17.672781,72.451953,18.0,253.3,92,Vessel_4588,Bulk Carrier,LBR,9004587,Under Way,Arabian Sea
400004588,2026-01-04T04:28:00,-4.994677,60.176594,2.7,335.1,286,Vessel_4589,Tanker,MHL,9004588,Anchored,Indian Ocean
400004589,2026-01-04T04:29:00,9.44924,71.498064,2.3,291.8,260,Vessel_4590,Bulk Carrier,IND,9004589,Anchored,Arabian Sea
400004590,2026-01-04T04:30:00,19.096542,87.307851,10.0,25.7,69,Vessel_4591,Fishing,MHL,9004590,Moored,Bay of Bengal
400004591,2026-01-04T04:31:00,20.264786,72.491439,1.3,56.0,227,Vessel_4592,Container,LBR,9004591,Anchored,Arabian Sea
400004592,2026-01-04T04:32:00,12.150434,67.484915,20.0,85.5,6,Vessel_4593,Cargo,LBR,9004592,Under Way,Arabian Sea
400004593,2026-01-04T04:33:00,12.444405,89.53756,2.4,313.0,86,Vessel_4594,Container,MHL,9004593,Anchored,Bay of Bengal
400004594,2026-01-04T04:34:00,17.864465,75.120203,7.5,316.1,32,Vessel_4595,Cargo,LBR,9004594,Anchored,Indian Ocean
400004595,2026-01-04T04:35:00,15.245829,79.064995,5.7,130.5,355,Vessel_4596,Container,PAN,9004595,Under Way,Indian Ocean
400004596,2026-01-04T04:36:00,11.058786,83.198566,9.8,107.9,152,Vessel_4597,Fishing,MHL,9004596,Under Way,Bay of Bengal
400004597,2026-01-04T04:37:00,7.371431,87.546697,18.6,216.7,24,Vessel_4598,Tanker,MHL,9004597,Anchored,Bay of Bengal
400004598,2026-01-04T04:38:00,20.237951,57.060514,2.5,264.2,243,Vessel_4599,Cargo,SGP,9004598,Moored,Arabian Sea
400004599,2026-01-04T04:39:00,6.267651,88.279046,6.3,150.9,18,Vessel_4600,Container,IND,9004599,Moored,Bay of Bengal
400004600,2026-01-04T04:40:00,17.765407,95.235573,11.7,348.4,278,Vessel_4601,Cargo,MHL,9004600,Moored,Bay of Bengal
400004601,2026-01-04T04:41:00,24.849789,72.189621,4.9,155.8,359,Vessel_4602,Tanker,SGP,9004601,Anchored,Arabian Sea
400004602,2026-01-04T04:42:00,13.655473,87.709869,5.5,224.6,176,Vessel_4603,Bulk Carrier,SGP,9004602,Moored,Bay of Bengal
400004603,2026-01-04T04:43:00,22.082205,70.548514,12.7,87.7,319,Vessel_4604,Container,SGP,9004603,Anchored,Arabian Sea
400004604,2026-01-04T04:44:00,12.685195,86.102032,7.0,316.1,172,Vessel_4605,Bulk Carrier,MHL,9004604,Moored,Bay of Bengal
400004605,2026-01-04T04:45:00,13.04857,65.70829,0.2,229.7,85,Vessel_4606,Container,SGP,9004605,Anchored,Arabian Sea
400004606,2026-01-04T04:46:00,12.550721,68.301851,16.4,139.9,82,Vessel_4607,Fishing,LBR,9004606,Moored,Arabian Sea
400004607,2026-01-04T04:47:00,21.295917,84.516871,9.2,289.2,110,Vessel_4608,Bulk Carrier,IND,9004607,Under Way,Bay of Bengal
400004608,2026-01-04T04:48:00,6.695277,86.0581,6.1,201.1,227,Vessel_4609,Cargo,LBR,9004608,Moored,Indian Ocean
400004609,2026-01-04T04:49:00,16.415952,72.356285,20.2,286.0,79,Vessel_4610,Cargo,MHL,9004609,Anchored,Arabian Sea
400004610,2026-01-04T04:50:00,20.437864,69.254494,3.9,345.5,114,Vessel_4611,Cargo,MHL,9004610,Moored,Arabian Sea
400004611,2026-01-04T04:51:00,22.340807,70.285827,18.8,66.6,123,Vessel_4612,Fishing,PAN,9004611,Moored,Arabian Sea
400004612,2026-01-04T04:52:00,23.22872,62.210616,7.5,99.9,276,Vessel_4613,Fishing,SGP,9004612,Anchored,Arabian Sea
400004613,2026-01-04T04:53:00,16.926229,95.512679,20.2,30.7,1,Vessel_4614,Tanker,SGP,9004613,Anchored,Indian Ocean
400004614,2026-01-04T04:54:00,8.819186,83.654456,20.1,181.3,220,Vessel_4615,Bulk Carrier,SGP,9004614,Anchored,Bay of Bengal
400004615,2026-01-04T04:55:00,-0.917062,84.494929,6.8,160.4,279,Vessel_4616,Bulk Carrier,PAN,9004615,Anchored,Indian Ocean
400004616,2026-01-04T04:56:00,13.532647,70.864116,12.9,156.8,71,Vessel_4617,Tanker,SGP,9004616,Under Way,Arabian Sea
400004617,2026-01-04T04:57:00,13.812686,62.387303,9.2,305.3,208,Vessel_4618,Fishing,PAN,9004617,Anchored,Indian Ocean
400004618,2026-01-04T04:58:00,21.327065,83.785887,9.6,18.1,348,Vessel_4619,Fishing,MHL,9004618,Under Way,Bay of Bengal
400004619,2026-01-04T04:59:00,5.405694,58.39997,8.0,157.7,266,Vessel_4620,Fishing,PAN,9004619,Anchored,Arabian Sea
400004620,2026-01-04T05:00:00,20.859446,91.958834,8.6,28.0,103,Vessel_4621,Cargo,IND,9004620,Moored,Bay of Bengal
400004621,2026-01-04T05:01:00,11.586563,81.8563,3.5,141.5,77,Vessel_4622,Fishing,IND,9004621,Under Way,Bay of Bengal
400004622,2026-01-04T05:02:00,19.019975,63.104513,13.4,185.1,145,Vessel_4623,Bulk Carrier,PAN,9004622,Moored,Arabian Sea
400004623,2026-01-04T05:03:00,17.633769,63.662144,22.0,91.2,333,Vessel_4624,Cargo,IND,9004623,Under Way,Arabian Sea
400004624,2026-01-04T05:04:00,6.221262,74.01499,2.2,147.9,192,Vessel_4625,Bulk Carrier,SGP,9004624,Under Way,Arabian Sea
400004625,2026-01-04T05:05:00,-1.776354,93.483431,6.7,104.1,1,Vessel_4626,Fishing,PAN,9004625,Anchored,Indian Ocean
400004626,2026-01-04T05:06:00,17.413643,94.141462,8.3,58.5,294,Vessel_4627,Container,IND,9004626,Under Way,Indian Ocean
400004627,2026-01-04T05:07:00,-9.945015,72.48795,9.4,13.1,212,Vessel_4628,Tanker,IND,9004627,Under Way,Indian Ocean
400004628,2026-01-04T05:08:00,20.147173,85.331496,13.0,228.7,226,Vessel_4629,Container,MHL,9004628,Moored,Bay of Bengal
400004629,2026-01-04T05:09:00,8.387278,94.927603,13.7,326.3,194,Vessel_4630,Cargo,PAN,9004629,Anchored,Bay of Bengal
400004630,2026-01-04T05:10:00,24.288076,63.328264,13.8,195.9,147,Vessel_4631,Container,LBR,9004630,Under Way,Arabian Sea
400004631,2026-01-04T05:11:00,23.183552,63.611469,1.2,63.8,349,Vessel_4632,Container,SGP,9004631,Under Way,Arabian Sea
400004632,2026-01-04T05:12:00,7.167064,73.861806,16.3,304.1,7,Vessel_4633,Bulk Carrier,IND,9004632,Under Way,Indian Ocean
400004633,2026-01-04T05:13:00,17.750142,87.480673,16.6,221.3,191,Vessel_4634,Tanker,SGP,9004633,Under Way,Indian Ocean
400004634,2026-01-04T05:14:00,9.76339,99.618782,14.1,268.9,217,Vessel_4635,Bulk Carrier,LBR,9004634,Under Way,Indian Ocean
400004635,2026-01-04T05:15:00,14.195101,84.211729,4.9,71.5,62,Vessel_4636,Bulk Carrier,IND,9004635,Anchored,Bay of Bengal
400004636,2026-01-04T05:16:00,14.773487,85.702209,5.6,290.9,87,Vessel_4637,Fishing,MHL,9004636,Moored,Bay of Bengal
400004637,2026-01-04T05:17:00,10.854136,70.168737,3.9,2.1,92,Vessel_4638,Fishing,MHL,9004637,Under Way,Arabian Sea
400004638,2026-01-04T05:18:00,18.364353,83.257957,11.2,308.6,348,Vessel_4639,Container,SGP,9004638,Under Way,Bay of Bengal
400004639,2026-01-04T05:19:00,19.839971,89.855779,2.6,292.7,213,Vessel_4640,Fishing,LBR,9004639,Under Way,Bay of Bengal
400004640,2026-01-04T05:20:00,21.402629,95.318676,16.7,171.3,116,Vessel_4641,Cargo,PAN,9004640,Moored,Bay of Bengal
400004641,2026-01-04T05:21:00,-8.09934,95.496045,6.5,19.4,352,Vessel_4642,Cargo,PAN,9004641,Under Way,Indian Ocean
400004642,2026-01-04T05:22:00,12.669987,79.453757,13.2,292.3,122,Vessel_4643,Fishing,SGP,9004642,Moored,Indian Ocean
400004643,2026-01-04T05:23:00,10.026693,93.656287,20.5,349.3,347,Vessel_4644,Cargo,LBR,9004643,Moored,Bay of Bengal
400004644,2026-01-04T05:24:00,11.031261,83.788761,12.8,95.5,287,Vessel_4645,Container,MHL,9004644,Under Way,Bay of Bengal
400004645,2026-01-04T05:25:00,9.495291,55.526009,9.0,91.4,49,Vessel_4646,Container,MHL,9004645,Anchored,Arabian Sea
400004646,2026-01-04T05:26:00,-2.62624,65.121666,14.3,185.0,10,Vessel_4647,Container,IND,9004646,Anchored,Indian Ocean
400004647,2026-01-04T05:27:00,5.334727,79.8231,2.3,209.9,161,Vessel_4648,Tanker,MHL,9004647,Under Way,Indian Ocean
400004648,2026-01-04T05:28:00,14.332489,58.407909,1.3,18.7,129,Vessel_4649,Container,PAN,9004648,Anchored,Arabian Sea
400004649,2026-01-04T05:29:00,10.726174,82.720003,15.2,169.3,248,Vessel_4650,Container,IND,9004649,Under Way,Indian Ocean
400004650,2026-01-04T05:30:00,19.200505,62.130896,11.6,319.4,352,Vessel_4651,Container,MHL,9004650,Anchored,Arabian Sea
400004651,2026-01-04T05:31:00,16.461544,88.76174,4.6,105.5,142,Vessel_4652,Fishing,LBR,9004651,Anchored,Bay of Bengal
400004652,2026-01-04T05:32:00,21.075689,87.9647,4.8,135.9,29,Vessel_4653,Container,LBR,9004652,Anchored,Bay of Bengal
400004653,2026-01-04T05:33:00,7.959595,66.166578,12.0,69.3,264,Vessel_4654,Fishing,SGP,9004653,Moored,Arabian Sea
400004654,2026-01-04T05:34:00,-5.384486,93.607759,2.9,191.5,299,Vessel_4655,Container,IND,9004654,Anchored,Indian Ocean
400004655,2026-01-04T05:35:00,16.617282,70.474298,2.6,6.5,202,Vessel_4656,Fishing,PAN,9004655,Anchored,Arabian Sea
400004656,2026-01-04T05:36:00,11.348948,92.418936,9.5,201.3,286,Vessel_4657,Tanker,SGP,9004656,Moored,Bay of Bengal
400004657,2026-01-04T05:37:00,-7.040586,67.851943,10.3,24.9,161,Vessel_4658,Cargo,PAN,9004657,Moored,Indian Ocean
400004658,2026-01-04T05:38:00,-7.988323,73.532121,10.7,318.2,80,Vessel_4659,Fishing,MHL,9004658,Under Way,Indian Ocean
400004659,2026-01-04T05:39:00,-3.393592,68.367714,13.7,351.1,123,Vessel_4660,Fishing,PAN,9004659,Under Way,Indian Ocean
400004660,2026-01-04T05:40:00,10.945605,93.970577,0.9,234.6,177,Vessel_4661,Cargo,SGP,9004660,Moored,Indian Ocean
400004661,2026-01-04T05:41:00,15.100474,95.18656,6.4,310.6,47,Vessel_4662,Tanker,PAN,9004661,Moored,Indian Ocean
400004662,2026-01-04T05:42:00,4.665057,88.792317,10.0,118.1,250,Vessel_4663,Cargo,LBR,9004662,Anchored,Indian Ocean
400004663,2026-01-04T05:43:00,10.509189,66.769273,13.6,206.8,213,Vessel_4664,Bulk Carrier,MHL,9004663,Under Way,Arabian Sea
400004664,2026-01-04T05:44:00,-0.699096,92.915223,8.6,308.8,294,Vessel_4665,Bulk Carrier,LBR,9004664,Under Way,Indian Ocean
400004665,2026-01-04T05:45:00,1.548381,91.191809,0.7,72.0,351,Vessel_4666,Container,IND,9004665,Anchored,Indian Ocean
400004666,2026-01-04T05:46:00,8.495097,96.146306,11.9,304.8,297,Vessel_4667,Tanker,IND,9004666,Moored,Bay of Bengal
400004667,2026-01-04T05:47:00,-9.394644,92.41432,15.5,178.4,160,Vessel_4668,Bulk Carrier,MHL,9004667,Moored,Indian Ocean
400004668,2026-01-04T05:48:00,20.136921,80.570546,18.8,327.4,53,Vessel_4669,Fishing,MHL,9004668,Anchored,Bay of Bengal
400004669,2026-01-04T05:49:00,3.617699,62.734178,15.8,342.1,295,Vessel_4670,Fishing,IND,9004669,Anchored,Indian Ocean
400004670,2026-01-04T05:50:00,13.60711,83.258687,9.0,110.6,35,Vessel_4671,Tanker,IND,9004670,Anchored,Bay of Bengal
400004671,2026-01-04T05:51:00,15.770346,77.586148,12.2,256.3,230,Vessel_4672,Tanker,SGP,9004671,Anchored,Indian Ocean
400004672,2026-01-04T05:52:00,18.756687,92.496301,12.1,23.9,73,Vessel_4673,Fishing,IND,9004672,Under Way,Bay of Bengal
400004673,2026-01-04T05:53:00,17.888378,91.228269,18.7,182.7,332,Vessel_4674,Cargo,PAN,9004673,Moored,Bay of Bengal
400004674,2026-01-04T05:54:00,7.474999,84.980825,8.9,229.1,149,Vessel_4675,Tanker,PAN,9004674,Moored,Indian Ocean
400004675,2026-01-04T05:55:00,13.351605,95.026713,4.3,256.1,31,Vessel_4676,Container,SGP,9004675,Anchored,Indian Ocean
400004676,2026-01-04T05:56:00,8.454431,89.533021,8.1,144.9,252,Vessel_4677,Tanker,LBR,9004676,Under Way,Bay of Bengal
400004677,2026-01-04T05:57:00,17.773393,95.022965,5.6,254.9,48,Vessel_4678,Container,PAN,9004677,Under Way,Bay of Bengal
400004678,2026-01-04T05:58:00,6.182197,69.684698,0.8,159.6,210,Vessel_4679,Tanker,SGP,9004678,Under Way,Arabian Sea
400004679,2026-01-04T05:59:00,6.018323,63.456175,21.3,14.5,310,Vessel_4680,Bulk Carrier,SGP,9004679,Moored,Arabian Sea
400004680,2026-01-04T06:00:00,13.908928,82.903914,16.1,180.7,169,Vessel_4681,Container,SGP,9004680,Anchored,Bay of Bengal
400004681,2026-01-04T06:01:00,19.852814,60.172462,13.0,174.3,306,Vessel_4682,Cargo,PAN,9004681,Under Way,Arabian Sea
400004682,2026-01-04T06:02:00,17.591014,79.217623,4.3,147.6,323,Vessel_4683,Container,PAN,9004682,Anchored,Indian Ocean
400004683,2026-01-04T06:03:00,18.189456,80.349165,18.4,300.2,359,Vessel_4684,Cargo,LBR,9004683,Under Way,Indian Ocean
400004684,2026-01-04T06:04:00,21.790152,61.45229,21.4,267.4,73,Vessel_4685,Container,MHL,9004684,Under Way,Arabian Sea
400004685,2026-01-04T06:05:00,16.784433,88.920174,2.6,116.2,205,Vessel_4686,Tanker,IND,9004685,Anchored,Bay of Bengal
400004686,2026-01-04T06:06:00,20.782573,92.61152,5.7,345.7,80,Vessel_4687,Container,LBR,9004686,Under Way,Bay of Bengal
400004687,2026-01-04T06:07:00,10.870343,59.019563,2.2,244.9,253,Vessel_4688,Bulk Carrier,PAN,9004687,Under Way,Arabian Sea
400004688,2026-01-04T06:08:00,18.198987,80.01076,2.4,55.9,229,Vessel_4689,Fishing,LBR,9004688,Under Way,Bay of Bengal
400004689,2026-01-04T06:09:00,12.309566,93.343206,7.2,147.3,151,Vessel_4690,Cargo,LBR,9004689,Under Way,Bay of Bengal
400004690,2026-01-04T06:10:00,11.621003,96.670966,15.1,75.6,280,Vessel_4691,Tanker,LBR,9004690,Moored,Indian Ocean
400004691,2026-01-04T06:11:00,12.851535,82.438881,19.0,304.5,224,Vessel_4692,Tanker,SGP,9004691,Moored,Bay of Bengal
400004692,2026-01-04T06:12:00,10.304183,97.11359,8.7,353.3,118,Vessel_4693,Fishing,IND,9004692,Anchored,Bay of Bengal
400004693,2026-01-04T06:13:00,-0.730581,76.84031,19.5,45.3,214,Vessel_4694,Tanker,PAN,9004693,Anchored,Indian Ocean
400004694,2026-01-04T06:14:00,21.810099,89.222711,21.6,16.1,104,Vessel_4695,Bulk Carrier,MHL,9004694,Under Way,Bay of Bengal
400004695,2026-01-04T06:15:00,16.79298,81.934989,15.6,252.4,16,Vessel_4696,Cargo,LBR,9004695,Under Way,Bay of Bengal
400004696,2026-01-04T06:16:00,10.147327,69.031433,19.2,169.2,47,Vessel_4697,Cargo,SGP,9004696,Moored,Arabian Sea
400004697,2026-01-04T06:17:00,21.310745,69.244262,8.4,156.3,165,Vessel_4698,Container,IND,9004697,Anchored,Arabian Sea
400004698,2026-01-04T06:18:00,19.71767,58.575199,3.4,348.8,58,Vessel_4699,Bulk Carrier,MHL,9004698,Anchored,Arabian Sea
400004699,2026-01-04T06:19:00,11.698801,69.025505,20.8,179.7,222,Vessel_4700,Tanker,LBR,9004699,Moored,Arabian Sea
400004700,2026-01-04T06:20:00,-9.639203,82.160821,1.5,350.4,265,Vessel_4701,Tanker,PAN,9004700,Anchored,Indian Ocean
400004701,2026-01-04T06:21:00,8.735818,59.47156,17.1,159.2,285,Vessel_4702,Fishing,LBR,9004701,Anchored,Arabian Sea
400004702,2026-01-04T06:22:00,10.648224,86.701215,9.0,113.2,15,Vessel_4703,Bulk Carrier,IND,9004702,Moored,Bay of Bengal
400004703,2026-01-04T06:23:00,16.315101,97.671993,0.2,346.1,80,Vessel_4704,Fishing,PAN,9004703,Under Way,Bay of Bengal
400004704,2026-01-04T06:24:00,1.95433,79.708479,17.6,103.9,64,Vessel_4705,Cargo,PAN,9004704,Moored,Indian Ocean
400004705,2026-01-04T06:25:00,7.476168,94.034621,15.4,211.6,335,Vessel_4706,Cargo,PAN,9004705,Moored,Indian Ocean
400004706,2026-01-04T06:26:00,15.143929,95.736608,5.4,154.7,17,Vessel_4707,Bulk Carrier,SGP,9004706,Anchored,Bay of Bengal
400004707,2026-01-04T06:27:00,0.375154,74.648179,10.6,273.3,300,Vessel_4708,Bulk Carrier,PAN,9004707,Under Way,Indian Ocean
400004708,2026-01-04T06:28:00,-3.977316,95.099786,5.5,120.1,34,Vessel_4709,Cargo,LBR,9004708,Under Way,Indian Ocean
400004709,2026-01-04T06:29:00,18.008931,84.521206,19.1,190.3,10,Vessel_4710,Tanker,MHL,9004709,Anchored,Bay of Bengal
400004710,2026-01-04T06:30:00,16.691202,82.015973,20.6,149.7,45,Vessel_4711,Bulk Carrier,PAN,9004710,Moored,Bay of Bengal
400004711,2026-01-04T06:31:00,6.308067,82.676546,15.4,328.8,171,Vessel_4712,Cargo,SGP,9004711,Under Way,Bay of Bengal
400004712,2026-01-04T06:32:00,21.937057,70.817307,19.9,277.8,20,Vessel_4713,Fishing,IND,9004712,Under Way,Arabian Sea
400004713,2026-01-04T06:33:00,10.395432,68.819763,3.7,258.7,37,Vessel_4714,Fishing,MHL,9004713,Moored,Arabian Sea
400004714,2026-01-04T06:34:00,5.740524,95.12128,13.2,347.3,128,Vessel_4715,Cargo,LBR,9004714,Anchored,Bay of Bengal
400004715,2026-01-04T06:35:00,9.980789,96.692567,14.3,293.9,61,Vessel_4716,Cargo,LBR,9004715,Moored,Indian Ocean
400004716,2026-01-04T06:36:00,14.750671,73.519055,5.5,261.3,266,Vessel_4717,Tanker,PAN,9004716,Moored,Arabian Sea
400004717,2026-01-04T06:37:00,14.192855,84.321014,0.3,306.1,260,Vessel_4718,Tanker,MHL,9004717,Under Way,Indian Ocean
400004718,2026-01-04T06:38:00,5.273341,83.899347,15.7,9.0,17,Vessel_4719,Fishing,IND,9004718,Moored,Bay of Bengal
400004719,2026-01-04T06:39:00,16.795531,73.564125,21.6,255.0,174,Vessel_4720,Fishing,LBR,9004719,Moored,Indian Ocean
400004720,2026-01-04T06:40:00,-8.858905,67.375112,2.3,84.7,35,Vessel_4721,Tanker,LBR,9004720,Moored,Indian Ocean
400004721,2026-01-04T06:41:00,14.662726,87.524354,19.6,344.9,38,Vessel_4722,Cargo,PAN,9004721,Anchored,Bay of Bengal
400004722,2026-01-04T06:42:00,19.100821,93.964035,3.2,41.2,350,Vessel_4723,Container,MHL,9004722,Moored,Bay of Bengal
400004723,2026-01-04T06:43:00,12.93078,58.173852,10.1,290.3,318,Vessel_4724,Fishing,MHL,9004723,Anchored,Arabian Sea
400004724,2026-01-04T06:44:00,17.043608,88.975222,13.2,304.2,199,Vessel_4725,Tanker,MHL,9004724,Under Way,Indian Ocean
400004725,2026-01-04T06:45:00,9.893829,56.580699,18.6,267.5,189,Vessel_4726,Bulk Carrier,PAN,9004725,Anchored,Arabian Sea
400004726,2026-01-04T06:46:00,17.045196,64.79933,9.2,127.2,262,Vessel_4727,Tanker,SGP,9004726,Under Way,Indian Ocean
400004727,2026-01-04T06:47:00,21.659549,91.22519,18.7,108.9,256,Vessel_4728,Fishing,LBR,9004727,Anchored,Bay of Bengal
400004728,2026-01-04T06:48:00,-6.987191,70.826801,0.9,138.4,288,Vessel_4729,Container,SGP,9004728,Under Way,Indian Ocean
400004729,2026-01-04T06:49:00,21.940398,55.459339,21.9,356.6,282,Vessel_4730,Bulk Carrier,LBR,9004729,Anchored,Arabian Sea
400004730,2026-01-04T06:50:00,23.337081,63.264418,19.6,240.4,291,Vessel_4731,Container,PAN,9004730,Anchored,Arabian Sea
400004731,2026-01-04T06:51:00,10.450113,87.143494,11.1,4.8,165,Vessel_4732,Fishing,SGP,9004731,Moored,Bay of Bengal
400004732,2026-01-04T06:52:00,11.245841,74.287272,11.4,132.5,324,Vessel_4733,Container,SGP,9004732,Moored,Arabian Sea
400004733,2026-01-04T06:53:00,4.214783,81.216027,12.4,333.1,63,Vessel_4734,Fishing,SGP,9004733,Under Way,Indian Ocean
400004734,2026-01-04T06:54:00,15.402513,86.712017,13.5,63.8,340,Vessel_4735,Fishing,LBR,9004734,Under Way,Bay of Bengal
400004735,2026-01-04T06:55:00,12.405048,82.938186,5.3,193.5,42,Vessel_4736,Cargo,LBR,9004735,Anchored,Bay of Bengal
400004736,2026-01-04T06:56:00,23.115498,57.455317,4.5,265.5,176,Vessel_4737,Container,LBR,9004736,Moored,Arabian Sea
400004737,2026-01-04T06:57:00,13.372401,61.308645,19.9,281.2,68,Vessel_4738,Fishing,IND,9004737,Under Way,Indian Ocean
400004738,2026-01-04T06:58:00,13.45127,92.20299,0.6,46.6,151,Vessel_4739,Container,IND,9004738,Under Way,Bay of Bengal
400004739,2026-01-04T06:59:00,1.59724,90.33602,6.3,163.3,186,Vessel_4740,Cargo,PAN,9004739,Under Way,Indian Ocean
400004740,2026-01-04T07:00:00,-1.543768,69.868338,1.6,266.7,95,Vessel_4741,Cargo,IND,9004740,Moored,Indian Ocean
400004741,2026-01-04T07:01:00,19.245646,93.471465,21.3,307.6,326,Vessel_4742,Tanker,LBR,9004741,Anchored,Bay of Bengal
400004742,2026-01-04T07:02:00,4.590572,89.787584,10.4,231.9,69,Vessel_4743,Tanker,IND,9004742,Under Way,Indian Ocean
400004743,2026-01-04T07:03:00,16.174481,71.811017,12.1,182.8,126,Vessel_4744,Bulk Carrier,MHL,9004743,Under Way,Indian Ocean
400004744,2026-01-04T07:04:00,5.303342,81.528791,12.0,168.3,243,Vessel_4745,Fishing,PAN,9004744,Moored,Bay of Bengal
400004745,2026-01-04T07:05:00,8.767786,73.663899,20.5,51.1,166,Vessel_4746,Cargo,MHL,9004745,Under Way,Arabian Sea
400004746,2026-01-04T07:06:00,-6.109847,70.547108,7.9,274.3,244,Vessel_4747,Bulk Carrier,SGP,9004746,Anchored,Indian Ocean
400004747,2026-01-04T07:07:00,9.28832,88.026223,7.5,59.2,54,Vessel_4748,Fishing,MHL,9004747,Anchored,Bay of Bengal
400004748,2026-01-04T07:08:00,6.864689,73.713695,6.2,110.9,17,Vessel_4749,Cargo,LBR,9004748,Under Way,Arabian Sea
400004749,2026-01-04T07:09:00,-3.091212,93.084184,15.7,191.8,277,Vessel_4750,Fishing,PAN,9004749,Under Way,Indian Ocean
400004750,2026-01-04T07:10:00,20.162406,70.916431,6.3,118.9,352,Vessel_4751,Fishing,MHL,9004750,Under Way,Arabian Sea
400004751,2026-01-04T07:11:00,16.277577,94.248722,6.8,270.3,28,Vessel_4752,Bulk Carrier,MHL,9004751,Moored,Bay of Bengal
400004752,2026-01-04T07:12:00,14.881759,87.298778,3.9,122.2,66,Vessel_4753,Tanker,SGP,9004752,Anchored,Indian Ocean
400004753,2026-01-04T07:13:00,11.92414,95.339132,15.7,252.8,242,Vessel_4754,Fishing,PAN,9004753,Anchored,Bay of Bengal
400004754,2026-01-04T07:14:00,19.614752,85.793788,11.6,284.7,266,Vessel_4755,Fishing,MHL,9004754,Anchored,Indian Ocean
400004755,2026-01-04T07:15:00,19.351586,69.925845,1.7,80.7,293,Vessel_4756,Container,MHL,9004755,Moored,Arabian Sea
400004756,2026-01-04T07:16:00,18.264556,85.904532,17.3,48.5,33,Vessel_4757,Tanker,MHL,9004756,Anchored,Bay of Bengal
400004757,2026-01-04T07:17:00,3.146826,69.186255,13.9,345.1,26,Vessel_4758,Tanker,MHL,9004757,Anchored,Indian Ocean
400004758,2026-01-04T07:18:00,8.633991,88.773483,9.3,144.0,100,Vessel_4759,Fishing,MHL,9004758,Anchored,Bay of Bengal
400004759,2026-01-04T07:19:00,9.965015,97.278862,20.8,315.2,347,Vessel_4760,Bulk Carrier,MHL,9004759,Under Way,Bay of Bengal
400004760,2026-01-04T07:20:00,4.360724,85.081766,3.4,310.6,69,Vessel_4761,Tanker,IND,9004760,Moored,Indian Ocean
400004761,2026-01-04T07:21:00,9.344133,60.929654,0.7,266.5,91,Vessel_4762,Fishing,LBR,9004761,Moored,Indian Ocean
400004762,2026-01-04T07:22:00,15.13456,87.112023,7.0,115.5,165,Vessel_4763,Fishing,PAN,9004762,Under Way,Bay of Bengal
400004763,2026-01-04T07:23:00,19.739693,93.809943,16.7,202.9,203,Vessel_4764,Bulk Carrier,IND,9004763,Moored,Bay of Bengal
400004764,2026-01-04T07:24:00,13.535072,99.635643,0.3,183.5,0,Vessel_4765,Container,PAN,9004764,Moored,Indian Ocean
400004765,2026-01-04T07:25:00,4.512424,67.335709,3.4,62.6,344,Vessel_4766,Container,MHL,9004765,Anchored,Indian Ocean
400004766,2026-01-04T07:26:00,10.942707,91.86614,13.6,293.0,101,Vessel_4767,Tanker,PAN,9004766,Under Way,Bay of Bengal
400004767,2026-01-04T07:27:00,7.113058,88.365475,16.3,23.0,334,Vessel_4768,Cargo,PAN,9004767,Under Way,Bay of Bengal
400004768,2026-01-04T07:28:00,11.550933,73.890937,10.2,242.5,348,Vessel_4769,Bulk Carrier,LBR,9004768,Anchored,Arabian Sea
400004769,2026-01-04T07:29:00,10.013816,69.443694,18.1,139.3,171,Vessel_4770,Fishing,LBR,9004769,Anchored,Arabian Sea
400004770,2026-01-04T07:30:00,9.13634,56.391979,6.6,232.3,224,Vessel_4771,Fishing,IND,9004770,Anchored,Arabian Sea
400004771,2026-01-04T07:31:00,14.406248,64.547661,13.9,246.2,93,Vessel_4772,Fishing,IND,9004771,Anchored,Arabian Sea
400004772,2026-01-04T07:32:00,23.807414,74.82569,13.1,172.8,135,Vessel_4773,Bulk Carrier,LBR,9004772,Moored,Arabian Sea
400004773,2026-01-04T07:33:00,15.272211,88.95565,14.7,170.4,46,Vessel_4774,Bulk Carrier,IND,9004773,Under Way,Bay of Bengal
400004774,2026-01-04T07:34:00,18.056791,86.628542,9.3,235.7,125,Vessel_4775,Tanker,SGP,9004774,Under Way,Bay of Bengal
400004775,2026-01-04T07:35:00,17.871863,86.963432,21.8,329.3,190,Vessel_4776,Cargo,PAN,9004775,Anchored,Bay of Bengal
400004776,2026-01-04T07:36:00,3.364678,89.43708,8.4,74.3,5,Vessel_4777,Bulk Carrier,MHL,9004776,Under Way,Indian Ocean
400004777,2026-01-04T07:37:00,-8.338385,79.968765,11.5,80.4,304,Vessel_4778,Container,LBR,9004777,Anchored,Indian Ocean
400004778,2026-01-04T07:38:00,21.103884,87.473579,14.9,337.3,93,Vessel_4779,Bulk Carrier,IND,9004778,Anchored,Bay of Bengal
400004779,2026-01-04T07:39:00,10.930078,91.547003,4.5,145.4,121,Vessel_4780,Tanker,MHL,9004779,Anchored,Indian Ocean
400004780,2026-01-04T07:40:00,22.212664,73.330569,7.3,250.6,130,Vessel_4781,Cargo,MHL,9004780,Under Way,Arabian Sea
400004781,2026-01-04T07:41:00,-0.4491,85.18189,18.4,141.2,205,Vessel_4782,Cargo,IND,9004781,Under Way,Indian Ocean
400004782,2026-01-04T07:42:00,1.815968,75.602735,15.6,42.4,27,Vessel_4783,Container,IND,9004782,Anchored,Indian Ocean
400004783,2026-01-04T07:43:00,5.960269,89.187517,19.1,346.5,331,Vessel_4784,Tanker,PAN,9004783,Moored,Bay of Bengal
400004784,2026-01-04T07:44:00,6.808119,69.817913,8.0,310.0,100,Vessel_4785,Bulk Carrier,SGP,9004784,Moored,Arabian Sea
400004785,2026-01-04T07:45:00,11.203138,82.881648,20.3,318.4,304,Vessel_4786,Container,MHL,9004785,Moored,Bay of Bengal
400004786,2026-01-04T07:46:00,1.777011,78.432436,15.3,120.1,152,Vessel_4787,Fishing,MHL,9004786,Moored,Indian Ocean
400004787,2026-01-04T07:47:00,13.108962,78.968133,21.7,248.9,309,Vessel_4788,Bulk Carrier,MHL,9004787,Moored,Indian Ocean
400004788,2026-01-04T07:48:00,11.513161,69.076063,4.0,295.1,244,Vessel_4789,Tanker,IND,9004788,Moored,Arabian Sea
400004789,2026-01-04T07:49:00,16.477611,59.337818,15.3,37.6,65,Vessel_4790,Bulk Carrier,MHL,9004789,Moored,Arabian Sea
400004790,2026-01-04T07:50:00,14.419302,60.2364,0.4,23.1,222,Vessel_4791,Fishing,MHL,9004790,Anchored,Arabian Sea
400004791,2026-01-04T07:51:00,12.194123,64.640592,15.3,266.3,34,Vessel_4792,Fishing,PAN,9004791,Under Way,Arabian Sea
400004792,2026-01-04T07:52:00,8.762119,74.976403,15.9,126.8,211,Vessel_4793,Tanker,LBR,9004792,Anchored,Indian Ocean
400004793,2026-01-04T07:53:00,19.630954,74.583498,12.3,56.2,112,Vessel_4794,Container,PAN,9004793,Under Way,Indian Ocean
400004794,2026-01-04T07:54:00,6.403866,82.254883,14.7,312.2,223,Vessel_4795,Cargo,IND,9004794,Moored,Indian Ocean
400004795,2026-01-04T07:55:00,20.355575,65.93876,19.1,63.7,114,Vessel_4796,Cargo,PAN,9004795,Under Way,Arabian Sea
400004796,2026-01-04T07:56:00,15.615852,81.086212,11.0,134.5,99,Vessel_4797,Container,MHL,9004796,Moored,Indian Ocean
400004797,2026-01-04T07:57:00,10.105453,96.977975,9.0,238.4,255,Vessel_4798,Container,LBR,9004797,Anchored,Bay of Bengal
400004798,2026-01-04T07:58:00,0.798086,61.353139,15.1,322.0,125,Vessel_4799,Tanker,IND,9004798,Under Way,Indian Ocean
400004799,2026-01-04T07:59:00,18.47569,89.038975,1.1,196.1,276,Vessel_4800,Bulk Carrier,PAN,9004799,Anchored,Indian Ocean
400004800,2026-01-04T08:00:00,-0.685028,97.422019,7.7,9.2,346,Vessel_4801,Container,MHL,9004800,Under Way,Indian Ocean
400004801,2026-01-04T08:01:00,-9.64067,81.191202,2.4,201.8,328,Vessel_4802,Fishing,LBR,9004801,Anchored,Indian Ocean
400004802,2026-01-04T08:02:00,4.754674,98.647971,5.6,156.3,301,Vessel_4803,Cargo,LBR,9004802,Moored,Indian Ocean
400004803,2026-01-04T08:03:00,6.441599,77.070743,4.3,137.9,324,Vessel_4804,Container,LBR,9004803,Anchored,Indian Ocean
400004804,2026-01-04T08:04:00,23.720452,59.679406,18.0,158.9,293,Vessel_4805,Bulk Carrier,SGP,9004804,Under Way,Arabian Sea
400004805,2026-01-04T08:05:00,14.811671,95.491147,3.4,310.6,354,Vessel_4806,Bulk Carrier,SGP,9004805,Moored,Bay of Bengal
400004806,2026-01-04T08:06:00,17.322635,56.485291,0.0,78.5,148,Vessel_4807,Cargo,MHL,9004806,Moored,Arabian Sea
400004807,2026-01-04T08:07:00,9.162854,97.764976,1.1,345.9,59,Vessel_4808,Fishing,PAN,9004807,Under Way,Bay of Bengal
400004808,2026-01-04T08:08:00,20.440824,80.070287,10.4,269.8,13,Vessel_4809,Fishing,LBR,9004808,Moored,Bay of Bengal
400004809,2026-01-04T08:09:00,2.812023,83.806895,5.9,340.9,249,Vessel_4810,Bulk Carrier,SGP,9004809,Anchored,Indian Ocean
400004810,2026-01-04T08:10:00,5.27327,89.587398,16.3,113.8,58,Vessel_4811,Fishing,MHL,9004810,Under Way,Bay of Bengal
400004811,2026-01-04T08:11:00,17.773389,88.724409,15.9,139.6,186,Vessel_4812,Cargo,MHL,9004811,Anchored,Bay of Bengal
400004812,2026-01-04T08:12:00,5.861587,74.00299,9.9,107.5,304,Vessel_4813,Container,PAN,9004812,Anchored,Indian Ocean
400004813,2026-01-04T08:13:00,9.894806,70.995782,13.5,90.9,134,Vessel_4814,Container,MHL,9004813,Anchored,Arabian Sea
400004814,2026-01-04T08:14:00,23.37638,59.863167,12.4,65.0,245,Vessel_4815,Container,LBR,9004814,Anchored,Arabian Sea
400004815,2026-01-04T08:15:00,9.720355,87.894588,3.5,50.8,259,Vessel_4816,Container,MHL,9004815,Anchored,Bay of Bengal
400004816,2026-01-04T08:16:00,11.276241,96.244365,1.6,307.7,317,Vessel_4817,Tanker,MHL,9004816,Moored,Bay of Bengal
400004817,2026-01-04T08:17:00,4.072248,74.932513,13.0,240.1,113,Vessel_4818,Cargo,SGP,9004817,Moored,Indian Ocean
400004818,2026-01-04T08:18:00,17.78501,55.569359,1.3,211.5,163,Vessel_4819,Container,PAN,9004818,Moored,Arabian Sea
400004819,2026-01-04T08:19:00,13.763003,62.595681,12.1,102.1,165,Vessel_4820,Fishing,IND,9004819,Moored,Arabian Sea
400004820,2026-01-04T08:20:00,10.544981,73.511166,6.4,45.1,336,Vessel_4821,Bulk Carrier,IND,9004820,Under Way,Arabian Sea
400004821,2026-01-04T08:21:00,17.201354,59.939257,19.4,19.9,208,Vessel_4822,Container,SGP,9004821,Under Way,Arabian Sea
400004822,2026-01-04T08:22:00,19.913792,83.505484,15.7,219.9,241,Vessel_4823,Container,MHL,9004822,Moored,Bay of Bengal
400004823,2026-01-04T08:23:00,-9.395906,75.838057,17.8,180.9,61,Vessel_4824,Fishing,LBR,9004823,Under Way,Indian Ocean
400004824,2026-01-04T08:24:00,4.702603,79.551833,13.8,227.2,258,Vessel_4825,Fishing,SGP,9004824,Moored,Indian Ocean
400004825,2026-01-04T08:25:00,21.73194,88.371251,20.7,88.9,301,Vessel_4826,Bulk Carrier,LBR,9004825,Under Way,Bay of Bengal
400004826,2026-01-04T08:26:00,9.236786,80.618858,5.4,157.0,197,Vessel_4827,Bulk Carrier,IND,9004826,Moored,Indian Ocean
400004827,2026-01-04T08:27:00,16.174893,97.92383,11.1,117.0,171,Vessel_4828,Tanker,IND,9004827,Moored,Bay of Bengal
400004828,2026-01-04T08:28:00,-1.229908,99.838137,14.6,159.3,71,Vessel_4829,Fishing,LBR,9004828,Under Way,Indian Ocean
400004829,2026-01-04T08:29:00,16.841465,89.173349,21.4,265.8,351,Vessel_4830,Tanker,IND,9004829,Anchored,Indian Ocean
400004830,2026-01-04T08:30:00,-3.060315,67.278653,20.9,145.3,75,Vessel_4831,Bulk Carrier,MHL,9004830,Under Way,Indian Ocean
400004831,2026-01-04T08:31:00,9.924035,84.276832,7.3,109.2,40,Vessel_4832,Container,LBR,9004831,Anchored,Bay of Bengal
400004832,2026-01-04T08:32:00,6.353755,63.841534,4.5,197.9,226,Vessel_4833,Cargo,PAN,9004832,Moored,Arabian Sea
400004833,2026-01-04T08:33:00,14.411468,92.9002,13.0,303.8,283,Vessel_4834,Bulk Carrier,IND,9004833,Moored,Bay of Bengal
400004834,2026-01-04T08:34:00,5.024428,60.285838,7.2,113.2,102,Vessel_4835,Fishing,IND,9004834,Anchored,Indian Ocean
400004835,2026-01-04T08:35:00,19.833085,61.774633,13.8,51.0,267,Vessel_4836,Cargo,MHL,9004835,Anchored,Arabian Sea
400004836,2026-01-04T08:36:00,20.38847,69.815199,21.4,125.4,97,Vessel_4837,Tanker,LBR,9004836,Moored,Arabian Sea
400004837,2026-01-04T08:37:00,12.623383,81.166865,2.8,38.3,198,Vessel_4838,Fishing,SGP,9004837,Moored,Bay of Bengal
400004838,2026-01-04T08:38:00,18.283587,94.902992,4.0,310.6,266,Vessel_4839,Container,SGP,9004838,Anchored,Bay of Bengal
400004839,2026-01-04T08:39:00,16.322621,82.269838,3.4,103.7,293,Vessel_4840,Cargo,PAN,9004839,Under Way,Indian Ocean
400004840,2026-01-04T08:40:00,14.462677,64.58886,0.1,318.2,352,Vessel_4841,Cargo,MHL,9004840,Under Way,Arabian Sea
400004841,2026-01-04T08:41:00,1.159369,68.630033,9.0,93.6,256,Vessel_4842,Cargo,LBR,9004841,Moored,Indian Ocean
400004842,2026-01-04T08:42:00,13.467695,58.237664,11.8,152.8,341,Vessel_4843,Bulk Carrier,IND,9004842,Anchored,Arabian Sea
400004843,2026-01-04T08:43:00,13.17273,97.922281,7.7,127.7,124,Vessel_4844,Container,PAN,9004843,Under Way,Bay of Bengal
400004844,2026-01-04T08:44:00,11.369028,69.901001,14.1,318.9,246,Vessel_4845,Cargo,PAN,9004844,Under Way,Arabian Sea
400004845,2026-01-04T08:45:00,5.664687,85.907771,18.2,268.8,333,Vessel_4846,Fishing,MHL,9004845,Moored,Bay of Bengal
400004846,2026-01-04T08:46:00,5.515819,65.811591,7.0,116.8,229,Vessel_4847,Cargo,SGP,9004846,Anchored,Arabian Sea
400004847,2026-01-04T08:47:00,13.565462,93.609293,17.3,225.9,23,Vessel_4848,Fishing,IND,9004847,Under Way,Bay of Bengal
400004848,2026-01-04T08:48:00,21.000393,80.295491,6.3,132.8,239,Vessel_4849,Container,MHL,9004848,Under Way,Bay of Bengal
400004849,2026-01-04T08:49:00,13.121345,55.275546,14.8,153.7,348,Vessel_4850,Tanker,IND,9004849,Anchored,Arabian Sea
400004850,2026-01-04T08:50:00,1.001721,75.296268,9.6,82.9,145,Vessel_4851,Tanker,PAN,9004850,Anchored,Indian Ocean
400004851,2026-01-04T08:51:00,9.632145,61.801552,0.9,297.7,171,Vessel_4852,Fishing,PAN,9004851,Under Way,Indian Ocean
400004852,2026-01-04T08:52:00,6.611925,65.51116,13.8,8.3,292,Vessel_4853,Fishing,IND,9004852,Moored,Indian Ocean
400004853,2026-01-04T08:53:00,10.272873,94.213393,13.7,119.2,332,Vessel_4854,Container,MHL,9004853,Under Way,Bay of Bengal
400004854,2026-01-04T08:54:00,-3.242071,86.216619,4.6,78.1,149,Vessel_4855,Bulk Carrier,SGP,9004854,Under Way,Indian Ocean
400004855,2026-01-04T08:55:00,11.167939,93.881878,20.2,34.9,19,Vessel_4856,Fishing,SGP,9004855,Under Way,Bay of Bengal
400004856,2026-01-04T08:56:00,6.098565,93.737191,6.5,230.8,94,Vessel_4857,Container,PAN,9004856,Moored,Bay of Bengal
400004857,2026-01-04T08:57:00,16.159032,84.502983,18.3,146.1,359,Vessel_4858,Cargo,MHL,9004857,Under Way,Indian Ocean
400004858,2026-01-04T08:58:00,19.592624,60.196998,4.7,325.7,280,Vessel_4859,Tanker,PAN,9004858,Moored,Arabian Sea
400004859,2026-01-04T08:59:00,6.504114,90.424174,17.6,149.7,323,Vessel_4860,Cargo,PAN,9004859,Under Way,Indian Ocean
400004860,2026-01-04T09:00:00,5.174175,90.356363,2.4,157.1,289,Vessel_4861,Fishing,MHL,9004860,Anchored,Bay of Bengal
400004861,2026-01-04T09:01:00,6.470323,71.492697,21.0,179.9,59,Vessel_4862,Bulk Carrier,LBR,9004861,Moored,Arabian Sea
400004862,2026-01-04T09:02:00,-6.920581,95.732711,5.1,225.0,150,Vessel_4863,Bulk Carrier,MHL,9004862,Under Way,Indian Ocean
400004863,2026-01-04T09:03:00,-4.581007,63.837206,1.2,136.8,166,Vessel_4864,Container,LBR,9004863,Anchored,Indian Ocean
400004864,2026-01-04T09:04:00,12.393849,59.632683,3.4,125.4,215,Vessel_4865,Tanker,SGP,9004864,Anchored,Arabian Sea
400004865,2026-01-04T09:05:00,15.089567,88.14371,3.8,311.2,299,Vessel_4866,Container,LBR,9004865,Moored,Bay of Bengal
400004866,2026-01-04T09:06:00,7.530823,72.36317,6.2,13.3,30,Vessel_4867,Fishing,MHL,9004866,Moored,Indian Ocean
400004867,2026-01-04T09:07:00,7.035461,96.267376,14.3,32.1,172,Vessel_4868,Bulk Carrier,IND,9004867,Anchored,Bay of Bengal
400004868,2026-01-04T09:08:00,22.876125,58.449793,20.6,296.9,135,Vessel_4869,Container,LBR,9004868,Under Way,Arabian Sea
400004869,2026-01-04T09:09:00,10.660464,95.266957,5.8,37.6,94,Vessel_4870,Bulk Carrier,PAN,9004869,Anchored,Bay of Bengal
400004870,2026-01-04T09:10:00,16.597181,89.004056,13.9,215.3,212,Vessel_4871,Fishing,PAN,9004870,Moored,Bay of Bengal
400004871,2026-01-04T09:11:00,9.368174,91.877474,18.5,286.5,58,Vessel_4872,Cargo,LBR,9004871,Moored,Bay of Bengal
400004872,2026-01-04T09:12:00,10.08581,65.119629,18.2,48.5,308,Vessel_4873,Cargo,MHL,9004872,Under Way,Arabian Sea
400004873,2026-01-04T09:13:00,9.191019,87.059185,7.2,59.2,88,Vessel_4874,Bulk Carrier,LBR,9004873,Under Way,Bay of Bengal
400004874,2026-01-04T09:14:00,14.04943,71.252717,14.9,111.6,133,Vessel_4875,Container,IND,9004874,Under Way,Indian Ocean
400004875,2026-01-04T09:15:00,16.794449,83.426033,4.2,55.6,180,Vessel_4876,Container,LBR,9004875,Under Way,Bay of Bengal
400004876,2026-01-04T09:16:00,-4.076289,92.690206,9.5,54.7,45,Vessel_4877,Cargo,MHL,9004876,Anchored,Indian Ocean
400004877,2026-01-04T09:17:00,22.261774,62.201705,1.6,3.2,341,Vessel_4878,Container,PAN,9004877,Under Way,Arabian Sea
400004878,2026-01-04T09:18:00,0.860834,65.654525,10.6,2.4,205,Vessel_4879,Fishing,MHL,9004878,Moored,Indian Ocean
400004879,2026-01-04T09:19:00,15.211074,60.477408,19.3,331.2,356,Vessel_4880,Tanker,LBR,9004879,Under Way,Arabian Sea
400004880,2026-01-04T09:20:00,6.220956,87.043249,4.5,11.7,339,Vessel_4881,Cargo,MHL,9004880,Under Way,Bay of Bengal
400004881,2026-01-04T09:21:00,14.001465,81.895764,17.2,54.4,240,Vessel_4882,Cargo,LBR,9004881,Under Way,Bay of Bengal
400004882,2026-01-04T09:22:00,8.09302,63.188527,9.9,328.8,219,Vessel_4883,Bulk Carrier,PAN,9004882,Anchored,Arabian Sea
400004883,2026-01-04T09:23:00,0.072293,80.264362,11.2,44.4,324,Vessel_4884,Container,LBR,9004883,Moored,Indian Ocean
400004884,2026-01-04T09:24:00,15.882809,88.24048,6.5,246.3,294,Vessel_4885,Container,PAN,9004884,Moored,Bay of Bengal
400004885,2026-01-04T09:25:00,-4.183526,62.916951,9.2,124.4,253,Vessel_4886,Cargo,LBR,9004885,Anchored,Indian Ocean
400004886,2026-01-04T09:26:00,-2.18097,92.599336,21.2,1.6,351,Vessel_4887,Container,SGP,9004886,Anchored,Indian Ocean
400004887,2026-01-04T09:27:00,2.680764,77.565592,11.0,274.0,16,Vessel_4888,Cargo,IND,9004887,Anchored,Indian Ocean
400004888,2026-01-04T09:28:00,23.03883,69.224821,4.5,38.5,230,Vessel_4889,Fishing,IND,9004888,Anchored,Arabian Sea
400004889,2026-01-04T09:29:00,11.048141,73.30278,12.2,191.7,96,Vessel_4890,Cargo,IND,9004889,Moored,Arabian Sea
400004890,2026-01-04T09:30:00,18.52331,91.965444,19.5,34.4,8,Vessel_4891,Tanker,LBR,9004890,Anchored,Bay of Bengal
400004891,2026-01-04T09:31:00,14.189365,80.203966,5.5,48.5,29,Vessel_4892,Tanker,MHL,9004891,Under Way,Bay of Bengal
400004892,2026-01-04T09:32:00,5.855177,87.724931,20.1,231.4,187,Vessel_4893,Cargo,IND,9004892,Under Way,Indian Ocean
400004893,2026-01-04T09:33:00,9.692534,95.935324,19.7,202.2,278,Vessel_4894,Tanker,PAN,9004893,Anchored,Bay of Bengal
400004894,2026-01-04T09:34:00,10.201814,56.731731,7.0,288.4,11,Vessel_4895,Bulk Carrier,LBR,9004894,Under Way,Arabian Sea
400004895,2026-01-04T09:35:00,2.607172,67.333995,15.7,126.8,148,Vessel_4896,Bulk Carrier,IND,9004895,Under Way,Indian Ocean
400004896,2026-01-04T09:36:00,20.518436,91.754385,17.8,111.6,253,Vessel_4897,Fishing,MHL,9004896,Under Way,Bay of Bengal
400004897,2026-01-04T09:37:00,23.662002,74.183999,2.3,280.7,356,Vessel_4898,Cargo,LBR,9004897,Moored,Arabian Sea
400004898,2026-01-04T09:38:00,23.855295,70.526986,7.4,343.0,64,Vessel_4899,Tanker,IND,9004898,Moored,Arabian Sea
400004899,2026-01-04T09:39:00,5.563819,85.815407,10.6,220.3,297,Vessel_4900,Bulk Carrier,IND,9004899,Anchored,Bay of Bengal
400004900,2026-01-04T09:40:00,19.181936,72.685497,1.4,202.6,313,Vessel_4901,Bulk Carrier,PAN,9004900,Under Way,Arabian Sea
400004901,2026-01-04T09:41:00,14.026571,87.53119,8.2,352.0,109,Vessel_4902,Bulk Carrier,MHL,9004901,Under Way,Bay of Bengal
400004902,2026-01-04T09:42:00,14.471603,94.57143,20.5,40.8,21,Vessel_4903,Bulk Carrier,SGP,9004902,Anchored,Bay of Bengal
400004903,2026-01-04T09:43:00,6.078338,68.718072,10.0,331.5,101,Vessel_4904,Fishing,IND,9004903,Under Way,Arabian Sea
400004904,2026-01-04T09:44:00,-9.699646,95.746416,3.4,327.9,174,Vessel_4905,Bulk Carrier,SGP,9004904,Anchored,Indian Ocean
400004905,2026-01-04T09:45:00,14.647516,67.649828,21.7,335.9,252,Vessel_4906,Container,MHL,9004905,Anchored,Arabian Sea
400004906,2026-01-04T09:46:00,3.466519,80.937426,11.8,190.1,87,Vessel_4907,Tanker,SGP,9004906,Under Way,Indian Ocean
400004907,2026-01-04T09:47:00,8.883006,82.109676,7.3,62.5,305,Vessel_4908,Cargo,SGP,9004907,Under Way,Bay of Bengal
400004908,2026-01-04T09:48:00,3.605417,87.160061,21.2,117.7,19,Vessel_4909,Tanker,PAN,9004908,Moored,Indian Ocean
400004909,2026-01-04T09:49:00,15.604732,69.952859,15.0,303.6,151,Vessel_4910,Bulk Carrier,PAN,9004909,Anchored,Indian Ocean
400004910,2026-01-04T09:50:00,17.817678,65.117199,8.8,111.8,307,Vessel_4911,Container,LBR,9004910,Moored,Arabian Sea
400004911,2026-01-04T09:51:00,6.148611,71.279816,18.3,206.1,138,Vessel_4912,Bulk Carrier,SGP,9004911,Anchored,Arabian Sea
400004912,2026-01-04T09:52:00,21.77883,95.045062,5.3,302.4,184,Vessel_4913,Container,IND,9004912,Anchored,Bay of Bengal
400004913,2026-01-04T09:53:00,14.250628,89.713925,7.9,4.9,255,Vessel_4914,Bulk Carrier,IND,9004913,Moored,Bay of Bengal
400004914,2026-01-04T09:54:00,-8.373651,67.5314,9.8,52.0,322,Vessel_4915,Tanker,SGP,9004914,Anchored,Indian Ocean
400004915,2026-01-04T09:55:00,11.1984,60.094589,4.2,84.9,191,Vessel_4916,Bulk Carrier,MHL,9004915,Anchored,Indian Ocean
400004916,2026-01-04T09:56:00,5.31257,80.877696,6.9,11.1,316,Vessel_4917,Cargo,SGP,9004916,Anchored,Bay of Bengal
400004917,2026-01-04T09:57:00,5.142691,73.718901,3.7,62.5,196,Vessel_4918,Tanker,MHL,9004917,Under Way,Arabian Sea
400004918,2026-01-04T09:58:00,24.793847,69.864823,2.9,138.7,116,Vessel_4919,Cargo,IND,9004918,Anchored,Arabian Sea
400004919,2026-01-04T09:59:00,10.8567,73.082781,21.0,68.3,3,Vessel_4920,Tanker,LBR,9004919,Under Way,Arabian Sea
400004920,2026-01-04T10:00:00,3.466342,84.082617,12.8,113.6,128,Vessel_4921,Tanker,PAN,9004920,Under Way,Indian Ocean
400004921,2026-01-04T10:01:00,9.97633,82.906292,0.6,26.4,5,Vessel_4922,Tanker,PAN,9004921,Anchored,Indian Ocean
400004922,2026-01-04T10:02:00,18.564722,84.189506,7.9,288.1,115,Vessel_4923,Container,MHL,9004922,Anchored,Bay of Bengal
400004923,2026-01-04T10:03:00,14.436852,63.643967,8.0,94.7,122,Vessel_4924,Tanker,SGP,9004923,Moored,Arabian Sea
400004924,2026-01-04T10:04:00,21.125719,74.452845,17.2,135.1,50,Vessel_4925,Tanker,LBR,9004924,Anchored,Arabian Sea
400004925,2026-01-04T10:05:00,17.622346,80.390638,6.5,60.2,98,Vessel_4926,Container,LBR,9004925,Anchored,Bay of Bengal
400004926,2026-01-04T10:06:00,9.888325,91.957267,12.8,131.8,43,Vessel_4927,Bulk Carrier,PAN,9004926,Under Way,Bay of Bengal
400004927,2026-01-04T10:07:00,7.570102,64.919802,15.0,333.9,252,Vessel_4928,Container,SGP,9004927,Anchored,Arabian Sea
400004928,2026-01-04T10:08:00,11.318169,64.291797,20.1,224.2,268,Vessel_4929,Fishing,IND,9004928,Anchored,Arabian Sea
400004929,2026-01-04T10:09:00,6.615143,69.970978,10.5,38.0,58,Vessel_4930,Tanker,IND,9004929,Anchored,Indian Ocean
400004930,2026-01-04T10:10:00,19.466376,57.320191,6.4,289.3,159,Vessel_4931,Container,PAN,9004930,Anchored,Arabian Sea
400004931,2026-01-04T10:11:00,8.68617,96.475523,20.6,159.3,240,Vessel_4932,Container,IND,9004931,Moored,Bay of Bengal
400004932,2026-01-04T10:12:00,18.647864,63.045746,7.1,324.8,162,Vessel_4933,Tanker,MHL,9004932,Anchored,Arabian Sea
400004933,2026-01-04T10:13:00,17.584705,80.08846,5.6,320.5,332,Vessel_4934,Tanker,LBR,9004933,Anchored,Bay of Bengal
400004934,2026-01-04T10:14:00,14.230128,62.73905,4.5,314.8,58,Vessel_4935,Tanker,SGP,9004934,Anchored,Arabian Sea
400004935,2026-01-04T10:15:00,15.645156,72.141706,14.6,187.5,332,Vessel_4936,Tanker,LBR,9004935,Under Way,Arabian Sea
400004936,2026-01-04T10:16:00,23.750467,74.296195,10.3,136.7,216,Vessel_4937,Container,IND,9004936,Under Way,Arabian Sea
400004937,2026-01-04T10:17:00,16.394728,68.314077,18.7,333.8,162,Vessel_4938,Container,SGP,9004937,Anchored,Arabian Sea
400004938,2026-01-04T10:18:00,-8.282477,95.77373,9.6,294.3,76,Vessel_4939,Container,IND,9004938,Under Way,Indian Ocean
400004939,2026-01-04T10:19:00,19.791183,83.703956,16.8,61.9,338,Vessel_4940,Tanker,IND,9004939,Anchored,Bay of Bengal
400004940,2026-01-04T10:20:00,10.390762,85.249547,8.7,156.7,140,Vessel_4941,Fishing,SGP,9004940,Under Way,Bay of Bengal
400004941,2026-01-04T10:21:00,24.046637,56.24894,9.4,356.4,150,Vessel_4942,Cargo,IND,9004941,Under Way,Arabian Sea
400004942,2026-01-04T10:22:00,20.64961,84.710807,1.2,186.1,305,Vessel_4943,Container,IND,9004942,Moored,Bay of Bengal
400004943,2026-01-04T10:23:00,0.1382,65.952319,6.1,247.5,200,Vessel_4944,Container,SGP,9004943,Under Way,Indian Ocean
400004944,2026-01-04T10:24:00,9.872613,84.62817,4.1,332.2,50,Vessel_4945,Bulk Carrier,PAN,9004944,Moored,Bay of Bengal
400004945,2026-01-04T10:25:00,5.162337,80.607189,7.1,294.9,52,Vessel_4946,Tanker,SGP,9004945,Anchored,Bay of Bengal
400004946,2026-01-04T10:26:00,-6.873227,68.950621,14.8,230.0,123,Vessel_4947,Tanker,IND,9004946,Anchored,Indian Ocean
400004947,2026-01-04T10:27:00,7.958648,87.357653,14.1,192.3,295,Vessel_4948,Container,LBR,9004947,Moored,Indian Ocean
400004948,2026-01-04T10:28:00,5.909722,90.033706,16.9,81.6,7,Vessel_4949,Container,IND,9004948,Moored,Bay of Bengal
400004949,2026-01-04T10:29:00,-0.318681,94.346642,6.1,101.8,156,Vessel_4950,Bulk Carrier,SGP,9004949,Under Way,Indian Ocean
400004950,2026-01-04T10:30:00,16.936285,86.68015,14.4,234.4,311,Vessel_4951,Bulk Carrier,SGP,9004950,Anchored,Bay of Bengal
400004951,2026-01-04T10:31:00,4.334466,63.751168,9.4,277.1,79,Vessel_4952,Container,SGP,9004951,Under Way,Indian Ocean
400004952,2026-01-04T10:32:00,14.259519,88.095489,17.5,114.8,130,Vessel_4953,Tanker,MHL,9004952,Under Way,Indian Ocean
400004953,2026-01-04T10:33:00,5.315201,96.41486,2.5,117.6,203,Vessel_4954,Fishing,MHL,9004953,Moored,Bay of Bengal
400004954,2026-01-04T10:34:00,9.567316,80.321291,13.6,60.7,10,Vessel_4955,Container,PAN,9004954,Under Way,Bay of Bengal
400004955,2026-01-04T10:35:00,0.503019,96.868029,3.4,24.2,136,Vessel_4956,Bulk Carrier,SGP,9004955,Anchored,Indian Ocean
400004956,2026-01-04T10:36:00,13.59055,87.141107,4.5,315.5,310,Vessel_4957,Cargo,PAN,9004956,Under Way,Bay of Bengal
400004957,2026-01-04T10:37:00,20.978437,81.707287,13.1,309.4,18,Vessel_4958,Bulk Carrier,SGP,9004957,Moored,Bay of Bengal
400004958,2026-01-04T10:38:00,13.717593,96.054913,13.5,183.3,272,Vessel_4959,Tanker,LBR,9004958,Moored,Bay of Bengal
400004959,2026-01-04T10:39:00,6.780598,57.454763,21.1,295.0,235,Vessel_4960,Fishing,PAN,9004959,Moored,Arabian Sea
400004960,2026-01-04T10:40:00,22.563939,57.970401,18.2,57.5,123,Vessel_4961,Tanker,SGP,9004960,Anchored,Arabian Sea
400004961,2026-01-04T10:41:00,13.262777,82.46606,0.1,247.8,109,Vessel_4962,Fishing,PAN,9004961,Anchored,Bay of Bengal
400004962,2026-01-04T10:42:00,13.492366,68.781336,15.4,343.9,133,Vessel_4963,Tanker,SGP,9004962,Anchored,Arabian Sea
400004963,2026-01-04T10:43:00,14.936101,69.167844,4.1,72.4,333,Vessel_4964,Bulk Carrier,SGP,9004963,Moored,Arabian Sea
400004964,2026-01-04T10:44:00,19.669603,83.238167,17.3,242.8,158,Vessel_4965,Cargo,IND,9004964,Moored,Bay of Bengal
400004965,2026-01-04T10:45:00,8.147308,87.907167,5.2,172.7,57,Vessel_4966,Container,MHL,9004965,Anchored,Bay of Bengal
400004966,2026-01-04T10:46:00,17.35227,67.328868,3.2,18.1,339,Vessel_4967,Container,MHL,9004966,Under Way,Arabian Sea
400004967,2026-01-04T10:47:00,18.777654,91.743521,5.0,312.3,328,Vessel_4968,Tanker,MHL,9004967,Anchored,Indian Ocean
400004968,2026-01-04T10:48:00,16.714482,93.305443,12.0,177.5,310,Vessel_4969,Cargo,LBR,9004968,Anchored,Bay of Bengal
400004969,2026-01-04T10:49:00,13.511078,79.542538,10.1,125.0,76,Vessel_4970,Cargo,MHL,9004969,Moored,Indian Ocean
400004970,2026-01-04T10:50:00,-7.013651,98.435778,17.3,25.6,298,Vessel_4971,Cargo,IND,9004970,Under Way,Indian Ocean
400004971,2026-01-04T10:51:00,6.762369,91.874687,14.0,85.9,106,Vessel_4972,Tanker,IND,9004971,Under Way,Bay of Bengal
400004972,2026-01-04T10:52:00,10.578945,86.713202,16.8,15.9,133,Vessel_4973,Bulk Carrier,MHL,9004972,Anchored,Bay of Bengal
400004973,2026-01-04T10:53:00,14.968565,92.500216,15.7,314.8,87,Vessel_4974,Cargo,SGP,9004973,Moored,Indian Ocean
400004974,2026-01-04T10:54:00,8.627197,72.122042,19.9,200.2,127,Vessel_4975,Fishing,PAN,9004974,Moored,Arabian Sea
400004975,2026-01-04T10:55:00,6.006986,93.826445,16.8,206.6,106,Vessel_4976,Fishing,IND,9004975,Under Way,Bay of Bengal
400004976,2026-01-04T10:56:00,5.202937,89.482249,7.8,315.2,265,Vessel_4977,Cargo,LBR,9004976,Moored,Bay of Bengal
400004977,2026-01-04T10:57:00,7.477876,73.997238,2.5,292.9,283,Vessel_4978,Cargo,SGP,9004977,Anchored,Arabian Sea
400004978,2026-01-04T10:58:00,-8.377457,60.260949,21.9,214.0,228,Vessel_4979,Tanker,PAN,9004978,Under Way,Indian Ocean
400004979,2026-01-04T10:59:00,-3.043446,97.016326,18.5,108.3,306,Vessel_4980,Fishing,MHL,9004979,Under Way,Indian Ocean
400004980,2026-01-04T11:00:00,-9.906596,77.770515,6.1,233.4,118,Vessel_4981,Fishing,IND,9004980,Under Way,Indian Ocean
400004981,2026-01-04T11:01:00,20.859415,63.907747,14.8,206.4,202,Vessel_4982,Cargo,PAN,9004981,Anchored,Arabian Sea
400004982,2026-01-04T11:02:00,10.245968,87.913182,10.7,353.1,7,Vessel_4983,Container,SGP,9004982,Anchored,Bay of Bengal
400004983,2026-01-04T11:03:00,16.050201,89.138698,2.9,73.4,135,Vessel_4984,Fishing,IND,9004983,Moored,Bay of Bengal
400004984,2026-01-04T11:04:00,20.581093,55.548671,12.2,64.3,333,Vessel_4985,Cargo,MHL,9004984,Anchored,Arabian Sea
400004985,2026-01-04T11:05:00,21.119442,57.725629,20.0,100.6,246,Vessel_4986,Fishing,MHL,9004985,Under Way,Arabian Sea
400004986,2026-01-04T11:06:00,13.762569,93.25378,4.8,25.2,190,Vessel_4987,Bulk Carrier,PAN,9004986,Under Way,Bay of Bengal
400004987,2026-01-04T11:07:00,20.032282,94.52349,5.2,266.9,228,Vessel_4988,Tanker,LBR,9004987,Anchored,Bay of Bengal
400004988,2026-01-04T11:08:00,16.578073,88.881524,14.2,237.8,205,Vessel_4989,Cargo,SGP,9004988,Under Way,Bay of Bengal
400004989,2026-01-04T11:09:00,16.461415,74.738328,15.8,250.2,53,Vessel_4990,Fishing,PAN,9004989,Anchored,Arabian Sea
400004990,2026-01-04T11:10:00,-3.393443,83.798804,10.8,260.8,97,Vessel_4991,Container,IND,9004990,Under Way,Indian Ocean
400004991,2026-01-04T11:11:00,13.379207,81.389134,10.3,277.9,110,Vessel_4992,Bulk Carrier,MHL,9004991,Moored,Bay of Bengal
400004992,2026-01-04T11:12:00,-3.663776,76.566747,17.8,208.5,26,Vessel_4993,Tanker,PAN,9004992,Anchored,Indian Ocean
400004993,2026-01-04T11:13:00,-6.11229,79.072721,17.7,140.4,138,Vessel_4994,Bulk Carrier,PAN,9004993,Under Way,Indian Ocean
400004994,2026-01-04T11:14:00,12.337184,84.860295,10.5,52.9,164,Vessel_4995,Tanker,LBR,9004994,Anchored,Bay of Bengal
400004995,2026-01-04T11:15:00,16.510668,67.118091,7.4,319.9,196,Vessel_4996,Bulk Carrier,MHL,9004995,Moored,Arabian Sea
400004996,2026-01-04T11:16:00,7.587712,71.288899,21.7,325.4,17,Vessel_4997,Fishing,PAN,9004996,Anchored,Arabian Sea
400004997,2026-01-04T11:17:00,14.38112,98.787778,0.5,84.1,356,Vessel_4998,Container,IND,9004997,Moored,Indian Ocean
400004998,2026-01-04T11:18:00,16.367404,70.070588,17.4,305.1,276,Vessel_4999,Container,PAN,9004998,Anchored,Arabian Sea
400004999,2026-01-04T11:19:00,10.552913,92.67279,22.0,267.1,275,Vessel_5000,Tanker,LBR,9004999,Anchored,Bay of Bengal
