imo,mmsi,owner,operator,vessel_type,flag,build_year
9000000,400000000,Owner_0,Operator_0,Tanker,LBR,2018
9000001,400000001,Owner_1,Operator_1,Container,LBR,2001
9000002,400000002,Owner_2,Operator_2,Tanker,PAN,2014
9000003,400000003,Owner_3,Operator_3,Bulk Carrier,MHL,2000
9000004,400000004,Owner_4,Operator_4,Container,PAN,2011
9000005,400000005,Owner_5,Operator_5,Tanker,IND,2019
9000006,400000006,Owner_6,Operator_6,Tanker,PAN,1991
9000007,400000007,Owner_7,Operator_7,Bulk Carrier,MHL,2017
9000008,400000008,Owner_8,Operator_8,Fishing,IND,2023
9000009,400000009,Owner_9,Operator_9,Fishing,LBR,1991
9000010,400000010,Owner_10,Operator_10,Container,MHL,1996
9000011,400000011,Owner_11,Operator_11,Container,IND,1996
9000012,400000012,Owner_12,Operator_12,Tanker,MHL,1999
9000013,400000013,Owner_13,Operator_13,Cargo,SGP,1997
9000014,400000014,Owner_14,Operator_14,Cargo,SGP,2012
9000015,400000015,Owner_15,Operator_15,Container,SGP,2015
9000016,400000016,Owner_16,Operator_16,Fishing,PAN,2015
9000017,400000017,Owner_17,Operator_17,Container,SGP,2017
9000018,400000018,Owner_18,Operator_18,Cargo,SGP,2023
9000019,400000019,Owner_19,Operator_19,Cargo,MHL,2017
9000020,400000020,Owner_20,Operator_20,Tanker,IND,2016
9000021,400000021,Owner_21,Operator_21,Bulk Carrier,PAN,2012
9000022,400000022,Owner_22,Operator_22,Tanker,LBR,2014
9000023,400000023,Owner_23,Operator_23,Fishing,LBR,2020
9000024,400000024,Owner_24,Operator_24,Bulk Carrier,MHL,2025
9000025,400000025,Owner_25,Operator_25,Tanker,PAN,2000
9000026,400000026,Owner_26,Operator_26,Tanker,MHL,2003
9000027,400000027,Owner_27,Operator_27,Container,MHL,2012
9000028,400000028,Owner_28,Operator_28,Bulk Carrier,PAN,2002
9000029,400000029,Owner_29,Operator_29,Tanker,IND,2009
9000030,400000030,Owner_30,Operator_30,Tanker,LBR,1996
9000031,400000031,Owner_31,Operator_31,Tanker,SGP,2009
9000032,400000032,Owner_32,Operator_32,Cargo,SGP,2007
9000033,400000033,Owner_33,Operator_33,Cargo,MHL,2017
9000034,400000034,Owner_34,Operator_34,Tanker,IND,1997
9000035,400000035,Owner_35,Operator_35,Container,SGP,2020
9000036,400000036,Owner_36,Operator_36,Bulk Carrier,PAN,2019
9000037,400000037,Owner_37,Operator_37,Fishing,PAN,2007
9000038,400000038,Owner_38,Operator_38,Bulk Carrier,MHL,2014
9000039,400000039,Owner_39,Operator_39,Container,IND,2001
9000040,400000040,Owner_40,Operator_40,Bulk Carrier,MHL,2015
9000041,400000041,Owner_41,Operator_41,Tanker,MHL,1990
9000042,400000042,Owner_42,Operator_42,Container,MHL,2009
9000043,400000043,Owner_43,Operator_43,Container,IND,1992
9000044,400000044,Owner_44,Operator_44,Fishing,IND,2019
9000045,400000045,Owner_45,Operator_45,Bulk Carrier,MHL,2000
9000046,400000046,Owner_46,Operator_46,Cargo,MHL,1992
9000047,400000047,Owner_47,Operator_47,Fishing,PAN,2018
9000048,400000048,Owner_48,Operator_48,Fishing,IND,1995
9000049,400000049,Owner_49,Operator_49,Fishing,IND,1993
9000050,400000050,Owner_50,Operator_50,Container,IND,2021
9000051,400000051,Owner_51,Operator_51,Tanker,MHL,2020
9000052,400000052,Owner_52,Operator_52,Bulk Carrier,MHL,1998
9000053,400000053,Owner_53,Operator_53,Fishing,SGP,2001
9000054,400000054,Owner_54,Operator_54,Bulk Carrier,IND,2024
9000055,400000055,Owner_55,Operator_55,Fishing,PAN,2021
9000056,400000056,Owner_56,Operator_56,Fishing,PAN,2020
9000057,400000057,Owner_57,Operator_57,Bulk Carrier,SGP,2017
9000058,400000058,Owner_58,Operator_58,Fishing,IND,2007
9000059,400000059,Owner_59,Operator_59,Bulk Carrier,PAN,1993
9000060,400000060,Owner_60,Operator_60,Container,PAN,1999
9000061,400000061,Owner_61,Operator_61,Fishing,IND,2015
9000062,400000062,Owner_62,Operator_62,Tanker,PAN,2015
9000063,400000063,Owner_63,Operator_63,Cargo,PAN,1990
9000064,400000064,Owner_64,Operator_64,Tanker,SGP,1996
9000065,400000065,Owner_65,Operator_65,Bulk Carrier,SGP,1998
9000066,400000066,Owner_66,Operator_66,Container,SGP,2016
9000067,400000067,Owner_67,Operator_67,Cargo,LBR,1996
9000068,400000068,Owner_68,Operator_68,Container,SGP,2018
9000069,400000069,Owner_69,Operator_69,Container,PAN,2019
9000070,400000070,Owner_70,Operator_70,Fishing,IND,2002
9000071,400000071,Owner_71,Operator_71,Bulk Carrier,MHL,2020
9000072,400000072,Owner_72,Operator_72,Tanker,IND,2009
9000073,400000073,Owner_73,Operator_73,Bulk Carrier,IND,1999
9000074,400000074,Owner_74,Operator_74,Bulk Carrier,MHL,2002
9000075,400000075,Owner_75,Operator_75,Fishing,LBR,2004
9000076,400000076,Owner_76,Operator_76,Container,IND,1993
9000077,400000077,Owner_77,Operator_77,Tanker,LBR,2021
9000078,400000078,Owner_78,Operator_78,Cargo,PAN,2002
9000079,400000079,Owner_79,Operator_79,Fishing,IND,1992
9000080,400000080,Owner_80,Operator_80,Tanker,PAN,2006
9000081,400000081,Owner_81,Operator_81,Container,LBR,2005
9000082,400000082,Owner_82,Operator_82,Tanker,SGP,1998
9000083,400000083,Owner_83,Operator_83,Container,IND,2018
9000084,400000084,Owner_84,Operator_84,Cargo,PAN,2017
9000085,400000085,Owner_85,Operator_85,Bulk Carrier,IND,2009
9000086,400000086,Owner_86,Operator_86,Fishing,MHL,2023
9000087,400000087,Owner_87,Operator_87,Fishing,LBR,2023
9000088,400000088,Owner_88,Operator_88,Tanker,LBR,2010
9000089,400000089,Owner_89,Operator_89,Container,LBR,1992
9000090,400000090,Owner_90,Operator_90,Bulk Carrier,SGP,1991
9000091,400000091,Owner_91,Operator_91,Cargo,PAN,2004
9000092,400000092,Owner_92,Operator_92,Fishing,LBR,2016
9000093,400000093,Owner_93,Operator_93,Bulk Carrier,SGP,1996
9000094,400000094,Owner_94,Operator_94,Cargo,MHL,2006
9000095,400000095,Owner_95,Operator_95,Cargo,PAN,2014
9000096,400000096,Owner_96,Operator_96,Fishing,IND,2025
9000097,400000097,Owner_97,Operator_97,Bulk Carrier,IND,2011
9000098,400000098,Owner_98,Operator_98,Bulk Carrier,SGP,2007
9000099,400000099,Owner_99,Operator_99,Bulk Carrier,LBR,2006
9000100,400000100,Owner_100,Operator_100,Tanker,MHL,2006
9000101,400000101,Owner_101,Operator_101,Tanker,IND,2004
9000102,400000102,Owner_102,Operator_102,Cargo,SGP,2002
9000103,400000103,Owner_103,Operator_103,Bulk Carrier,IND,1996
9000104,400000104,Owner_104,Operator_104,Cargo,IND,2001
9000105,400000105,Owner_105,Operator_105,Tanker,SGP,1993
9000106,400000106,Owner_106,Operator_106,Container,SGP,2005
9000107,400000107,Owner_107,Operator_107,Container,SGP,2006
9000108,400000108,Owner_108,Operator_108,Container,LBR,2019
9000109,400000109,Owner_109,Operator_109,Bulk Carrier,SGP,1992
9000110,400000110,Owner_110,Operator_110,Bulk Carrier,PAN,2017
9000111,400000111,Owner_111,Operator_111,Tanker,IND,2012
9000112,400000112,Owner_112,Operator_112,Tanker,IND,2023
9000113,400000113,Owner_113,Operator_113,Fishing,IND,2015
9000114,400000114,Owner_114,Operator_114,Tanker,PAN,1997
9000115,400000115,Owner_115,Operator_115,Fishing,MHL,2020
9000116,400000116,Owner_116,Operator_116,Container,PAN,2009
9000117,400000117,Owner_117,Operator_117,Tanker,IND,2003
9000118,400000118,Owner_118,Operator_118,Tanker,SGP,2019
9000119,400000119,Owner_119,Operator_119,Bulk Carrier,SGP,2011
9000120,400000120,Owner_120,Operator_120,Tanker,IND,1993
9000121,400000121,Owner_121,Operator_121,Fishing,IND,2003
9000122,400000122,Owner_122,Operator_122,Bulk Carrier,IND,2000
9000123,400000123,Owner_123,Operator_123,Tanker,MHL,2002
9000124,400000124,Owner_124,Operator_124,Fishing,MHL,2008
9000125,400000125,Owner_125,Operator_125,Bulk Carrier,IND,2013
9000126,400000126,Owner_126,Operator_126,Tanker,LBR,2010
9000127,400000127,Owner_127,Operator_127,Container,PAN,2021
9000128,400000128,Owner_128,Operator_128,Container,MHL,2024
9000129,400000129,Owner_129,Operator_129,Bulk Carrier,MHL,2012
9000130,400000130,Owner_130,Operator_130,Tanker,PAN,2005
9000131,400000131,Owner_131,Operator_131,Fishing,IND,1997
9000132,400000132,Owner_132,Operator_132,Container,IND,2003
9000133,400000133,Owner_133,Operator_133,Bulk Carrier,SGP,2014
9000134,400000134,Owner_134,Operator_134,Container,IND,2014
9000135,400000135,Owner_135,Operator_135,Tanker,LBR,2004
9000136,400000136,Owner_136,Operator_136,Cargo,MHL,2020
9000137,400000137,Owner_137,Operator_137,Bulk Carrier,MHL,2011
9000138,400000138,Owner_138,Operator_138,Tanker,MHL,1996
9000139,400000139,Owner_139,Operator_139,Cargo,PAN,2024
9000140,400000140,Owner_140,Operator_140,Container,IND,2002
9000141,400000141,Owner_141,Operator_141,Cargo,MHL,2020
9000142,400000142,Owner_142,Operator_142,Tanker,LBR,2016
9000143,400000143,Owner_143,Operator_143,Tanker,MHL,1990
9000144,400000144,Owner_144,Operator_144,Fishing,SGP,2016
9000145,400000145,Owner_145,Operator_145,Bulk Carrier,SGP,2006
9000146,400000146,Owner_146,Operator_146,Fishing,LBR,2009
9000147,400000147,Owner_147,Operator_147,Container,PAN,2003
9000148,400000148,Owner_148,Operator_148,Cargo,MHL,2011
9000149,400000149,Owner_149,Operator_149,Container,PAN,2021
9000150,400000150,Owner_150,Operator_150,Bulk Carrier,PAN,2014
9000151,400000151,Owner_151,Operator_151,Container,MHL,2023
9000152,400000152,Owner_152,Operator_152,Cargo,SGP,2007
9000153,400000153,Owner_153,Operator_153,Fishing,MHL,2015
9000154,400000154,Owner_154,Operator_154,Container,PAN,1990
9000155,400000155,Owner_155,Operator_155,Fishing,MHL,2007
9000156,400000156,Owner_156,Operator_156,Tanker,SGP,1991
9000157,400000157,Owner_157,Operator_157,Cargo,SGP,2002
9000158,400000158,Owner_158,Operator_158,Fishing,PAN,2010
9000159,400000159,Owner_159,Operator_159,Bulk Carrier,LBR,1998
9000160,400000160,Owner_160,Operator_160,Bulk Carrier,PAN,2012
9000161,400000161,Owner_161,Operator_161,Tanker,PAN,2000
9000162,400000162,Owner_162,Operator_162,Cargo,LBR,2008
9000163,400000163,Owner_163,Operator_163,Bulk Carrier,IND,1999
9000164,400000164,Owner_164,Operator_164,Tanker,MHL,1993
9000165,400000165,Owner_165,Operator_165,Container,MHL,2019
9000166,400000166,Owner_166,Operator_166,Bulk Carrier,MHL,2025
9000167,400000167,Owner_167,Operator_167,Bulk Carrier,MHL,1990
9000168,400000168,Owner_168,Operator_168,Container,MHL,2011
9000169,400000169,Owner_169,Operator_169,Bulk Carrier,MHL,2020
9000170,400000170,Owner_170,Operator_170,Tanker,SGP,2009
9000171,400000171,Owner_171,Operator_171,Cargo,MHL,2016
9000172,400000172,Owner_172,Operator_172,Fishing,LBR,1998
9000173,400000173,Owner_173,Operator_173,Container,LBR,2020
9000174,400000174,Owner_174,Operator_174,Fishing,LBR,1995
9000175,400000175,Owner_175,Operator_175,Fishing,MHL,2018
9000176,400000176,Owner_176,Operator_176,Fishing,SGP,2014
9000177,400000177,Owner_177,Operator_177,Cargo,MHL,2013
9000178,400000178,Owner_178,Operator_178,Container,SGP,2018
9000179,400000179,Owner_179,Operator_179,Fishing,MHL,2005
9000180,400000180,Owner_180,Operator_180,Tanker,LBR,2000
9000181,400000181,Owner_181,Operator_181,Fishing,MHL,2007
9000182,400000182,Owner_182,Operator_182,Container,PAN,2004
9000183,400000183,Owner_183,Operator_183,Cargo,IND,2003
9000184,400000184,Owner_184,Operator_184,Fishing,LBR,2002
9000185,400000185,Owner_185,Operator_185,Container,PAN,2013
9000186,400000186,Owner_186,Operator_186,Tanker,MHL,2011
9000187,400000187,Owner_187,Operator_187,Container,PAN,2000
9000188,400000188,Owner_188,Operator_188,Fishing,LBR,2011
9000189,400000189,Owner_189,Operator_189,Cargo,PAN,2024
9000190,400000190,Owner_190,Operator_190,Cargo,PAN,1996
9000191,400000191,Owner_191,Operator_191,Container,MHL,1990
9000192,400000192,Owner_192,Operator_192,Container,SGP,1998
9000193,400000193,Owner_193,Operator_193,Bulk Carrier,LBR,1999
9000194,400000194,Owner_194,Operator_194,Tanker,IND,2015
9000195,400000195,Owner_195,Operator_195,Fishing,IND,1995
9000196,400000196,Owner_196,Operator_196,Tanker,MHL,2015
9000197,400000197,Owner_197,Operator_197,Cargo,IND,2021
9000198,400000198,Owner_198,Operator_198,Fishing,MHL,2001
9000199,400000199,Owner_199,Operator_199,Cargo,SGP,1996
9000200,400000200,Owner_200,Operator_0,Tanker,LBR,2020
9000201,400000201,Owner_201,Operator_1,Cargo,SGP,1999
9000202,400000202,Owner_202,Operator_2,Container,PAN,2002
9000203,400000203,Owner_203,Operator_3,Fishing,IND,2010
9000204,400000204,Owner_204,Operator_4,Cargo,IND,2019
9000205,400000205,Owner_205,Operator_5,Tanker,PAN,2006
9000206,400000206,Owner_206,Operator_6,Fishing,IND,2004
9000207,400000207,Owner_207,Operator_7,Container,SGP,2025
9000208,400000208,Owner_208,Operator_8,Tanker,MHL,2006
9000209,400000209,Owner_209,Operator_9,Container,SGP,2015
9000210,400000210,Owner_210,Operator_10,Fishing,LBR,2024
9000211,400000211,Owner_211,Operator_11,Fishing,PAN,2001
9000212,400000212,Owner_212,Operator_12,Cargo,SGP,2006
9000213,400000213,Owner_213,Operator_13,Fishing,PAN,2010
9000214,400000214,Owner_214,Operator_14,Cargo,IND,2023
9000215,400000215,Owner_215,Operator_15,Bulk Carrier,SGP,2013
9000216,400000216,Owner_216,Operator_16,Bulk Carrier,IND,2016
9000217,400000217,Owner_217,Operator_17,Bulk Carrier,SGP,1996
9000218,400000218,Owner_218,Operator_18,Tanker,PAN,1996
9000219,400000219,Owner_219,Operator_19,Container,PAN,2016
9000220,400000220,Owner_220,Operator_20,Fishing,MHL,2013
9000221,400000221,Owner_221,Operator_21,Bulk Carrier,IND,1991
9000222,400000222,Owner_222,Operator_22,Container,LBR,2004
9000223,400000223,Owner_223,Operator_23,Bulk Carrier,MHL,1995
9000224,400000224,Owner_224,Operator_24,Cargo,SGP,2015
9000225,400000225,Owner_225,Operator_25,Fishing,LBR,2018
9000226,400000226,Owner_226,Operator_26,Cargo,LBR,2022
9000227,400000227,Owner_227,Operator_27,Fishing,IND,2025
9000228,400000228,Owner_228,Operator_28,Tanker,PAN,2015
9000229,400000229,Owner_229,Operator_29,Fishing,SGP,1993
9000230,400000230,Owner_230,Operator_30,Fishing,PAN,2020
9000231,400000231,Owner_231,Operator_31,Bulk Carrier,IND,2006
9000232,400000232,Owner_232,Operator_32,Container,LBR,2005
9000233,400000233,Owner_233,Operator_33,Fishing,IND,2002
9000234,400000234,Owner_234,Operator_34,Tanker,PAN,2002
9000235,400000235,Owner_235,Operator_35,Tanker,SGP,2013
9000236,400000236,Owner_236,Operator_36,Container,IND,2016
9000237,400000237,Owner_237,Operator_37,Bulk Carrier,PAN,2000
9000238,400000238,Owner_238,Operator_38,Container,PAN,1994
9000239,400000239,Owner_239,Operator_39,Bulk Carrier,LBR,2004
9000240,400000240,Owner_240,Operator_40,Container,SGP,1999
9000241,400000241,Owner_241,Operator_41,Container,MHL,2018
9000242,400000242,Owner_242,Operator_42,Cargo,PAN,2021
9000243,400000243,Owner_243,Operator_43,Bulk Carrier,MHL,1994
9000244,400000244,Owner_244,Operator_44,Container,LBR,2012
9000245,400000245,Owner_245,Operator_45,Cargo,MHL,2018
9000246,400000246,Owner_246,Operator_46,Cargo,MHL,2025
9000247,400000247,Owner_247,Operator_47,Bulk Carrier,SGP,1995
9000248,400000248,Owner_248,Operator_48,Tanker,SGP,2006
9000249,400000249,Owner_249,Operator_49,Bulk Carrier,PAN,1990
9000250,400000250,Owner_250,Operator_50,Bulk Carrier,SGP,2019
9000251,400000251,Owner_251,Operator_51,Fishing,PAN,2005
9000252,400000252,Owner_252,Operator_52,Container,SGP,2020
9000253,400000253,Owner_253,Operator_53,Cargo,IND,1997
9000254,400000254,Owner_254,Operator_54,Fishing,IND,2005
9000255,400000255,Owner_255,Operator_55,Bulk Carrier,SGP,1992
9000256,400000256,Owner_256,Operator_56,Container,MHL,1990
9000257,400000257,Owner_257,Operator_57,Tanker,PAN,1998
9000258,400000258,Owner_258,Operator_58,Container,LBR,2008
9000259,400000259,Owner_259,Operator_59,Tanker,IND,1994
9000260,400000260,Owner_260,Operator_60,Container,MHL,2007
9000261,400000261,Owner_261,Operator_61,Fishing,PAN,2001
9000262,400000262,Owner_262,Operator_62,Fishing,IND,2016
9000263,400000263,Owner_263,Operator_63,Container,PAN,2003
9000264,400000264,Owner_264,Operator_64,Tanker,IND,1996
9000265,400000265,Owner_265,Operator_65,Bulk Carrier,LBR,1996
9000266,400000266,Owner_266,Operator_66,Tanker,LBR,2009
9000267,400000267,Owner_267,Operator_67,Fishing,PAN,2011
9000268,400000268,Owner_268,Operator_68,Bulk Carrier,PAN,2023
9000269,400000269,Owner_269,Operator_69,Container,SGP,2008
9000270,400000270,Owner_270,Operator_70,Tanker,IND,2024
9000271,400000271,Owner_271,Operator_71,Bulk Carrier,IND,2000
9000272,400000272,Owner_272,Operator_72,Fishing,LBR,1998
9000273,400000273,Owner_273,Operator_73,Container,MHL,1990
9000274,400000274,Owner_274,Operator_74,Cargo,PAN,2006
9000275,400000275,Owner_275,Operator_75,Bulk Carrier,MHL,2005
9000276,400000276,Owner_276,Operator_76,Container,SGP,2019
9000277,400000277,Owner_277,Operator_77,Bulk Carrier,LBR,2010
9000278,400000278,Owner_278,Operator_78,Fishing,PAN,2009
9000279,400000279,Owner_279,Operator_79,Fishing,PAN,2022
9000280,400000280,Owner_280,Operator_80,Container,LBR,2011
9000281,400000281,Owner_281,Operator_81,Cargo,IND,1993
9000282,400000282,Owner_282,Operator_82,Bulk Carrier,IND,2017
9000283,400000283,Owner_283,Operator_83,Fishing,IND,1990
9000284,400000284,Owner_284,Operator_84,Fishing,MHL,2019
9000285,400000285,Owner_285,Operator_85,Container,IND,2006
9000286,400000286,Owner_286,Operator_86,Container,PAN,2014
9000287,400000287,Owner_287,Operator_87,Tanker,IND,2017
9000288,400000288,Owner_288,Operator_88,Cargo,MHL,2002
9000289,400000289,Owner_289,Operator_89,Tanker,LBR,1991
9000290,400000290,Owner_290,Operator_90,Tanker,LBR,2003
9000291,400000291,Owner_291,Operator_91,Bulk Carrier,PAN,1994
9000292,400000292,Owner_292,Operator_92,Bulk Carrier,IND,1999
9000293,400000293,Owner_293,Operator_93,Cargo,SGP,2021
9000294,400000294,Owner_294,Operator_94,Bulk Carrier,IND,2006
9000295,400000295,Owner_295,Operator_95,Fishing,SGP,1996
9000296,400000296,Owner_296,Operator_96,Tanker,LBR,1996
9000297,400000297,Owner_297,Operator_97,Bulk Carrier,IND,2001
9000298,400000298,Owner_298,Operator_98,Fishing,LBR,1995
9000299,400000299,Owner_299,Operator_99,Cargo,SGP,2015
9000300,400000300,Owner_0,Operator_100,Container,LBR,2014
9000301,400000301,Owner_1,Operator_101,Container,SGP,2011
9000302,400000302,Owner_2,Operator_102,Cargo,PAN,2010
9000303,400000303,Owner_3,Operator_103,Fishing,PAN,2003
9000304,400000304,Owner_4,Operator_104,Tanker,LBR,2014
9000305,400000305,Owner_5,Operator_105,Bulk Carrier,IND,2000
9000306,400000306,Owner_6,Operator_106,Fishing,IND,2007
9000307,400000307,Owner_7,Operator_107,Fishing,PAN,2016
9000308,400000308,Owner_8,Operator_108,Container,IND,2010
9000309,400000309,Owner_9,Operator_109,Fishing,IND,2021
9000310,400000310,Owner_10,Operator_110,Tanker,LBR,1995
9000311,400000311,Owner_11,Operator_111,Container,LBR,2015
9000312,400000312,Owner_12,Operator_112,Bulk Carrier,SGP,2024
9000313,400000313,Owner_13,Operator_113,Cargo,SGP,2016
9000314,400000314,Owner_14,Operator_114,Tanker,SGP,2015
9000315,400000315,Owner_15,Operator_115,Container,MHL,2008
9000316,400000316,Owner_16,Operator_116,Container,PAN,2021
9000317,400000317,Owner_17,Operator_117,Cargo,SGP,2014
9000318,400000318,Owner_18,Operator_118,Bulk Carrier,MHL,1999
9000319,400000319,Owner_19,Operator_119,Container,MHL,2010
9000320,400000320,Owner_20,Operator_120,Bulk Carrier,IND,1998
9000321,400000321,Owner_21,Operator_121,Tanker,PAN,2004
9000322,400000322,Owner_22,Operator_122,Fishing,IND,2025
9000323,400000323,Owner_23,Operator_123,Tanker,SGP,2002
9000324,400000324,Owner_24,Operator_124,Bulk Carrier,SGP,2006
9000325,400000325,Owner_25,Operator_125,Cargo,SGP,1992
9000326,400000326,Owner_26,Operator_126,Cargo,SGP,1998
9000327,400000327,Owner_27,Operator_127,Tanker,PAN,2022
9000328,400000328,Owner_28,Operator_128,Container,LBR,2002
9000329,400000329,Owner_29,Operator_129,Fishing,MHL,2024
9000330,400000330,Owner_30,Operator_130,Cargo,MHL,2025
9000331,400000331,Owner_31,Operator_131,Fishing,MHL,2006
9000332,400000332,Owner_32,Operator_132,Cargo,MHL,2020
9000333,400000333,Owner_33,Operator_133,Container,LBR,2013
9000334,400000334,Owner_34,Operator_134,Bulk Carrier,MHL,2019
9000335,400000335,Owner_35,Operator_135,Bulk Carrier,PAN,1993
9000336,400000336,Owner_36,Operator_136,Cargo,MHL,1993
9000337,400000337,Owner_37,Operator_137,Container,IND,2023
9000338,400000338,Owner_38,Operator_138,Fishing,MHL,1991
9000339,400000339,Owner_39,Operator_139,Tanker,MHL,2013
9000340,400000340,Owner_40,Operator_140,Tanker,SGP,2007
9000341,400000341,Owner_41,Operator_141,Bulk Carrier,SGP,2017
9000342,400000342,Owner_42,Operator_142,Fishing,IND,1996
9000343,400000343,Owner_43,Operator_143,Fishing,MHL,2005
9000344,400000344,Owner_44,Operator_144,Fishing,MHL,2015
9000345,400000345,Owner_45,Operator_145,Container,LBR,2018
9000346,400000346,Owner_46,Operator_146,Cargo,IND,2014
9000347,400000347,Owner_47,Operator_147,Fishing,LBR,2005
9000348,400000348,Owner_48,Operator_148,Tanker,MHL,2018
9000349,400000349,Owner_49,Operator_149,Bulk Carrier,IND,2021
9000350,400000350,Owner_50,Operator_150,Bulk Carrier,LBR,2016
9000351,400000351,Owner_51,Operator_151,Bulk Carrier,PAN,2001
9000352,400000352,Owner_52,Operator_152,Tanker,SGP,2024
9000353,400000353,Owner_53,Operator_153,Tanker,PAN,1997
9000354,400000354,Owner_54,Operator_154,Fishing,LBR,1993
9000355,400000355,Owner_55,Operator_155,Bulk Carrier,PAN,2019
9000356,400000356,Owner_56,Operator_156,Bulk Carrier,PAN,2008
9000357,400000357,Owner_57,Operator_157,Fishing,MHL,2018
9000358,400000358,Owner_58,Operator_158,Container,SGP,2008
9000359,400000359,Owner_59,Operator_159,Cargo,SGP,2003
9000360,400000360,Owner_60,Operator_160,Bulk Carrier,PAN,2008
9000361,400000361,Owner_61,Operator_161,Cargo,LBR,2000
9000362,400000362,Owner_62,Operator_162,Cargo,SGP,2023
9000363,400000363,Owner_63,Operator_163,Cargo,SGP,2006
9000364,400000364,Owner_64,Operator_164,Cargo,SGP,2022
9000365,400000365,Owner_65,Operator_165,Tanker,SGP,1993
9000366,400000366,Owner_66,Operator_166,Cargo,IND,1999
9000367,400000367,Owner_67,Operator_167,Cargo,MHL,1998
9000368,400000368,Owner_68,Operator_168,Tanker,SGP,1991
9000369,400000369,Owner_69,Operator_169,Bulk Carrier,SGP,1993
9000370,400000370,Owner_70,Operator_170,Tanker,SGP,2013
9000371,400000371,Owner_71,Operator_171,Tanker,IND,2016
9000372,400000372,Owner_72,Operator_172,Bulk Carrier,MHL,2012
9000373,400000373,Owner_73,Operator_173,Container,IND,1995
9000374,400000374,Owner_74,Operator_174,Fishing,LBR,1994
9000375,400000375,Owner_75,Operator_175,Tanker,MHL,1994
9000376,400000376,Owner_76,Operator_176,Tanker,LBR,2019
9000377,400000377,Owner_77,Operator_177,Cargo,IND,2012
9000378,400000378,Owner_78,Operator_178,Bulk Carrier,IND,2007
9000379,400000379,Owner_79,Operator_179,Container,SGP,2006
9000380,400000380,Owner_80,Operator_180,Cargo,PAN,1995
9000381,400000381,Owner_81,Operator_181,Container,SGP,2017
9000382,400000382,Owner_82,Operator_182,Tanker,IND,2012
9000383,400000383,Owner_83,Operator_183,Container,MHL,2008
9000384,400000384,Owner_84,Operator_184,Container,SGP,2025
9000385,400000385,Owner_85,Operator_185,Cargo,IND,2017
9000386,400000386,Owner_86,Operator_186,Fishing,SGP,1996
9000387,400000387,Owner_87,Operator_187,Tanker,SGP,2018
9000388,400000388,Owner_88,Operator_188,Container,SGP,2022
9000389,400000389,Owner_89,Operator_189,Cargo,LBR,1996
9000390,400000390,Owner_90,Operator_190,Bulk Carrier,LBR,2006
9000391,400000391,Owner_91,Operator_191,Cargo,SGP,1996
9000392,400000392,Owner_92,Operator_192,Bulk Carrier,LBR,2000
9000393,400000393,Owner_93,Operator_193,Cargo,LBR,2004
9000394,400000394,Owner_94,Operator_194,Fishing,IND,2015
9000395,400000395,Owner_95,Operator_195,Bulk Carrier,IND,2008
9000396,400000396,Owner_96,Operator_196,Bulk Carrier,IND,2006
9000397,400000397,Owner_97,Operator_197,Fishing,SGP,2002
9000398,400000398,Owner_98,Operator_198,Cargo,MHL,2010
9000399,400000399,Owner_99,Operator_199,Bulk Carrier,SGP,2017
9000400,400000400,Owner_100,Operator_0,Tanker,LBR,2005
9000401,400000401,Owner_101,Operator_1,Bulk Carrier,SGP,2013
9000402,400000402,Owner_102,Operator_2,Tanker,MHL,2016
9000403,400000403,Owner_103,Operator_3,Container,IND,2000
9000404,400000404,Owner_104,Operator_4,Cargo,MHL,2009
9000405,400000405,Owner_105,Operator_5,Bulk Carrier,MHL,2004
9000406,400000406,Owner_106,Operator_6,Tanker,LBR,2011
9000407,400000407,Owner_107,Operator_7,Cargo,SGP,2013
9000408,400000408,Owner_108,Operator_8,Tanker,PAN,2022
9000409,400000409,Owner_109,Operator_9,Bulk Carrier,MHL,2025
9000410,400000410,Owner_110,Operator_10,Container,MHL,1997
9000411,400000411,Owner_111,Operator_11,Fishing,SGP,2023
9000412,400000412,Owner_112,Operator_12,Fishing,PAN,1998
9000413,400000413,Owner_113,Operator_13,Tanker,PAN,2004
9000414,400000414,Owner_114,Operator_14,Bulk Carrier,PAN,1990
9000415,400000415,Owner_115,Operator_15,Fishing,PAN,2001
9000416,400000416,Owner_116,Operator_16,Container,SGP,2010
9000417,400000417,Owner_117,Operator_17,Container,IND,1999
9000418,400000418,Owner_118,Operator_18,Container,LBR,2019
9000419,400000419,Owner_119,Operator_19,Cargo,LBR,1993
9000420,400000420,Owner_120,Operator_20,Bulk Carrier,IND,2024
9000421,400000421,Owner_121,Operator_21,Tanker,MHL,2015
9000422,400000422,Owner_122,Operator_22,Tanker,SGP,1990
9000423,400000423,Owner_123,Operator_23,Fishing,LBR,2012
9000424,400000424,Owner_124,Operator_24,Tanker,IND,2025
9000425,400000425,Owner_125,Operator_25,Fishing,IND,2008
9000426,400000426,Owner_126,Operator_26,Container,IND,2012
9000427,400000427,Owner_127,Operator_27,Tanker,IND,2023
9000428,400000428,Owner_128,Operator_28,Cargo,LBR,2012
9000429,400000429,Owner_129,Operator_29,Bulk Carrier,IND,1992
9000430,400000430,Owner_130,Operator_30,Cargo,IND,2007
9000431,400000431,Owner_131,Operator_31,Bulk Carrier,PAN,2020
9000432,400000432,Owner_132,Operator_32,Cargo,LBR,1998
9000433,400000433,Owner_133,Operator_33,Bulk Carrier,LBR,1999
9000434,400000434,Owner_134,Operator_34,Cargo,MHL,1994
9000435,400000435,Owner_135,Operator_35,Tanker,PAN,2013
9000436,400000436,Owner_136,Operator_36,Cargo,SGP,2021
9000437,400000437,Owner_137,Operator_37,Tanker,SGP,2012
9000438,400000438,Owner_138,Operator_38,Container,PAN,1990
9000439,400000439,Owner_139,Operator_39,Tanker,SGP,2004
9000440,400000440,Owner_140,Operator_40,Tanker,SGP,2019
9000441,400000441,Owner_141,Operator_41,Cargo,PAN,2021
9000442,400000442,Owner_142,Operator_42,Cargo,LBR,2025
9000443,400000443,Owner_143,Operator_43,Bulk Carrier,IND,2009
9000444,400000444,Owner_144,Operator_44,Bulk Carrier,SGP,1992
9000445,400000445,Owner_145,Operator_45,Cargo,PAN,1996
9000446,400000446,Owner_146,Operator_46,Bulk Carrier,IND,2018
9000447,400000447,Owner_147,Operator_47,Tanker,MHL,2002
9000448,400000448,Owner_148,Operator_48,Tanker,PAN,1995
9000449,400000449,Owner_149,Operator_49,Cargo,PAN,2012
9000450,400000450,Owner_150,Operator_50,Tanker,IND,2019
9000451,400000451,Owner_151,Operator_51,Bulk Carrier,PAN,1995
9000452,400000452,Owner_152,Operator_52,Tanker,IND,2004
9000453,400000453,Owner_153,Operator_53,Cargo,MHL,2005
9000454,400000454,Owner_154,Operator_54,Tanker,MHL,2001
9000455,400000455,Owner_155,Operator_55,Container,PAN,2002
9000456,400000456,Owner_156,Operator_56,Bulk Carrier,LBR,2003
9000457,400000457,Owner_157,Operator_57,Cargo,SGP,1991
9000458,400000458,Owner_158,Operator_58,Cargo,PAN,2011
9000459,400000459,Owner_159,Operator_59,Cargo,IND,2007
9000460,400000460,Owner_160,Operator_60,Bulk Carrier,LBR,2014
9000461,400000461,Owner_161,Operator_61,Container,IND,2014
9000462,400000462,Owner_162,Operator_62,Cargo,SGP,2013
9000463,400000463,Owner_163,Operator_63,Tanker,IND,1994
9000464,400000464,Owner_164,Operator_64,Tanker,MHL,2003
9000465,400000465,Owner_165,Operator_65,Container,PAN,2020
9000466,400000466,Owner_166,Operator_66,Container,LBR,1997
9000467,400000467,Owner_167,Operator_67,Bulk Carrier,IND,1991
9000468,400000468,Owner_168,Operator_68,Container,IND,1995
9000469,400000469,Owner_169,Operator_69,Cargo,LBR,1991
9000470,400000470,Owner_170,Operator_70,Tanker,PAN,2013
9000471,400000471,Owner_171,Operator_71,Tanker,MHL,2007
9000472,400000472,Owner_172,Operator_72,Fishing,IND,2006
9000473,400000473,Owner_173,Operator_73,Tanker,SGP,2009
9000474,400000474,Owner_174,Operator_74,Tanker,MHL,2012
9000475,400000475,Owner_175,Operator_75,Cargo,MHL,2024
9000476,400000476,Owner_176,Operator_76,Container,SGP,2015
9000477,400000477,Owner_177,Operator_77,Cargo,IND,2007
9000478,400000478,Owner_178,Operator_78,Cargo,PAN,1997
9000479,400000479,Owner_179,Operator_79,Fishing,SGP,2016
9000480,400000480,Owner_180,Operator_80,Tanker,PAN,2011
9000481,400000481,Owner_181,Operator_81,Fishing,PAN,2001
9000482,400000482,Owner_182,Operator_82,Fishing,LBR,2020
9000483,400000483,Owner_183,Operator_83,Container,LBR,2018
9000484,400000484,Owner_184,Operator_84,Bulk Carrier,MHL,2013
9000485,400000485,Owner_185,Operator_85,Fishing,LBR,2010
9000486,400000486,Owner_186,Operator_86,Container,MHL,1992
9000487,400000487,Owner_187,Operator_87,Container,PAN,2013
9000488,400000488,Owner_188,Operator_88,Cargo,LBR,2011
9000489,400000489,Owner_189,Operator_89,Bulk Carrier,SGP,2001
9000490,400000490,Owner_190,Operator_90,Tanker,LBR,2018
9000491,400000491,Owner_191,Operator_91,Fishing,MHL,2014
9000492,400000492,Owner_192,Operator_92,Container,IND,2023
9000493,400000493,Owner_193,Operator_93,Container,MHL,2017
9000494,400000494,Owner_194,Operator_94,Container,PAN,1995
9000495,400000495,Owner_195,Operator_95,Tanker,PAN,2025
9000496,400000496,Owner_196,Operator_96,Container,SGP,1999
9000497,400000497,Owner_197,Operator_97,Fishing,MHL,2001
9000498,400000498,Owner_198,Operator_98,Tanker,IND,1993
9000499,400000499,Owner_199,Operator_99,Container,PAN,2005
9000500,400000500,Owner_200,Operator_100,Tanker,PAN,2002
9000501,400000501,Owner_201,Operator_101,Bulk Carrier,PAN,1999
9000502,400000502,Owner_202,Operator_102,Cargo,LBR,2000
9000503,400000503,Owner_203,Operator_103,Fishing,MHL,2001
9000504,400000504,Owner_204,Operator_104,Container,LBR,1999
9000505,400000505,Owner_205,Operator_105,Bulk Carrier,MHL,2003
9000506,400000506,Owner_206,Operator_106,Tanker,PAN,2023
9000507,400000507,Owner_207,Operator_107,Fishing,IND,1992
9000508,400000508,Owner_208,Operator_108,Fishing,PAN,2021
9000509,400000509,Owner_209,Operator_109,Cargo,LBR,1996
9000510,400000510,Owner_210,Operator_110,Bulk Carrier,MHL,2003
9000511,400000511,Owner_211,Operator_111,Tanker,LBR,1998
9000512,400000512,Owner_212,Operator_112,Cargo,IND,1990
9000513,400000513,Owner_213,Operator_113,Cargo,SGP,2011
9000514,400000514,Owner_214,Operator_114,Container,IND,1990
9000515,400000515,Owner_215,Operator_115,Bulk Carrier,SGP,2006
9000516,400000516,Owner_216,Operator_116,Bulk Carrier,LBR,2019
9000517,400000517,Owner_217,Operator_117,Container,SGP,2021
9000518,400000518,Owner_218,Operator_118,Fishing,MHL,1996
9000519,400000519,Owner_219,Operator_119,Fishing,MHL,2013
9000520,400000520,Owner_220,Operator_120,Cargo,SGP,2011
9000521,400000521,Owner_221,Operator_121,Bulk Carrier,IND,1995
9000522,400000522,Owner_222,Operator_122,Tanker,LBR,1999
9000523,400000523,Owner_223,Operator_123,Container,MHL,1992
9000524,400000524,Owner_224,Operator_124,Tanker,PAN,2013
9000525,400000525,Owner_225,Operator_125,Cargo,IND,2007
9000526,400000526,Owner_226,Operator_126,Cargo,IND,2003
9000527,400000527,Owner_227,Operator_127,Container,SGP,2001
9000528,400000528,Owner_228,Operator_128,Cargo,SGP,2000
9000529,400000529,Owner_229,Operator_129,Tanker,IND,2012
9000530,400000530,Owner_230,Operator_130,Cargo,PAN,2019
9000531,400000531,Owner_231,Operator_131,Fishing,PAN,2019
9000532,400000532,Owner_232,Operator_132,Tanker,LBR,1995
9000533,400000533,Owner_233,Operator_133,Container,LBR,2001
9000534,400000534,Owner_234,Operator_134,Tanker,PAN,2021
9000535,400000535,Owner_235,Operator_135,Tanker,MHL,2021
9000536,400000536,Owner_236,Operator_136,Container,IND,1992
9000537,400000537,Owner_237,Operator_137,Tanker,LBR,2002
9000538,400000538,Owner_238,Operator_138,Container,PAN,1995
9000539,400000539,Owner_239,Operator_139,Container,LBR,2022
9000540,400000540,Owner_240,Operator_140,Cargo,LBR,1994
9000541,400000541,Owner_241,Operator_141,Container,LBR,2023
9000542,400000542,Owner_242,Operator_142,Bulk Carrier,SGP,1995
9000543,400000543,Owner_243,Operator_143,Tanker,IND,2005
9000544,400000544,Owner_244,Operator_144,Fishing,IND,2016
9000545,400000545,Owner_245,Operator_145,Container,IND,1998
9000546,400000546,Owner_246,Operator_146,Fishing,PAN,1991
9000547,400000547,Owner_247,Operator_147,Fishing,IND,2024
9000548,400000548,Owner_248,Operator_148,Tanker,LBR,2003
9000549,400000549,Owner_249,Operator_149,Fishing,SGP,2000
9000550,400000550,Owner_250,Operator_150,Tanker,PAN,2000
9000551,400000551,Owner_251,Operator_151,Container,PAN,2011
9000552,400000552,Owner_252,Operator_152,Container,MHL,2010
9000553,400000553,Owner_253,Operator_153,Container,SGP,2017
9000554,400000554,Owner_254,Operator_154,Bulk Carrier,LBR,2015
9000555,400000555,Owner_255,Operator_155,Cargo,IND,2000
9000556,400000556,Owner_256,Operator_156,Tanker,PAN,1995
9000557,400000557,Owner_257,Operator_157,Tanker,LBR,2000
9000558,400000558,Owner_258,Operator_158,Tanker,IND,1991
9000559,400000559,Owner_259,Operator_159,Fishing,PAN,2011
9000560,400000560,Owner_260,Operator_160,Tanker,LBR,1992
9000561,400000561,Owner_261,Operator_161,Bulk Carrier,SGP,2019
9000562,400000562,Owner_262,Operator_162,Bulk Carrier,MHL,1996
9000563,400000563,Owner_263,Operator_163,Container,MHL,2025
9000564,400000564,Owner_264,Operator_164,Cargo,PAN,2004
9000565,400000565,Owner_265,Operator_165,Cargo,PAN,1990
9000566,400000566,Owner_266,Operator_166,Bulk Carrier,LBR,2004
9000567,400000567,Owner_267,Operator_167,Tanker,SGP,2001
9000568,400000568,Owner_268,Operator_168,Bulk Carrier,MHL,2005
9000569,400000569,Owner_269,Operator_169,Cargo,PAN,2005
9000570,400000570,Owner_270,Operator_170,Cargo,PAN,1995
9000571,400000571,Owner_271,Operator_171,Tanker,MHL,1990
9000572,400000572,Owner_272,Operator_172,Bulk Carrier,MHL,1999
9000573,400000573,Owner_273,Operator_173,Cargo,MHL,2008
9000574,400000574,Owner_274,Operator_174,Tanker,MHL,2020
9000575,400000575,Owner_275,Operator_175,Cargo,PAN,1996
9000576,400000576,Owner_276,Operator_176,Fishing,SGP,1998
9000577,400000577,Owner_277,Operator_177,Container,LBR,2015
9000578,400000578,Owner_278,Operator_178,Bulk Carrier,SGP,2007
9000579,400000579,Owner_279,Operator_179,Cargo,SGP,2013
9000580,400000580,Owner_280,Operator_180,Bulk Carrier,MHL,2001
9000581,400000581,Owner_281,Operator_181,Container,LBR,2018
9000582,400000582,Owner_282,Operator_182,Tanker,SGP,2000
9000583,400000583,Owner_283,Operator_183,Tanker,SGP,2020
9000584,400000584,Owner_284,Operator_184,Tanker,IND,1997
9000585,400000585,Owner_285,Operator_185,Fishing,PAN,1994
9000586,400000586,Owner_286,Operator_186,Bulk Carrier,LBR,2000
9000587,400000587,Owner_287,Operator_187,Container,SGP,1992
9000588,400000588,Owner_288,Operator_188,Fishing,IND,2000
9000589,400000589,Owner_289,Operator_189,Tanker,IND,2025
9000590,400000590,Owner_290,Operator_190,Fishing,IND,1990
9000591,400000591,Owner_291,Operator_191,Cargo,PAN,2003
9000592,400000592,Owner_292,Operator_192,Container,LBR,2013
9000593,400000593,Owner_293,Operator_193,Container,MHL,2006
9000594,400000594,Owner_294,Operator_194,Fishing,SGP,2013
9000595,400000595,Owner_295,Operator_195,Fishing,SGP,2020
9000596,400000596,Owner_296,Operator_196,Container,MHL,1991
9000597,400000597,Owner_297,Operator_197,Tanker,MHL,2000
9000598,400000598,Owner_298,Operator_198,Cargo,PAN,2008
9000599,400000599,Owner_299,Operator_199,Container,PAN,1992
9000600,400000600,Owner_0,Operator_0,Container,IND,2021
9000601,400000601,Owner_1,Operator_1,Cargo,IND,2024
9000602,400000602,Owner_2,Operator_2,Bulk Carrier,LBR,2012
9000603,400000603,Owner_3,Operator_3,Cargo,LBR,2004
9000604,400000604,Owner_4,Operator_4,Bulk Carrier,LBR,2023
9000605,400000605,Owner_5,Operator_5,Tanker,LBR,2001
9000606,400000606,Owner_6,Operator_6,Bulk Carrier,IND,2012
9000607,400000607,Owner_7,Operator_7,Tanker,LBR,2000
9000608,400000608,Owner_8,Operator_8,Cargo,MHL,2006
9000609,400000609,Owner_9,Operator_9,Cargo,IND,1992
9000610,400000610,Owner_10,Operator_10,Tanker,LBR,2010
9000611,400000611,Owner_11,Operator_11,Fishing,PAN,1991
9000612,400000612,Owner_12,Operator_12,Cargo,SGP,2022
9000613,400000613,Owner_13,Operator_13,Tanker,IND,2000
9000614,400000614,Owner_14,Operator_14,Bulk Carrier,SGP,1993
9000615,400000615,Owner_15,Operator_15,Fishing,LBR,2012
9000616,400000616,Owner_16,Operator_16,Cargo,IND,2018
9000617,400000617,Owner_17,Operator_17,Bulk Carrier,MHL,1997
9000618,400000618,Owner_18,Operator_18,Fishing,IND,2023
9000619,400000619,Owner_19,Operator_19,Bulk Carrier,LBR,1992
9000620,400000620,Owner_20,Operator_20,Fishing,MHL,1993
9000621,400000621,Owner_21,Operator_21,Container,LBR,2025
9000622,400000622,Owner_22,Operator_22,Tanker,IND,2015
9000623,400000623,Owner_23,Operator_23,Cargo,LBR,2023
9000624,400000624,Owner_24,Operator_24,Tanker,PAN,1991
9000625,400000625,Owner_25,Operator_25,Bulk Carrier,MHL,2002
9000626,400000626,Owner_26,Operator_26,Tanker,PAN,2011
9000627,400000627,Owner_27,Operator_27,Fishing,IND,2022
9000628,400000628,Owner_28,Operator_28,Container,LBR,2006
9000629,400000629,Owner_29,Operator_29,Tanker,SGP,2014
9000630,400000630,Owner_30,Operator_30,Cargo,MHL,2022
9000631,400000631,Owner_31,Operator_31,Tanker,SGP,2022
9000632,400000632,Owner_32,Operator_32,Cargo,LBR,2007
9000633,400000633,Owner_33,Operator_33,Fishing,IND,2001
9000634,400000634,Owner_34,Operator_34,Tanker,IND,2014
9000635,400000635,Owner_35,Operator_35,Tanker,MHL,1990
9000636,400000636,Owner_36,Operator_36,Bulk Carrier,SGP,2000
9000637,400000637,Owner_37,Operator_37,Bulk Carrier,SGP,2021
9000638,400000638,Owner_38,Operator_38,Fishing,PAN,2019
9000639,400000639,Owner_39,Operator_39,Bulk Carrier,PAN,2017
9000640,400000640,Owner_40,Operator_40,Container,IND,2022
9000641,400000641,Owner_41,Operator_41,Cargo,SGP,2002
9000642,400000642,Owner_42,Operator_42,Bulk Carrier,SGP,1993
9000643,400000643,Owner_43,Operator_43,Bulk Carrier,IND,2013
9000644,400000644,Owner_44,Operator_44,Tanker,PAN,2010
9000645,400000645,Owner_45,Operator_45,Tanker,IND,1996
9000646,400000646,Owner_46,Operator_46,Tanker,MHL,2000
9000647,400000647,Owner_47,Operator_47,Cargo,SGP,2024
9000648,400000648,Owner_48,Operator_48,Cargo,LBR,1996
9000649,400000649,Owner_49,Operator_49,Cargo,MHL,1999
9000650,400000650,Owner_50,Operator_50,Fishing,MHL,2022
9000651,400000651,Owner_51,Operator_51,Container,IND,2007
9000652,400000652,Owner_52,Operator_52,Container,SGP,1995
9000653,400000653,Owner_53,Operator_53,Fishing,LBR,2000
9000654,400000654,Owner_54,Operator_54,Bulk Carrier,PAN,2014
9000655,400000655,Owner_55,Operator_55,Container,LBR,2004
9000656,400000656,Owner_56,Operator_56,Container,PAN,2024
9000657,400000657,Owner_57,Operator_57,Bulk Carrier,LBR,2012
9000658,400000658,Owner_58,Operator_58,Cargo,PAN,2005
9000659,400000659,Owner_59,Operator_59,Fishing,LBR,2007
9000660,400000660,Owner_60,Operator_60,Fishing,LBR,2009
9000661,400000661,Owner_61,Operator_61,Fishing,PAN,2015
9000662,400000662,Owner_62,Operator_62,Tanker,MHL,2000
9000663,400000663,Owner_63,Operator_63,Tanker,MHL,1990
9000664,400000664,Owner_64,Operator_64,Fishing,IND,2016
9000665,400000665,Owner_65,Operator_65,Fishing,SGP,2005
9000666,400000666,Owner_66,Operator_66,Cargo,PAN,2023
9000667,400000667,Owner_67,Operator_67,Fishing,SGP,2004
9000668,400000668,Owner_68,Operator_68,Fishing,MHL,2012
9000669,400000669,Owner_69,Operator_69,Fishing,IND,1996
9000670,400000670,Owner_70,Operator_70,Tanker,MHL,2009
9000671,400000671,Owner_71,Operator_71,Bulk Carrier,MHL,2018
9000672,400000672,Owner_72,Operator_72,Cargo,SGP,2010
9000673,400000673,Owner_73,Operator_73,Fishing,SGP,2002
9000674,400000674,Owner_74,Operator_74,Bulk Carrier,SGP,2004
9000675,400000675,Owner_75,Operator_75,Tanker,LBR,2010
9000676,400000676,Owner_76,Operator_76,Container,IND,2018
9000677,400000677,Owner_77,Operator_77,Container,IND,1994
9000678,400000678,Owner_78,Operator_78,Bulk Carrier,SGP,2015
9000679,400000679,Owner_79,Operator_79,Container,LBR,2006
9000680,400000680,Owner_80,Operator_80,Container,LBR,2024
9000681,400000681,Owner_81,Operator_81,Fishing,LBR,2015
9000682,400000682,Owner_82,Operator_82,Fishing,MHL,2018
9000683,400000683,Owner_83,Operator_83,Fishing,LBR,2015
9000684,400000684,Owner_84,Operator_84,Container,PAN,2001
9000685,400000685,Owner_85,Operator_85,Cargo,IND,2020
9000686,400000686,Owner_86,Operator_86,Cargo,SGP,2005
9000687,400000687,Owner_87,Operator_87,Tanker,MHL,1992
9000688,400000688,Owner_88,Operator_88,Container,IND,2020
9000689,400000689,Owner_89,Operator_89,Tanker,MHL,2023
9000690,400000690,Owner_90,Operator_90,Fishing,IND,2024
9000691,400000691,Owner_91,Operator_91,Tanker,MHL,1999
9000692,400000692,Owner_92,Operator_92,Bulk Carrier,LBR,2004
9000693,400000693,Owner_93,Operator_93,Container,LBR,2010
9000694,400000694,Owner_94,Operator_94,Bulk Carrier,IND,1993
9000695,400000695,Owner_95,Operator_95,Cargo,PAN,1993
9000696,400000696,Owner_96,Operator_96,Tanker,SGP,2004
9000697,400000697,Owner_97,Operator_97,Fishing,MHL,2007
9000698,400000698,Owner_98,Operator_98,Tanker,MHL,2008
9000699,400000699,Owner_99,Operator_99,Cargo,PAN,2015
9000700,400000700,Owner_100,Operator_100,Fishing,SGP,2009
9000701,400000701,Owner_101,Operator_101,Bulk Carrier,SGP,2002
9000702,400000702,Owner_102,Operator_102,Cargo,PAN,2009
9000703,400000703,Owner_103,Operator_103,Fishing,MHL,2006
9000704,400000704,Owner_104,Operator_104,Tanker,MHL,2019
9000705,400000705,Owner_105,Operator_105,Bulk Carrier,MHL,2015
9000706,400000706,Owner_106,Operator_106,Fishing,SGP,1990
9000707,400000707,Owner_107,Operator_107,Cargo,MHL,2015
9000708,400000708,Owner_108,Operator_108,Fishing,PAN,2009
9000709,400000709,Owner_109,Operator_109,Bulk Carrier,PAN,1991
9000710,400000710,Owner_110,Operator_110,Container,LBR,2020
9000711,400000711,Owner_111,Operator_111,Container,SGP,2020
9000712,400000712,Owner_112,Operator_112,Fishing,LBR,2024
9000713,400000713,Owner_113,Operator_113,Bulk Carrier,PAN,2010
9000714,400000714,Owner_114,Operator_114,Container,MHL,2010
9000715,400000715,Owner_115,Operator_115,Container,SGP,2012
9000716,400000716,Owner_116,Operator_116,Bulk Carrier,PAN,1990
9000717,400000717,Owner_117,Operator_117,Cargo,SGP,2003
9000718,400000718,Owner_118,Operator_118,Cargo,LBR,2008
9000719,400000719,Owner_119,Operator_119,Tanker,PAN,2020
9000720,400000720,Owner_120,Operator_120,Tanker,MHL,2017
9000721,400000721,Owner_121,Operator_121,Fishing,MHL,1992
9000722,400000722,Owner_122,Operator_122,Cargo,IND,2010
9000723,400000723,Owner_123,Operator_123,Container,LBR,2019
9000724,400000724,Owner_124,Operator_124,Tanker,SGP,2024
9000725,400000725,Owner_125,Operator_125,Cargo,IND,2016
9000726,400000726,Owner_126,Operator_126,Cargo,LBR,2018
9000727,400000727,Owner_127,Operator_127,Cargo,IND,2015
9000728,400000728,Owner_128,Operator_128,Bulk Carrier,IND,2014
9000729,400000729,Owner_129,Operator_129,Cargo,PAN,2001
9000730,400000730,Owner_130,Operator_130,Fishing,IND,2018
9000731,400000731,Owner_131,Operator_131,Cargo,SGP,2004
9000732,400000732,Owner_132,Operator_132,Fishing,SGP,2012
9000733,400000733,Owner_133,Operator_133,Cargo,PAN,1990
9000734,400000734,Owner_134,Operator_134,Bulk Carrier,IND,2006
9000735,400000735,Owner_135,Operator_135,Fishing,SGP,2018
9000736,400000736,Owner_136,Operator_136,Tanker,MHL,1996
9000737,400000737,Owner_137,Operator_137,Bulk Carrier,IND,2003
9000738,400000738,Owner_138,Operator_138,Cargo,LBR,2015
9000739,400000739,Owner_139,Operator_139,Container,SGP,2023
9000740,400000740,Owner_140,Operator_140,Container,IND,2015
9000741,400000741,Owner_141,Operator_141,Fishing,IND,2018
9000742,400000742,Owner_142,Operator_142,Bulk Carrier,IND,2006
9000743,400000743,Owner_143,Operator_143,Cargo,LBR,2021
9000744,400000744,Owner_144,Operator_144,Tanker,SGP,2014
9000745,400000745,Owner_145,Operator_145,Bulk Carrier,LBR,2016
9000746,400000746,Owner_146,Operator_146,Bulk Carrier,IND,2018
9000747,400000747,Owner_147,Operator_147,Bulk Carrier,SGP,2025
9000748,400000748,Owner_148,Operator_148,Container,PAN,2000
9000749,400000749,Owner_149,Operator_149,Tanker,LBR,2021
9000750,400000750,Owner_150,Operator_150,Bulk Carrier,PAN,2022
9000751,400000751,Owner_151,Operator_151,Bulk Carrier,SGP,2025
9000752,400000752,Owner_152,Operator_152,Tanker,MHL,2012
9000753,400000753,Owner_153,Operator_153,Container,MHL,2015
9000754,400000754,Owner_154,Operator_154,Bulk Carrier,PAN,1992
9000755,400000755,Owner_155,Operator_155,Bulk Carrier,PAN,2013
9000756,400000756,Owner_156,Operator_156,Tanker,PAN,1997
9000757,400000757,Owner_157,Operator_157,Tanker,SGP,2001
9000758,400000758,Owner_158,Operator_158,Tanker,LBR,1996
9000759,400000759,Owner_159,Operator_159,Container,LBR,2005
9000760,400000760,Owner_160,Operator_160,Container,LBR,2018
9000761,400000761,Owner_161,Operator_161,Container,IND,2012
9000762,400000762,Owner_162,Operator_162,Cargo,IND,1999
9000763,400000763,Owner_163,Operator_163,Fishing,SGP,2023
9000764,400000764,Owner_164,Operator_164,Fishing,PAN,1999
9000765,400000765,Owner_165,Operator_165,Bulk Carrier,SGP,2010
9000766,400000766,Owner_166,Operator_166,Fishing,IND,2021
9000767,400000767,Owner_167,Operator_167,Container,IND,2025
9000768,400000768,Owner_168,Operator_168,Cargo,MHL,2018
9000769,400000769,Owner_169,Operator_169,Tanker,SGP,1991
9000770,400000770,Owner_170,Operator_170,Cargo,SGP,2023
9000771,400000771,Owner_171,Operator_171,Cargo,MHL,2012
9000772,400000772,Owner_172,Operator_172,Bulk Carrier,PAN,2025
9000773,400000773,Owner_173,Operator_173,Cargo,SGP,2009
9000774,400000774,Owner_174,Operator_174,Bulk Carrier,IND,1996
9000775,400000775,Owner_175,Operator_175,Bulk Carrier,MHL,1995
9000776,400000776,Owner_176,Operator_176,Tanker,MHL,2002
9000777,400000777,Owner_177,Operator_177,Container,SGP,1994
9000778,400000778,Owner_178,Operator_178,Cargo,PAN,2011
9000779,400000779,Owner_179,Operator_179,Container,IND,2001
9000780,400000780,Owner_180,Operator_180,Container,SGP,2011
9000781,400000781,Owner_181,Operator_181,Fishing,MHL,2024
9000782,400000782,Owner_182,Operator_182,Container,SGP,2000
9000783,400000783,Owner_183,Operator_183,Tanker,SGP,2001
9000784,400000784,Owner_184,Operator_184,Container,MHL,2010
9000785,400000785,Owner_185,Operator_185,Cargo,SGP,2005
9000786,400000786,Owner_186,Operator_186,Tanker,PAN,2003
9000787,400000787,Owner_187,Operator_187,Tanker,IND,1991
9000788,400000788,Owner_188,Operator_188,Fishing,LBR,2020
9000789,400000789,Owner_189,Operator_189,Cargo,IND,2016
9000790,400000790,Owner_190,Operator_190,Fishing,LBR,1992
9000791,400000791,Owner_191,Operator_191,Tanker,LBR,1991
9000792,400000792,Owner_192,Operator_192,Fishing,PAN,2018
9000793,400000793,Owner_193,Operator_193,Bulk Carrier,SGP,2006
9000794,400000794,Owner_194,Operator_194,Fishing,SGP,2024
9000795,400000795,Owner_195,Operator_195,Bulk Carrier,IND,2023
9000796,400000796,Owner_196,Operator_196,Bulk Carrier,IND,2003
9000797,400000797,Owner_197,Operator_197,Bulk Carrier,LBR,2014
9000798,400000798,Owner_198,Operator_198,Tanker,PAN,1992
9000799,400000799,Owner_199,Operator_199,Cargo,SGP,2019
9000800,400000800,Owner_200,Operator_0,Cargo,PAN,2012
9000801,400000801,Owner_201,Operator_1,Container,SGP,1995
9000802,400000802,Owner_202,Operator_2,Cargo,MHL,1990
9000803,400000803,Owner_203,Operator_3,Container,IND,2020
9000804,400000804,Owner_204,Operator_4,Bulk Carrier,LBR,2008
9000805,400000805,Owner_205,Operator_5,Bulk Carrier,LBR,1991
9000806,400000806,Owner_206,Operator_6,Tanker,IND,2011
9000807,400000807,Owner_207,Operator_7,Bulk Carrier,PAN,2001
9000808,400000808,Owner_208,Operator_8,Tanker,SGP,2002
9000809,400000809,Owner_209,Operator_9,Container,IND,2025
9000810,400000810,Owner_210,Operator_10,Fishing,IND,2020
9000811,400000811,Owner_211,Operator_11,Bulk Carrier,IND,2013
9000812,400000812,Owner_212,Operator_12,Tanker,MHL,2016
9000813,400000813,Owner_213,Operator_13,Cargo,SGP,2021
9000814,400000814,Owner_214,Operator_14,Container,PAN,1992
9000815,400000815,Owner_215,Operator_15,Tanker,MHL,1993
9000816,400000816,Owner_216,Operator_16,Tanker,SGP,2010
9000817,400000817,Owner_217,Operator_17,Container,MHL,2002
9000818,400000818,Owner_218,Operator_18,Cargo,PAN,2016
9000819,400000819,Owner_219,Operator_19,Cargo,SGP,2025
9000820,400000820,Owner_220,Operator_20,Tanker,IND,2004
9000821,400000821,Owner_221,Operator_21,Tanker,MHL,1993
9000822,400000822,Owner_222,Operator_22,Bulk Carrier,SGP,2023
9000823,400000823,Owner_223,Operator_23,Bulk Carrier,SGP,2015
9000824,400000824,Owner_224,Operator_24,Bulk Carrier,LBR,2016
9000825,400000825,Owner_225,Operator_25,Bulk Carrier,LBR,2017
9000826,400000826,Owner_226,Operator_26,Tanker,IND,2005
9000827,400000827,Owner_227,Operator_27,Bulk Carrier,IND,1990
9000828,400000828,Owner_228,Operator_28,Tanker,PAN,2004
9000829,400000829,Owner_229,Operator_29,Tanker,IND,2014
9000830,400000830,Owner_230,Operator_30,Container,IND,2014
9000831,400000831,Owner_231,Operator_31,Fishing,PAN,2016
9000832,400000832,Owner_232,Operator_32,Bulk Carrier,IND,2004
9000833,400000833,Owner_233,Operator_33,Bulk Carrier,MHL,1997
9000834,400000834,Owner_234,Operator_34,Container,MHL,1999
9000835,400000835,Owner_235,Operator_35,Container,MHL,2004
9000836,400000836,Owner_236,Operator_36,Container,PAN,2017
9000837,400000837,Owner_237,Operator_37,Tanker,SGP,2011
9000838,400000838,Owner_238,Operator_38,Container,MHL,2001
9000839,400000839,Owner_239,Operator_39,Fishing,IND,1993
9000840,400000840,Owner_240,Operator_40,Cargo,PAN,1998
9000841,400000841,Owner_241,Operator_41,Tanker,PAN,2007
9000842,400000842,Owner_242,Operator_42,Tanker,PAN,1999
9000843,400000843,Owner_243,Operator_43,Bulk Carrier,SGP,1993
9000844,400000844,Owner_244,Operator_44,Bulk Carrier,MHL,2024
9000845,400000845,Owner_245,Operator_45,Fishing,LBR,2019
9000846,400000846,Owner_246,Operator_46,Container,MHL,2012
9000847,400000847,Owner_247,Operator_47,Tanker,MHL,1990
9000848,400000848,Owner_248,Operator_48,Cargo,SGP,2008
9000849,400000849,Owner_249,Operator_49,Container,PAN,2012
9000850,400000850,Owner_250,Operator_50,Container,SGP,1992
9000851,400000851,Owner_251,Operator_51,Container,SGP,2025
9000852,400000852,Owner_252,Operator_52,Cargo,IND,2008
9000853,400000853,Owner_253,Operator_53,Container,PAN,2012
9000854,400000854,Owner_254,Operator_54,Fishing,LBR,2001
9000855,400000855,Owner_255,Operator_55,Bulk Carrier,SGP,1997
9000856,400000856,Owner_256,Operator_56,Container,LBR,2022
9000857,400000857,Owner_257,Operator_57,Cargo,LBR,2024
9000858,400000858,Owner_258,Operator_58,Fishing,SGP,1991
9000859,400000859,Owner_259,Operator_59,Tanker,SGP,2003
9000860,400000860,Owner_260,Operator_60,Fishing,LBR,2013
9000861,400000861,Owner_261,Operator_61,Bulk Carrier,MHL,2014
9000862,400000862,Owner_262,Operator_62,Cargo,MHL,1995
9000863,400000863,Owner_263,Operator_63,Cargo,MHL,2013
9000864,400000864,Owner_264,Operator_64,Container,MHL,1994
9000865,400000865,Owner_265,Operator_65,Cargo,PAN,2020
9000866,400000866,Owner_266,Operator_66,Bulk Carrier,MHL,2017
9000867,400000867,Owner_267,Operator_67,Fishing,IND,2005
9000868,400000868,Owner_268,Operator_68,Cargo,SGP,2005
9000869,400000869,Owner_269,Operator_69,Container,SGP,2023
9000870,400000870,Owner_270,Operator_70,Cargo,SGP,2016
9000871,400000871,Owner_271,Operator_71,Cargo,IND,2010
9000872,400000872,Owner_272,Operator_72,Bulk Carrier,MHL,2023
9000873,400000873,Owner_273,Operator_73,Bulk Carrier,SGP,1994
9000874,400000874,Owner_274,Operator_74,Container,SGP,2003
9000875,400000875,Owner_275,Operator_75,Bulk Carrier,MHL,2009
9000876,400000876,Owner_276,Operator_76,Bulk Carrier,PAN,2005
9000877,400000877,Owner_277,Operator_77,Bulk Carrier,SGP,2003
9000878,400000878,Owner_278,Operator_78,Container,LBR,2004
9000879,400000879,Owner_279,Operator_79,Bulk Carrier,PAN,2019
9000880,400000880,Owner_280,Operator_80,Container,PAN,2016
9000881,400000881,Owner_281,Operator_81,Tanker,MHL,2022
9000882,400000882,Owner_282,Operator_82,Bulk Carrier,LBR,2005
9000883,400000883,Owner_283,Operator_83,Bulk Carrier,IND,2012
9000884,400000884,Owner_284,Operator_84,Tanker,IND,2021
9000885,400000885,Owner_285,Operator_85,Fishing,PAN,1998
9000886,400000886,Owner_286,Operator_86,Container,LBR,2022
9000887,400000887,Owner_287,Operator_87,Bulk Carrier,LBR,1990
9000888,400000888,Owner_288,Operator_88,Fishing,SGP,2001
9000889,400000889,Owner_289,Operator_89,Fishing,MHL,2021
9000890,400000890,Owner_290,Operator_90,Fishing,PAN,2025
9000891,400000891,Owner_291,Operator_91,Fishing,PAN,2023
9000892,400000892,Owner_292,Operator_92,Cargo,MHL,1998
9000893,400000893,Owner_293,Operator_93,Cargo,PAN,2009
9000894,400000894,Owner_294,Operator_94,Tanker,MHL,2024
9000895,400000895,Owner_295,Operator_95,Cargo,SGP,1998
9000896,400000896,Owner_296,Operator_96,Bulk Carrier,PAN,2020
9000897,400000897,Owner_297,Operator_97,Fishing,IND,2004
9000898,400000898,Owner_298,Operator_98,Bulk Carrier,LBR,2005
9000899,400000899,Owner_299,Operator_99,Fishing,SGP,2022
9000900,400000900,Owner_0,Operator_100,Container,IND,2021
9000901,400000901,Owner_1,Operator_101,Fishing,IND,2023
9000902,400000902,Owner_2,Operator_102,Cargo,MHL,2011
9000903,400000903,Owner_3,Operator_103,Container,IND,2001
9000904,400000904,Owner_4,Operator_104,Cargo,MHL,2012
9000905,400000905,Owner_5,Operator_105,Fishing,MHL,1992
9000906,400000906,Owner_6,Operator_106,Cargo,SGP,2018
9000907,400000907,Owner_7,Operator_107,Bulk Carrier,SGP,2007
9000908,400000908,Owner_8,Operator_108,Tanker,SGP,1999
9000909,400000909,Owner_9,Operator_109,Fishing,IND,2024
9000910,400000910,Owner_10,Operator_110,Bulk Carrier,SGP,2008
9000911,400000911,Owner_11,Operator_111,Fishing,IND,1993
9000912,400000912,Owner_12,Operator_112,Tanker,PAN,2007
9000913,400000913,Owner_13,Operator_113,Container,SGP,2000
9000914,400000914,Owner_14,Operator_114,Bulk Carrier,SGP,1990
9000915,400000915,Owner_15,Operator_115,Cargo,PAN,1998
9000916,400000916,Owner_16,Operator_116,Cargo,LBR,2023
9000917,400000917,Owner_17,Operator_117,Container,SGP,2003
9000918,400000918,Owner_18,Operator_118,Fishing,LBR,2014
9000919,400000919,Owner_19,Operator_119,Cargo,IND,1996
9000920,400000920,Owner_20,Operator_120,Cargo,MHL,2004
9000921,400000921,Owner_21,Operator_121,Container,SGP,1994
9000922,400000922,Owner_22,Operator_122,Bulk Carrier,IND,2020
9000923,400000923,Owner_23,Operator_123,Cargo,LBR,2004
9000924,400000924,Owner_24,Operator_124,Cargo,PAN,2010
9000925,400000925,Owner_25,Operator_125,Bulk Carrier,MHL,1994
9000926,400000926,Owner_26,Operator_126,Container,IND,2016
9000927,400000927,Owner_27,Operator_127,Fishing,PAN,2000
9000928,400000928,Owner_28,Operator_128,Cargo,MHL,2013
9000929,400000929,Owner_29,Operator_129,Fishing,SGP,1992
9000930,400000930,Owner_30,Operator_130,Cargo,SGP,2023
9000931,400000931,Owner_31,Operator_131,Container,PAN,2006
9000932,400000932,Owner_32,Operator_132,Cargo,MHL,2006
9000933,400000933,Owner_33,Operator_133,Fishing,MHL,1992
9000934,400000934,Owner_34,Operator_134,Fishing,MHL,1993
9000935,400000935,Owner_35,Operator_135,Tanker,LBR,2022
9000936,400000936,Owner_36,Operator_136,Container,PAN,1998
9000937,400000937,Owner_37,Operator_137,Cargo,SGP,2016
9000938,400000938,Owner_38,Operator_138,Fishing,SGP,1995
9000939,400000939,Owner_39,Operator_139,Bulk Carrier,PAN,2006
9000940,400000940,Owner_40,Operator_140,Tanker,SGP,2017
9000941,400000941,Owner_41,Operator_141,Cargo,PAN,2005
9000942,400000942,Owner_42,Operator_142,Cargo,PAN,2008
9000943,400000943,Owner_43,Operator_143,Container,LBR,1990
9000944,400000944,Owner_44,Operator_144,Fishing,LBR,2013
9000945,400000945,Owner_45,Operator_145,Cargo,IND,2023
9000946,400000946,Owner_46,Operator_146,Container,MHL,2000
9000947,400000947,Owner_47,Operator_147,Tanker,LBR,2012
9000948,400000948,Owner_48,Operator_148,Tanker,MHL,2013
9000949,400000949,Owner_49,Operator_149,Cargo,LBR,1995
9000950,400000950,Owner_50,Operator_150,Tanker,IND,2000
9000951,400000951,Owner_51,Operator_151,Container,MHL,2019
9000952,400000952,Owner_52,Operator_152,Cargo,MHL,1991
9000953,400000953,Owner_53,Operator_153,Tanker,IND,1996
9000954,400000954,Owner_54,Operator_154,Cargo,SGP,2004
9000955,400000955,Owner_55,Operator_155,Bulk Carrier,MHL,1990
9000956,400000956,Owner_56,Operator_156,Bulk Carrier,MHL,2011
9000957,400000957,Owner_57,Operator_157,Cargo,MHL,2009
9000958,400000958,Owner_58,Operator_158,Tanker,MHL,2008
9000959,400000959,Owner_59,Operator_159,Fishing,MHL,1991
9000960,400000960,Owner_60,Operator_160,Fishing,PAN,2001
9000961,400000961,Owner_61,Operator_161,Tanker,MHL,1999
9000962,400000962,Owner_62,Operator_162,Fishing,MHL,2012
9000963,400000963,Owner_63,Operator_163,Cargo,SGP,2002
9000964,400000964,Owner_64,Operator_164,Tanker,IND,1995
9000965,400000965,Owner_65,Operator_165,Bulk Carrier,LBR,2000
9000966,400000966,Owner_66,Operator_166,Cargo,MHL,2018
9000967,400000967,Owner_67,Operator_167,Cargo,PAN,2017
9000968,400000968,Owner_68,Operator_168,Container,MHL,2008
9000969,400000969,Owner_69,Operator_169,Cargo,MHL,1990
9000970,400000970,Owner_70,Operator_170,Bulk Carrier,LBR,2004
9000971,400000971,Owner_71,Operator_171,Cargo,IND,2015
9000972,400000972,Owner_72,Operator_172,Fishing,SGP,2014
9000973,400000973,Owner_73,Operator_173,Container,MHL,2015
9000974,400000974,Owner_74,Operator_174,Bulk Carrier,IND,2021
9000975,400000975,Owner_75,Operator_175,Tanker,PAN,2012
9000976,400000976,Owner_76,Operator_176,Fishing,SGP,1995
9000977,400000977,Owner_77,Operator_177,Bulk Carrier,MHL,2010
9000978,400000978,Owner_78,Operator_178,Container,SGP,2013
9000979,400000979,Owner_79,Operator_179,Bulk Carrier,IND,2017
9000980,400000980,Owner_80,Operator_180,Bulk Carrier,IND,1990
9000981,400000981,Owner_81,Operator_181,Fishing,LBR,2004
9000982,400000982,Owner_82,Operator_182,Cargo,PAN,2016
9000983,400000983,Owner_83,Operator_183,Fishing,PAN,1996
9000984,400000984,Owner_84,Operator_184,Cargo,IND,1997
9000985,400000985,Owner_85,Operator_185,Cargo,IND,1992
9000986,400000986,Owner_86,Operator_186,Cargo,IND,2017
9000987,400000987,Owner_87,Operator_187,Container,MHL,2020
9000988,400000988,Owner_88,Operator_188,Bulk Carrier,MHL,2016
9000989,400000989,Owner_89,Operator_189,Fishing,PAN,2006
9000990,400000990,Owner_90,Operator_190,Cargo,LBR,1992
9000991,400000991,Owner_91,Operator_191,Fishing,PAN,2025
9000992,400000992,Owner_92,Operator_192,Cargo,LBR,2004
9000993,400000993,Owner_93,Operator_193,Cargo,PAN,2011
9000994,400000994,Owner_94,Operator_194,Fishing,MHL,1992
9000995,400000995,Owner_95,Operator_195,Cargo,IND,1994
9000996,400000996,Owner_96,Operator_196,Cargo,PAN,2022
9000997,400000997,Owner_97,Operator_197,Bulk Carrier,PAN,2013
9000998,400000998,Owner_98,Operator_198,Tanker,SGP,2013
9000999,400000999,Owner_99,Operator_199,Tanker,PAN,2002
9001000,400001000,Owner_100,Operator_0,Container,LBR,2013
9001001,400001001,Owner_101,Operator_1,Cargo,IND,1994
9001002,400001002,Owner_102,Operator_2,Tanker,LBR,2005
9001003,400001003,Owner_103,Operator_3,Bulk Carrier,IND,1993
9001004,400001004,Owner_104,Operator_4,Bulk Carrier,MHL,2013
9001005,400001005,Owner_105,Operator_5,Cargo,SGP,2021
9001006,400001006,Owner_106,Operator_6,Fishing,SGP,1994
9001007,400001007,Owner_107,Operator_7,Cargo,LBR,2015
9001008,400001008,Owner_108,Operator_8,Fishing,MHL,1991
9001009,400001009,Owner_109,Operator_9,Bulk Carrier,IND,2013
9001010,400001010,Owner_110,Operator_10,Tanker,LBR,2006
9001011,400001011,Owner_111,Operator_11,Container,PAN,2018
9001012,400001012,Owner_112,Operator_12,Container,MHL,2002
9001013,400001013,Owner_113,Operator_13,Fishing,IND,2019
9001014,400001014,Owner_114,Operator_14,Container,LBR,2006
9001015,400001015,Owner_115,Operator_15,Container,LBR,2019
9001016,400001016,Owner_116,Operator_16,Cargo,LBR,2012
9001017,400001017,Owner_117,Operator_17,Cargo,MHL,1992
9001018,400001018,Owner_118,Operator_18,Fishing,PAN,2019
9001019,400001019,Owner_119,Operator_19,Cargo,PAN,2019
9001020,400001020,Owner_120,Operator_20,Cargo,SGP,2019
9001021,400001021,Owner_121,Operator_21,Tanker,IND,2018
9001022,400001022,Owner_122,Operator_22,Tanker,IND,2011
9001023,400001023,Owner_123,Operator_23,Bulk Carrier,MHL,2005
9001024,400001024,Owner_124,Operator_24,Fishing,PAN,2003
9001025,400001025,Owner_125,Operator_25,Container,IND,1993
9001026,400001026,Owner_126,Operator_26,Bulk Carrier,LBR,2016
9001027,400001027,Owner_127,Operator_27,Tanker,LBR,2003
9001028,400001028,Owner_128,Operator_28,Cargo,PAN,2015
9001029,400001029,Owner_129,Operator_29,Bulk Carrier,PAN,1996
9001030,400001030,Owner_130,Operator_30,Container,PAN,1991
9001031,400001031,Owner_131,Operator_31,Fishing,LBR,2013
9001032,400001032,Owner_132,Operator_32,Tanker,MHL,1999
9001033,400001033,Owner_133,Operator_33,Bulk Carrier,IND,2024
9001034,400001034,Owner_134,Operator_34,Fishing,LBR,2001
9001035,400001035,Owner_135,Operator_35,Container,LBR,2018
9001036,400001036,Owner_136,Operator_36,Tanker,PAN,2020
9001037,400001037,Owner_137,Operator_37,Bulk Carrier,MHL,2009
9001038,400001038,Owner_138,Operator_38,Tanker,MHL,1999
9001039,400001039,Owner_139,Operator_39,Cargo,PAN,1998
9001040,400001040,Owner_140,Operator_40,Container,SGP,2018
9001041,400001041,Owner_141,Operator_41,Container,PAN,2021
9001042,400001042,Owner_142,Operator_42,Cargo,SGP,2007
9001043,400001043,Owner_143,Operator_43,Bulk Carrier,PAN,2019
9001044,400001044,Owner_144,Operator_44,Bulk Carrier,IND,1998
9001045,400001045,Owner_145,Operator_45,Container,LBR,1992
9001046,400001046,Owner_146,Operator_46,Tanker,MHL,2017
9001047,400001047,Owner_147,Operator_47,Bulk Carrier,MHL,1994
9001048,400001048,Owner_148,Operator_48,Bulk Carrier,SGP,2007
9001049,400001049,Owner_149,Operator_49,Container,PAN,2024
9001050,400001050,Owner_150,Operator_50,Container,MHL,2015
9001051,400001051,Owner_151,Operator_51,Tanker,MHL,2022
9001052,400001052,Owner_152,Operator_52,Cargo,MHL,2013
9001053,400001053,Owner_153,Operator_53,Container,IND,1999
9001054,400001054,Owner_154,Operator_54,Container,MHL,1991
9001055,400001055,Owner_155,Operator_55,Container,IND,2001
9001056,400001056,Owner_156,Operator_56,Fishing,LBR,2009
9001057,400001057,Owner_157,Operator_57,Fishing,PAN,2004
9001058,400001058,Owner_158,Operator_58,Tanker,IND,2014
9001059,400001059,Owner_159,Operator_59,Tanker,PAN,2021
9001060,400001060,Owner_160,Operator_60,Tanker,PAN,2012
9001061,400001061,Owner_161,Operator_61,Container,PAN,2008
9001062,400001062,Owner_162,Operator_62,Container,PAN,1994
9001063,400001063,Owner_163,Operator_63,Bulk Carrier,MHL,2014
9001064,400001064,Owner_164,Operator_64,Bulk Carrier,IND,2009
9001065,400001065,Owner_165,Operator_65,Bulk Carrier,LBR,2008
9001066,400001066,Owner_166,Operator_66,Cargo,MHL,1991
9001067,400001067,Owner_167,Operator_67,Cargo,SGP,2003
9001068,400001068,Owner_168,Operator_68,Cargo,MHL,2000
9001069,400001069,Owner_169,Operator_69,Cargo,MHL,2002
9001070,400001070,Owner_170,Operator_70,Container,PAN,2000
9001071,400001071,Owner_171,Operator_71,Cargo,MHL,1990
9001072,400001072,Owner_172,Operator_72,Bulk Carrier,SGP,2018
9001073,400001073,Owner_173,Operator_73,Cargo,MHL,1997
9001074,400001074,Owner_174,Operator_74,Fishing,SGP,1997
9001075,400001075,Owner_175,Operator_75,Cargo,MHL,2005
9001076,400001076,Owner_176,Operator_76,Bulk Carrier,SGP,2023
9001077,400001077,Owner_177,Operator_77,Container,SGP,2008
9001078,400001078,Owner_178,Operator_78,Bulk Carrier,PAN,2009
9001079,400001079,Owner_179,Operator_79,Cargo,SGP,2013
9001080,400001080,Owner_180,Operator_80,Container,LBR,2002
9001081,400001081,Owner_181,Operator_81,Fishing,MHL,2008
9001082,400001082,Owner_182,Operator_82,Container,MHL,2020
9001083,400001083,Owner_183,Operator_83,Bulk Carrier,SGP,2014
9001084,400001084,Owner_184,Operator_84,Fishing,MHL,2011
9001085,400001085,Owner_185,Operator_85,Bulk Carrier,IND,1990
9001086,400001086,Owner_186,Operator_86,Tanker,SGP,2025
9001087,400001087,Owner_187,Operator_87,Cargo,PAN,2000
9001088,400001088,Owner_188,Operator_88,Bulk Carrier,PAN,2000
9001089,400001089,Owner_189,Operator_89,Cargo,SGP,1998
9001090,400001090,Owner_190,Operator_90,Fishing,MHL,1998
9001091,400001091,Owner_191,Operator_91,Cargo,PAN,1999
9001092,400001092,Owner_192,Operator_92,Cargo,LBR,2021
9001093,400001093,Owner_193,Operator_93,Fishing,MHL,1991
9001094,400001094,Owner_194,Operator_94,Container,IND,2024
9001095,400001095,Owner_195,Operator_95,Bulk Carrier,LBR,2021
9001096,400001096,Owner_196,Operator_96,Fishing,SGP,2011
9001097,400001097,Owner_197,Operator_97,Container,PAN,2004
9001098,400001098,Owner_198,Operator_98,Tanker,LBR,1997
9001099,400001099,Owner_199,Operator_99,Bulk Carrier,SGP,2011
9001100,400001100,Owner_200,Operator_100,Container,PAN,2020
9001101,400001101,Owner_201,Operator_101,Bulk Carrier,IND,2015
9001102,400001102,Owner_202,Operator_102,Tanker,SGP,2001
9001103,400001103,Owner_203,Operator_103,Cargo,MHL,1990
9001104,400001104,Owner_204,Operator_104,Tanker,SGP,2000
9001105,400001105,Owner_205,Operator_105,Container,PAN,2014
9001106,400001106,Owner_206,Operator_106,Cargo,IND,2006
9001107,400001107,Owner_207,Operator_107,Container,LBR,2022
9001108,400001108,Owner_208,Operator_108,Cargo,SGP,2001
9001109,400001109,Owner_209,Operator_109,Bulk Carrier,MHL,2011
9001110,400001110,Owner_210,Operator_110,Cargo,LBR,2018
9001111,400001111,Owner_211,Operator_111,Cargo,MHL,2001
9001112,400001112,Owner_212,Operator_112,Cargo,SGP,2024
9001113,400001113,Owner_213,Operator_113,Fishing,MHL,2022
9001114,400001114,Owner_214,Operator_114,Cargo,SGP,2019
9001115,400001115,Owner_215,Operator_115,Cargo,SGP,1995
9001116,400001116,Owner_216,Operator_116,Container,PAN,2007
9001117,400001117,Owner_217,Operator_117,Bulk Carrier,SGP,2012
9001118,400001118,Owner_218,Operator_118,Fishing,LBR,1995
9001119,400001119,Owner_219,Operator_119,Bulk Carrier,PAN,2012
9001120,400001120,Owner_220,Operator_120,Tanker,SGP,2009
9001121,400001121,Owner_221,Operator_121,Bulk Carrier,MHL,2005
9001122,400001122,Owner_222,Operator_122,Fishing,MHL,1997
9001123,400001123,Owner_223,Operator_123,Bulk Carrier,PAN,2024
9001124,400001124,Owner_224,Operator_124,Container,LBR,2006
9001125,400001125,Owner_225,Operator_125,Container,LBR,1990
9001126,400001126,Owner_226,Operator_126,Cargo,LBR,1998
9001127,400001127,Owner_227,Operator_127,Tanker,IND,2006
9001128,400001128,Owner_228,Operator_128,Cargo,MHL,1994
9001129,400001129,Owner_229,Operator_129,Bulk Carrier,PAN,2013
9001130,400001130,Owner_230,Operator_130,Container,SGP,2021
9001131,400001131,Owner_231,Operator_131,Tanker,LBR,1993
9001132,400001132,Owner_232,Operator_132,Container,IND,2012
9001133,400001133,Owner_233,Operator_133,Cargo,MHL,2010
9001134,400001134,Owner_234,Operator_134,Bulk Carrier,PAN,1990
9001135,400001135,Owner_235,Operator_135,Container,MHL,2002
9001136,400001136,Owner_236,Operator_136,Bulk Carrier,SGP,1990
9001137,400001137,Owner_237,Operator_137,Fishing,LBR,1997
9001138,400001138,Owner_238,Operator_138,Bulk Carrier,PAN,1993
9001139,400001139,Owner_239,Operator_139,Fishing,LBR,2019
9001140,400001140,Owner_240,Operator_140,Tanker,LBR,2012
9001141,400001141,Owner_241,Operator_141,Tanker,IND,2008
9001142,400001142,Owner_242,Operator_142,Cargo,MHL,2016
9001143,400001143,Owner_243,Operator_143,Cargo,PAN,2014
9001144,400001144,Owner_244,Operator_144,Bulk Carrier,IND,2017
9001145,400001145,Owner_245,Operator_145,Bulk Carrier,IND,2009
9001146,400001146,Owner_246,Operator_146,Cargo,PAN,2000
9001147,400001147,Owner_247,Operator_147,Tanker,PAN,1991
9001148,400001148,Owner_248,Operator_148,Fishing,SGP,2016
9001149,400001149,Owner_249,Operator_149,Bulk Carrier,IND,2014
9001150,400001150,Owner_250,Operator_150,Tanker,MHL,2001
9001151,400001151,Owner_251,Operator_151,Fishing,PAN,2014
9001152,400001152,Owner_252,Operator_152,Fishing,MHL,2001
9001153,400001153,Owner_253,Operator_153,Container,LBR,1992
9001154,400001154,Owner_254,Operator_154,Cargo,IND,1991
9001155,400001155,Owner_255,Operator_155,Cargo,SGP,2004
9001156,400001156,Owner_256,Operator_156,Cargo,PAN,2025
9001157,400001157,Owner_257,Operator_157,Tanker,IND,2000
9001158,400001158,Owner_258,Operator_158,Tanker,IND,1990
9001159,400001159,Owner_259,Operator_159,Tanker,MHL,2014
9001160,400001160,Owner_260,Operator_160,Fishing,MHL,2010
9001161,400001161,Owner_261,Operator_161,Fishing,SGP,2019
9001162,400001162,Owner_262,Operator_162,Fishing,IND,2017
9001163,400001163,Owner_263,Operator_163,Bulk Carrier,SGP,1997
9001164,400001164,Owner_264,Operator_164,Fishing,MHL,2001
9001165,400001165,Owner_265,Operator_165,Bulk Carrier,PAN,2007
9001166,400001166,Owner_266,Operator_166,Container,MHL,2005
9001167,400001167,Owner_267,Operator_167,Cargo,MHL,2009
9001168,400001168,Owner_268,Operator_168,Container,MHL,1997
9001169,400001169,Owner_269,Operator_169,Bulk Carrier,LBR,2020
9001170,400001170,Owner_270,Operator_170,Cargo,IND,2020
9001171,400001171,Owner_271,Operator_171,Fishing,MHL,2013
9001172,400001172,Owner_272,Operator_172,Fishing,PAN,2025
9001173,400001173,Owner_273,Operator_173,Cargo,IND,2010
9001174,400001174,Owner_274,Operator_174,Cargo,PAN,2000
9001175,400001175,Owner_275,Operator_175,Tanker,SGP,2022
9001176,400001176,Owner_276,Operator_176,Fishing,IND,2020
9001177,400001177,Owner_277,Operator_177,Cargo,PAN,2000
9001178,400001178,Owner_278,Operator_178,Container,SGP,2009
9001179,400001179,Owner_279,Operator_179,Container,LBR,2011
9001180,400001180,Owner_280,Operator_180,Bulk Carrier,SGP,1993
9001181,400001181,Owner_281,Operator_181,Container,LBR,2017
9001182,400001182,Owner_282,Operator_182,Cargo,MHL,1992
9001183,400001183,Owner_283,Operator_183,Fishing,PAN,2003
9001184,400001184,Owner_284,Operator_184,Bulk Carrier,SGP,1993
9001185,400001185,Owner_285,Operator_185,Container,SGP,2009
9001186,400001186,Owner_286,Operator_186,Cargo,SGP,2006
9001187,400001187,Owner_287,Operator_187,Cargo,SGP,2020
9001188,400001188,Owner_288,Operator_188,Cargo,IND,2004
9001189,400001189,Owner_289,Operator_189,Tanker,LBR,2005
9001190,400001190,Owner_290,Operator_190,Container,PAN,1999
9001191,400001191,Owner_291,Operator_191,Cargo,LBR,2024
9001192,400001192,Owner_292,Operator_192,Container,PAN,1997
9001193,400001193,Owner_293,Operator_193,Tanker,LBR,1991
9001194,400001194,Owner_294,Operator_194,Fishing,LBR,2021
9001195,400001195,Owner_295,Operator_195,Bulk Carrier,IND,2019
9001196,400001196,Owner_296,Operator_196,Tanker,SGP,1992
9001197,400001197,Owner_297,Operator_197,Tanker,LBR,2018
9001198,400001198,Owner_298,Operator_198,Container,IND,2011
9001199,400001199,Owner_299,Operator_199,Fishing,PAN,2023
9001200,400001200,Owner_0,Operator_0,Fishing,PAN,1994
9001201,400001201,Owner_1,Operator_1,Tanker,MHL,1996
9001202,400001202,Owner_2,Operator_2,Fishing,SGP,2025
9001203,400001203,Owner_3,Operator_3,Bulk Carrier,PAN,2007
9001204,400001204,Owner_4,Operator_4,Container,PAN,1998
9001205,400001205,Owner_5,Operator_5,Tanker,MHL,1996
9001206,400001206,Owner_6,Operator_6,Cargo,PAN,2006
9001207,400001207,Owner_7,Operator_7,Cargo,LBR,2011
9001208,400001208,Owner_8,Operator_8,Container,LBR,2018
9001209,400001209,Owner_9,Operator_9,Bulk Carrier,LBR,2001
9001210,400001210,Owner_10,Operator_10,Cargo,PAN,2017
9001211,400001211,Owner_11,Operator_11,Bulk Carrier,MHL,2000
9001212,400001212,Owner_12,Operator_12,Fishing,IND,1996
9001213,400001213,Owner_13,Operator_13,Container,LBR,2005
9001214,400001214,Owner_14,Operator_14,Cargo,SGP,2022
9001215,400001215,Owner_15,Operator_15,Fishing,IND,1997
9001216,400001216,Owner_16,Operator_16,Container,MHL,2023
9001217,400001217,Owner_17,Operator_17,Container,LBR,2003
9001218,400001218,Owner_18,Operator_18,Bulk Carrier,PAN,2009
9001219,400001219,Owner_19,Operator_19,Fishing,LBR,2012
9001220,400001220,Owner_20,Operator_20,Container,LBR,2021
9001221,400001221,Owner_21,Operator_21,Bulk Carrier,SGP,2022
9001222,400001222,Owner_22,Operator_22,Container,IND,1993
9001223,400001223,Owner_23,Operator_23,Fishing,PAN,1998
9001224,400001224,Owner_24,Operator_24,Fishing,LBR,1996
9001225,400001225,Owner_25,Operator_25,Container,IND,2013
9001226,400001226,Owner_26,Operator_26,Cargo,LBR,2012
9001227,400001227,Owner_27,Operator_27,Bulk Carrier,PAN,2002
9001228,400001228,Owner_28,Operator_28,Bulk Carrier,PAN,2008
9001229,400001229,Owner_29,Operator_29,Fishing,SGP,2025
9001230,400001230,Owner_30,Operator_30,Tanker,SGP,2014
9001231,400001231,Owner_31,Operator_31,Cargo,MHL,1992
9001232,400001232,Owner_32,Operator_32,Cargo,PAN,2004
9001233,400001233,Owner_33,Operator_33,Bulk Carrier,PAN,2001
9001234,400001234,Owner_34,Operator_34,Tanker,MHL,1998
9001235,400001235,Owner_35,Operator_35,Container,IND,2019
9001236,400001236,Owner_36,Operator_36,Bulk Carrier,IND,2009
9001237,400001237,Owner_37,Operator_37,Bulk Carrier,IND,1992
9001238,400001238,Owner_38,Operator_38,Cargo,SGP,2013
9001239,400001239,Owner_39,Operator_39,Cargo,SGP,2022
9001240,400001240,Owner_40,Operator_40,Container,PAN,2011
9001241,400001241,Owner_41,Operator_41,Tanker,PAN,1998
9001242,400001242,Owner_42,Operator_42,Cargo,MHL,2004
9001243,400001243,Owner_43,Operator_43,Cargo,LBR,1999
9001244,400001244,Owner_44,Operator_44,Cargo,IND,1994
9001245,400001245,Owner_45,Operator_45,Fishing,SGP,2013
9001246,400001246,Owner_46,Operator_46,Cargo,PAN,2018
9001247,400001247,Owner_47,Operator_47,Container,MHL,1990
9001248,400001248,Owner_48,Operator_48,Cargo,SGP,2019
9001249,400001249,Owner_49,Operator_49,Bulk Carrier,IND,2013
9001250,400001250,Owner_50,Operator_50,Cargo,MHL,2017
9001251,400001251,Owner_51,Operator_51,Fishing,IND,2006
9001252,400001252,Owner_52,Operator_52,Fishing,MHL,1998
9001253,400001253,Owner_53,Operator_53,Bulk Carrier,SGP,2016
9001254,400001254,Owner_54,Operator_54,Bulk Carrier,IND,2007
9001255,400001255,Owner_55,Operator_55,Cargo,IND,2009
9001256,400001256,Owner_56,Operator_56,Tanker,IND,2021
9001257,400001257,Owner_57,Operator_57,Tanker,SGP,2021
9001258,400001258,Owner_58,Operator_58,Fishing,IND,1998
9001259,400001259,Owner_59,Operator_59,Fishing,PAN,1995
9001260,400001260,Owner_60,Operator_60,Cargo,LBR,2009
9001261,400001261,Owner_61,Operator_61,Cargo,MHL,2000
9001262,400001262,Owner_62,Operator_62,Cargo,SGP,2001
9001263,400001263,Owner_63,Operator_63,Tanker,LBR,2022
9001264,400001264,Owner_64,Operator_64,Bulk Carrier,PAN,2009
9001265,400001265,Owner_65,Operator_65,Container,MHL,2001
9001266,400001266,Owner_66,Operator_66,Container,MHL,2023
9001267,400001267,Owner_67,Operator_67,Cargo,IND,2013
9001268,400001268,Owner_68,Operator_68,Bulk Carrier,IND,2008
9001269,400001269,Owner_69,Operator_69,Bulk Carrier,MHL,1995
9001270,400001270,Owner_70,Operator_70,Fishing,LBR,2021
9001271,400001271,Owner_71,Operator_71,Tanker,LBR,1999
9001272,400001272,Owner_72,Operator_72,Fishing,PAN,1995
9001273,400001273,Owner_73,Operator_73,Container,IND,1998
9001274,400001274,Owner_74,Operator_74,Bulk Carrier,IND,2013
9001275,400001275,Owner_75,Operator_75,Cargo,LBR,2005
9001276,400001276,Owner_76,Operator_76,Fishing,PAN,2022
9001277,400001277,Owner_77,Operator_77,Bulk Carrier,SGP,2020
9001278,400001278,Owner_78,Operator_78,Cargo,PAN,1994
9001279,400001279,Owner_79,Operator_79,Container,SGP,2022
9001280,400001280,Owner_80,Operator_80,Cargo,SGP,1990
9001281,400001281,Owner_81,Operator_81,Container,LBR,2019
9001282,400001282,Owner_82,Operator_82,Fishing,IND,2025
9001283,400001283,Owner_83,Operator_83,Fishing,SGP,2014
9001284,400001284,Owner_84,Operator_84,Fishing,PAN,1995
9001285,400001285,Owner_85,Operator_85,Tanker,PAN,2015
9001286,400001286,Owner_86,Operator_86,Cargo,SGP,2000
9001287,400001287,Owner_87,Operator_87,Bulk Carrier,PAN,2017
9001288,400001288,Owner_88,Operator_88,Container,PAN,2000
9001289,400001289,Owner_89,Operator_89,Bulk Carrier,IND,2018
9001290,400001290,Owner_90,Operator_90,Tanker,IND,1993
9001291,400001291,Owner_91,Operator_91,Tanker,IND,2007
9001292,400001292,Owner_92,Operator_92,Bulk Carrier,LBR,1990
9001293,400001293,Owner_93,Operator_93,Tanker,IND,2023
9001294,400001294,Owner_94,Operator_94,Fishing,MHL,2012
9001295,400001295,Owner_95,Operator_95,Tanker,PAN,1992
9001296,400001296,Owner_96,Operator_96,Bulk Carrier,IND,2006
9001297,400001297,Owner_97,Operator_97,Tanker,LBR,2018
9001298,400001298,Owner_98,Operator_98,Cargo,IND,2005
9001299,400001299,Owner_99,Operator_99,Tanker,LBR,1999
9001300,400001300,Owner_100,Operator_100,Cargo,SGP,2000
9001301,400001301,Owner_101,Operator_101,Container,IND,2019
9001302,400001302,Owner_102,Operator_102,Cargo,MHL,2002
9001303,400001303,Owner_103,Operator_103,Container,IND,1995
9001304,400001304,Owner_104,Operator_104,Cargo,SGP,2021
9001305,400001305,Owner_105,Operator_105,Cargo,MHL,2008
9001306,400001306,Owner_106,Operator_106,Cargo,LBR,2008
9001307,400001307,Owner_107,Operator_107,Bulk Carrier,MHL,2019
9001308,400001308,Owner_108,Operator_108,Tanker,LBR,2013
9001309,400001309,Owner_109,Operator_109,Tanker,LBR,2020
9001310,400001310,Owner_110,Operator_110,Tanker,MHL,2009
9001311,400001311,Owner_111,Operator_111,Fishing,IND,1996
9001312,400001312,Owner_112,Operator_112,Cargo,IND,2000
9001313,400001313,Owner_113,Operator_113,Bulk Carrier,MHL,2004
9001314,400001314,Owner_114,Operator_114,Container,SGP,1990
9001315,400001315,Owner_115,Operator_115,Fishing,MHL,2009
9001316,400001316,Owner_116,Operator_116,Cargo,IND,2003
9001317,400001317,Owner_117,Operator_117,Cargo,LBR,2003
9001318,400001318,Owner_118,Operator_118,Bulk Carrier,PAN,2011
9001319,400001319,Owner_119,Operator_119,Bulk Carrier,IND,2006
9001320,400001320,Owner_120,Operator_120,Fishing,LBR,1994
9001321,400001321,Owner_121,Operator_121,Fishing,LBR,2016
9001322,400001322,Owner_122,Operator_122,Cargo,MHL,2001
9001323,400001323,Owner_123,Operator_123,Tanker,PAN,1999
9001324,400001324,Owner_124,Operator_124,Bulk Carrier,MHL,2005
9001325,400001325,Owner_125,Operator_125,Tanker,SGP,1991
9001326,400001326,Owner_126,Operator_126,Bulk Carrier,SGP,2023
9001327,400001327,Owner_127,Operator_127,Tanker,MHL,2015
9001328,400001328,Owner_128,Operator_128,Container,MHL,2025
9001329,400001329,Owner_129,Operator_129,Tanker,LBR,2006
9001330,400001330,Owner_130,Operator_130,Cargo,IND,2007
9001331,400001331,Owner_131,Operator_131,Bulk Carrier,LBR,2016
9001332,400001332,Owner_132,Operator_132,Fishing,MHL,1990
9001333,400001333,Owner_133,Operator_133,Fishing,LBR,2001
9001334,400001334,Owner_134,Operator_134,Cargo,IND,2011
9001335,400001335,Owner_135,Operator_135,Fishing,SGP,2010
9001336,400001336,Owner_136,Operator_136,Cargo,SGP,1997
9001337,400001337,Owner_137,Operator_137,Cargo,PAN,2006
9001338,400001338,Owner_138,Operator_138,Cargo,IND,1992
9001339,400001339,Owner_139,Operator_139,Cargo,IND,2015
9001340,400001340,Owner_140,Operator_140,Cargo,PAN,2003
9001341,400001341,Owner_141,Operator_141,Tanker,LBR,1992
9001342,400001342,Owner_142,Operator_142,Container,PAN,2003
9001343,400001343,Owner_143,Operator_143,Fishing,IND,1995
9001344,400001344,Owner_144,Operator_144,Container,MHL,2024
9001345,400001345,Owner_145,Operator_145,Tanker,IND,2024
9001346,400001346,Owner_146,Operator_146,Cargo,LBR,2014
9001347,400001347,Owner_147,Operator_147,Cargo,PAN,2010
9001348,400001348,Owner_148,Operator_148,Tanker,IND,2005
9001349,400001349,Owner_149,Operator_149,Container,MHL,2014
9001350,400001350,Owner_150,Operator_150,Container,MHL,2025
9001351,400001351,Owner_151,Operator_151,Container,MHL,2021
9001352,400001352,Owner_152,Operator_152,Tanker,LBR,2023
9001353,400001353,Owner_153,Operator_153,Cargo,MHL,2005
9001354,400001354,Owner_154,Operator_154,Fishing,SGP,1993
9001355,400001355,Owner_155,Operator_155,Container,MHL,2011
9001356,400001356,Owner_156,Operator_156,Tanker,MHL,2000
9001357,400001357,Owner_157,Operator_157,Tanker,LBR,2020
9001358,400001358,Owner_158,Operator_158,Container,PAN,2000
9001359,400001359,Owner_159,Operator_159,Tanker,SGP,2013
9001360,400001360,Owner_160,Operator_160,Fishing,MHL,2018
9001361,400001361,Owner_161,Operator_161,Fishing,MHL,2012
9001362,400001362,Owner_162,Operator_162,Bulk Carrier,IND,1992
9001363,400001363,Owner_163,Operator_163,Cargo,SGP,2001
9001364,400001364,Owner_164,Operator_164,Container,SGP,1998
9001365,400001365,Owner_165,Operator_165,Container,LBR,1998
9001366,400001366,Owner_166,Operator_166,Bulk Carrier,LBR,2007
9001367,400001367,Owner_167,Operator_167,Fishing,IND,2024
9001368,400001368,Owner_168,Operator_168,Cargo,SGP,2011
9001369,400001369,Owner_169,Operator_169,Fishing,PAN,2005
9001370,400001370,Owner_170,Operator_170,Bulk Carrier,MHL,2012
9001371,400001371,Owner_171,Operator_171,Bulk Carrier,PAN,2002
9001372,400001372,Owner_172,Operator_172,Tanker,LBR,2007
9001373,400001373,Owner_173,Operator_173,Tanker,MHL,2020
9001374,400001374,Owner_174,Operator_174,Tanker,MHL,1996
9001375,400001375,Owner_175,Operator_175,Tanker,MHL,1993
9001376,400001376,Owner_176,Operator_176,Tanker,LBR,1997
9001377,400001377,Owner_177,Operator_177,Bulk Carrier,IND,2013
9001378,400001378,Owner_178,Operator_178,Bulk Carrier,SGP,2003
9001379,400001379,Owner_179,Operator_179,Cargo,PAN,2012
9001380,400001380,Owner_180,Operator_180,Fishing,IND,1990
9001381,400001381,Owner_181,Operator_181,Fishing,MHL,2024
9001382,400001382,Owner_182,Operator_182,Tanker,SGP,2008
9001383,400001383,Owner_183,Operator_183,Fishing,LBR,1997
9001384,400001384,Owner_184,Operator_184,Cargo,IND,2001
9001385,400001385,Owner_185,Operator_185,Container,MHL,2007
9001386,400001386,Owner_186,Operator_186,Cargo,IND,2021
9001387,400001387,Owner_187,Operator_187,Cargo,PAN,1996
9001388,400001388,Owner_188,Operator_188,Fishing,LBR,2018
9001389,400001389,Owner_189,Operator_189,Cargo,MHL,2012
9001390,400001390,Owner_190,Operator_190,Fishing,MHL,2004
9001391,400001391,Owner_191,Operator_191,Fishing,PAN,2015
9001392,400001392,Owner_192,Operator_192,Container,LBR,2004
9001393,400001393,Owner_193,Operator_193,Container,PAN,2023
9001394,400001394,Owner_194,Operator_194,Tanker,LBR,1999
9001395,400001395,Owner_195,Operator_195,Bulk Carrier,IND,2017
9001396,400001396,Owner_196,Operator_196,Tanker,PAN,2014
9001397,400001397,Owner_197,Operator_197,Tanker,IND,2019
9001398,400001398,Owner_198,Operator_198,Container,PAN,2018
9001399,400001399,Owner_199,Operator_199,Fishing,PAN,2018
9001400,400001400,Owner_200,Operator_0,Tanker,LBR,2021
9001401,400001401,Owner_201,Operator_1,Container,MHL,2018
9001402,400001402,Owner_202,Operator_2,Bulk Carrier,IND,1996
9001403,400001403,Owner_203,Operator_3,Bulk Carrier,IND,2006
9001404,400001404,Owner_204,Operator_4,Container,SGP,2022
9001405,400001405,Owner_205,Operator_5,Tanker,IND,2004
9001406,400001406,Owner_206,Operator_6,Cargo,SGP,2020
9001407,400001407,Owner_207,Operator_7,Bulk Carrier,MHL,2011
9001408,400001408,Owner_208,Operator_8,Cargo,PAN,2012
9001409,400001409,Owner_209,Operator_9,Fishing,PAN,2006
9001410,400001410,Owner_210,Operator_10,Fishing,SGP,1991
9001411,400001411,Owner_211,Operator_11,Fishing,LBR,1992
9001412,400001412,Owner_212,Operator_12,Fishing,IND,1998
9001413,400001413,Owner_213,Operator_13,Container,LBR,2021
9001414,400001414,Owner_214,Operator_14,Fishing,LBR,1991
9001415,400001415,Owner_215,Operator_15,Fishing,LBR,1993
9001416,400001416,Owner_216,Operator_16,Container,LBR,2017
9001417,400001417,Owner_217,Operator_17,Bulk Carrier,LBR,2009
9001418,400001418,Owner_218,Operator_18,Fishing,SGP,1997
9001419,400001419,Owner_219,Operator_19,Container,LBR,2025
9001420,400001420,Owner_220,Operator_20,Cargo,IND,1998
9001421,400001421,Owner_221,Operator_21,Cargo,MHL,2010
9001422,400001422,Owner_222,Operator_22,Cargo,SGP,2016
9001423,400001423,Owner_223,Operator_23,Bulk Carrier,IND,1991
9001424,400001424,Owner_224,Operator_24,Container,SGP,2006
9001425,400001425,Owner_225,Operator_25,Tanker,IND,2020
9001426,400001426,Owner_226,Operator_26,Tanker,SGP,1996
9001427,400001427,Owner_227,Operator_27,Bulk Carrier,SGP,2001
9001428,400001428,Owner_228,Operator_28,Cargo,MHL,1992
9001429,400001429,Owner_229,Operator_29,Bulk Carrier,LBR,2014
9001430,400001430,Owner_230,Operator_30,Bulk Carrier,SGP,2010
9001431,400001431,Owner_231,Operator_31,Cargo,PAN,2025
9001432,400001432,Owner_232,Operator_32,Bulk Carrier,IND,2016
9001433,400001433,Owner_233,Operator_33,Container,MHL,2000
9001434,400001434,Owner_234,Operator_34,Container,MHL,2000
9001435,400001435,Owner_235,Operator_35,Fishing,MHL,2011
9001436,400001436,Owner_236,Operator_36,Fishing,IND,2005
9001437,400001437,Owner_237,Operator_37,Container,PAN,2022
9001438,400001438,Owner_238,Operator_38,Fishing,PAN,2010
9001439,400001439,Owner_239,Operator_39,Fishing,MHL,1991
9001440,400001440,Owner_240,Operator_40,Fishing,SGP,2013
9001441,400001441,Owner_241,Operator_41,Tanker,IND,2005
9001442,400001442,Owner_242,Operator_42,Fishing,PAN,2018
9001443,400001443,Owner_243,Operator_43,Tanker,PAN,2000
9001444,400001444,Owner_244,Operator_44,Bulk Carrier,SGP,2025
9001445,400001445,Owner_245,Operator_45,Cargo,PAN,2025
9001446,400001446,Owner_246,Operator_46,Cargo,PAN,2014
9001447,400001447,Owner_247,Operator_47,Bulk Carrier,IND,1992
9001448,400001448,Owner_248,Operator_48,Bulk Carrier,SGP,2005
9001449,400001449,Owner_249,Operator_49,Cargo,IND,2001
9001450,400001450,Owner_250,Operator_50,Bulk Carrier,IND,2012
9001451,400001451,Owner_251,Operator_51,Tanker,MHL,2001
9001452,400001452,Owner_252,Operator_52,Container,LBR,2018
9001453,400001453,Owner_253,Operator_53,Cargo,MHL,1999
9001454,400001454,Owner_254,Operator_54,Cargo,SGP,1991
9001455,400001455,Owner_255,Operator_55,Tanker,PAN,1992
9001456,400001456,Owner_256,Operator_56,Tanker,MHL,2021
9001457,400001457,Owner_257,Operator_57,Fishing,PAN,1996
9001458,400001458,Owner_258,Operator_58,Fishing,LBR,2009
9001459,400001459,Owner_259,Operator_59,Container,LBR,2017
9001460,400001460,Owner_260,Operator_60,Container,LBR,2021
9001461,400001461,Owner_261,Operator_61,Cargo,LBR,1995
9001462,400001462,Owner_262,Operator_62,Container,IND,2007
9001463,400001463,Owner_263,Operator_63,Bulk Carrier,LBR,1999
9001464,400001464,Owner_264,Operator_64,Container,PAN,2011
9001465,400001465,Owner_265,Operator_65,Tanker,LBR,2001
9001466,400001466,Owner_266,Operator_66,Cargo,IND,2019
9001467,400001467,Owner_267,Operator_67,Fishing,IND,1990
9001468,400001468,Owner_268,Operator_68,Tanker,SGP,2016
9001469,400001469,Owner_269,Operator_69,Fishing,SGP,1990
9001470,400001470,Owner_270,Operator_70,Bulk Carrier,SGP,2023
9001471,400001471,Owner_271,Operator_71,Container,LBR,2015
9001472,400001472,Owner_272,Operator_72,Bulk Carrier,MHL,2018
9001473,400001473,Owner_273,Operator_73,Tanker,IND,2015
9001474,400001474,Owner_274,Operator_74,Container,SGP,2003
9001475,400001475,Owner_275,Operator_75,Cargo,PAN,2023
9001476,400001476,Owner_276,Operator_76,Container,PAN,2008
9001477,400001477,Owner_277,Operator_77,Bulk Carrier,LBR,1996
9001478,400001478,Owner_278,Operator_78,Fishing,MHL,2025
9001479,400001479,Owner_279,Operator_79,Cargo,IND,2008
9001480,400001480,Owner_280,Operator_80,Bulk Carrier,LBR,2014
9001481,400001481,Owner_281,Operator_81,Tanker,MHL,2020
9001482,400001482,Owner_282,Operator_82,Cargo,PAN,2010
9001483,400001483,Owner_283,Operator_83,Cargo,MHL,2007
9001484,400001484,Owner_284,Operator_84,Cargo,LBR,2007
9001485,400001485,Owner_285,Operator_85,Fishing,LBR,1991
9001486,400001486,Owner_286,Operator_86,Container,PAN,2016
9001487,400001487,Owner_287,Operator_87,Cargo,IND,2015
9001488,400001488,Owner_288,Operator_88,Container,IND,1998
9001489,400001489,Owner_289,Operator_89,Cargo,IND,2021
9001490,400001490,Owner_290,Operator_90,Container,SGP,2000
9001491,400001491,Owner_291,Operator_91,Tanker,IND,1995
9001492,400001492,Owner_292,Operator_92,Bulk Carrier,MHL,2001
9001493,400001493,Owner_293,Operator_93,Container,SGP,2000
9001494,400001494,Owner_294,Operator_94,Cargo,IND,2017
9001495,400001495,Owner_295,Operator_95,Bulk Carrier,SGP,2007
9001496,400001496,Owner_296,Operator_96,Bulk Carrier,MHL,2015
9001497,400001497,Owner_297,Operator_97,Cargo,PAN,1994
9001498,400001498,Owner_298,Operator_98,Tanker,LBR,1999
9001499,400001499,Owner_299,Operator_99,Container,PAN,1992
9001500,400001500,Owner_0,Operator_100,Fishing,LBR,2000
9001501,400001501,Owner_1,Operator_101,Fishing,SGP,1994
9001502,400001502,Owner_2,Operator_102,Tanker,SGP,2006
9001503,400001503,Owner_3,Operator_103,Cargo,SGP,2015
9001504,400001504,Owner_4,Operator_104,Bulk Carrier,LBR,2013
9001505,400001505,Owner_5,Operator_105,Bulk Carrier,IND,2004
9001506,400001506,Owner_6,Operator_106,Cargo,LBR,1991
9001507,400001507,Owner_7,Operator_107,Container,MHL,2002
9001508,400001508,Owner_8,Operator_108,Container,MHL,2003
9001509,400001509,Owner_9,Operator_109,Container,LBR,2020
9001510,400001510,Owner_10,Operator_110,Tanker,PAN,1995
9001511,400001511,Owner_11,Operator_111,Cargo,PAN,2015
9001512,400001512,Owner_12,Operator_112,Bulk Carrier,LBR,1996
9001513,400001513,Owner_13,Operator_113,Cargo,SGP,1996
9001514,400001514,Owner_14,Operator_114,Tanker,LBR,2009
9001515,400001515,Owner_15,Operator_115,Tanker,MHL,1993
9001516,400001516,Owner_16,Operator_116,Container,LBR,1998
9001517,400001517,Owner_17,Operator_117,Container,LBR,1996
9001518,400001518,Owner_18,Operator_118,Cargo,PAN,1990
9001519,400001519,Owner_19,Operator_119,Bulk Carrier,SGP,2019
9001520,400001520,Owner_20,Operator_120,Fishing,MHL,2014
9001521,400001521,Owner_21,Operator_121,Tanker,LBR,2005
9001522,400001522,Owner_22,Operator_122,Cargo,SGP,2025
9001523,400001523,Owner_23,Operator_123,Bulk Carrier,PAN,2019
9001524,400001524,Owner_24,Operator_124,Cargo,LBR,2005
9001525,400001525,Owner_25,Operator_125,Tanker,PAN,2005
9001526,400001526,Owner_26,Operator_126,Fishing,LBR,2011
9001527,400001527,Owner_27,Operator_127,Cargo,MHL,2019
9001528,400001528,Owner_28,Operator_128,Tanker,IND,1993
9001529,400001529,Owner_29,Operator_129,Cargo,PAN,1998
9001530,400001530,Owner_30,Operator_130,Cargo,IND,2023
9001531,400001531,Owner_31,Operator_131,Fishing,SGP,2010
9001532,400001532,Owner_32,Operator_132,Fishing,SGP,2011
9001533,400001533,Owner_33,Operator_133,Fishing,MHL,1990
9001534,400001534,Owner_34,Operator_134,Fishing,LBR,2007
9001535,400001535,Owner_35,Operator_135,Tanker,LBR,1993
9001536,400001536,Owner_36,Operator_136,Tanker,MHL,2021
9001537,400001537,Owner_37,Operator_137,Tanker,MHL,2004
9001538,400001538,Owner_38,Operator_138,Cargo,SGP,2011
9001539,400001539,Owner_39,Operator_139,Bulk Carrier,MHL,1991
9001540,400001540,Owner_40,Operator_140,Bulk Carrier,IND,2002
9001541,400001541,Owner_41,Operator_141,Fishing,MHL,2001
9001542,400001542,Owner_42,Operator_142,Fishing,IND,2025
9001543,400001543,Owner_43,Operator_143,Container,IND,1991
9001544,400001544,Owner_44,Operator_144,Cargo,LBR,2006
9001545,400001545,Owner_45,Operator_145,Bulk Carrier,IND,2022
9001546,400001546,Owner_46,Operator_146,Bulk Carrier,LBR,2019
9001547,400001547,Owner_47,Operator_147,Tanker,IND,1995
9001548,400001548,Owner_48,Operator_148,Tanker,SGP,1999
9001549,400001549,Owner_49,Operator_149,Fishing,MHL,1999
9001550,400001550,Owner_50,Operator_150,Container,MHL,1995
9001551,400001551,Owner_51,Operator_151,Cargo,LBR,2013
9001552,400001552,Owner_52,Operator_152,Bulk Carrier,LBR,2025
9001553,400001553,Owner_53,Operator_153,Fishing,IND,2002
9001554,400001554,Owner_54,Operator_154,Container,SGP,1997
9001555,400001555,Owner_55,Operator_155,Fishing,IND,2004
9001556,400001556,Owner_56,Operator_156,Fishing,MHL,2010
9001557,400001557,Owner_57,Operator_157,Tanker,MHL,2015
9001558,400001558,Owner_58,Operator_158,Fishing,IND,2021
9001559,400001559,Owner_59,Operator_159,Cargo,IND,1990
9001560,400001560,Owner_60,Operator_160,Cargo,IND,2020
9001561,400001561,Owner_61,Operator_161,Cargo,SGP,2008
9001562,400001562,Owner_62,Operator_162,Container,MHL,2012
9001563,400001563,Owner_63,Operator_163,Cargo,MHL,2006
9001564,400001564,Owner_64,Operator_164,Bulk Carrier,IND,2004
9001565,400001565,Owner_65,Operator_165,Tanker,PAN,2009
9001566,400001566,Owner_66,Operator_166,Bulk Carrier,LBR,2019
9001567,400001567,Owner_67,Operator_167,Cargo,PAN,2025
9001568,400001568,Owner_68,Operator_168,Container,MHL,1997
9001569,400001569,Owner_69,Operator_169,Fishing,IND,2003
9001570,400001570,Owner_70,Operator_170,Bulk Carrier,SGP,2011
9001571,400001571,Owner_71,Operator_171,Fishing,MHL,1992
9001572,400001572,Owner_72,Operator_172,Bulk Carrier,MHL,1996
9001573,400001573,Owner_73,Operator_173,Container,IND,1994
9001574,400001574,Owner_74,Operator_174,Cargo,LBR,2019
9001575,400001575,Owner_75,Operator_175,Tanker,SGP,2019
9001576,400001576,Owner_76,Operator_176,Cargo,PAN,2012
9001577,400001577,Owner_77,Operator_177,Fishing,PAN,2000
9001578,400001578,Owner_78,Operator_178,Bulk Carrier,LBR,2025
9001579,400001579,Owner_79,Operator_179,Container,IND,2014
9001580,400001580,Owner_80,Operator_180,Tanker,PAN,1999
9001581,400001581,Owner_81,Operator_181,Cargo,IND,1993
9001582,400001582,Owner_82,Operator_182,Container,PAN,2001
9001583,400001583,Owner_83,Operator_183,Tanker,IND,1998
9001584,400001584,Owner_84,Operator_184,Cargo,PAN,2015
9001585,400001585,Owner_85,Operator_185,Container,MHL,2002
9001586,400001586,Owner_86,Operator_186,Bulk Carrier,LBR,2016
9001587,400001587,Owner_87,Operator_187,Bulk Carrier,SGP,1990
9001588,400001588,Owner_88,Operator_188,Tanker,IND,1997
9001589,400001589,Owner_89,Operator_189,Fishing,LBR,2008
9001590,400001590,Owner_90,Operator_190,Bulk Carrier,PAN,2019
9001591,400001591,Owner_91,Operator_191,Bulk Carrier,MHL,2009
9001592,400001592,Owner_92,Operator_192,Cargo,LBR,2015
9001593,400001593,Owner_93,Operator_193,Cargo,MHL,1997
9001594,400001594,Owner_94,Operator_194,Bulk Carrier,PAN,1997
9001595,400001595,Owner_95,Operator_195,Tanker,LBR,2012
9001596,400001596,Owner_96,Operator_196,Fishing,PAN,1997
9001597,400001597,Owner_97,Operator_197,Fishing,PAN,2024
9001598,400001598,Owner_98,Operator_198,Fishing,IND,1994
9001599,400001599,Owner_99,Operator_199,Bulk Carrier,PAN,1990
9001600,400001600,Owner_100,Operator_0,Container,PAN,2003
9001601,400001601,Owner_101,Operator_1,Tanker,SGP,2012
9001602,400001602,Owner_102,Operator_2,Cargo,IND,1992
9001603,400001603,Owner_103,Operator_3,Cargo,PAN,2025
9001604,400001604,Owner_104,Operator_4,Tanker,IND,2007
9001605,400001605,Owner_105,Operator_5,Cargo,PAN,2013
9001606,400001606,Owner_106,Operator_6,Fishing,PAN,2025
9001607,400001607,Owner_107,Operator_7,Fishing,LBR,2023
9001608,400001608,Owner_108,Operator_8,Cargo,IND,2011
9001609,400001609,Owner_109,Operator_9,Cargo,MHL,2005
9001610,400001610,Owner_110,Operator_10,Container,MHL,2012
9001611,400001611,Owner_111,Operator_11,Bulk Carrier,SGP,2010
9001612,400001612,Owner_112,Operator_12,Container,IND,2022
9001613,400001613,Owner_113,Operator_13,Cargo,SGP,1994
9001614,400001614,Owner_114,Operator_14,Fishing,LBR,2017
9001615,400001615,Owner_115,Operator_15,Tanker,IND,2012
9001616,400001616,Owner_116,Operator_16,Tanker,MHL,2021
9001617,400001617,Owner_117,Operator_17,Container,PAN,1999
9001618,400001618,Owner_118,Operator_18,Fishing,MHL,2002
9001619,400001619,Owner_119,Operator_19,Container,MHL,2000
9001620,400001620,Owner_120,Operator_20,Bulk Carrier,SGP,2018
9001621,400001621,Owner_121,Operator_21,Tanker,SGP,1996
9001622,400001622,Owner_122,Operator_22,Tanker,SGP,1997
9001623,400001623,Owner_123,Operator_23,Container,PAN,2018
9001624,400001624,Owner_124,Operator_24,Bulk Carrier,PAN,2021
9001625,400001625,Owner_125,Operator_25,Bulk Carrier,PAN,2010
9001626,400001626,Owner_126,Operator_26,Fishing,IND,2003
9001627,400001627,Owner_127,Operator_27,Container,MHL,2010
9001628,400001628,Owner_128,Operator_28,Fishing,MHL,2021
9001629,400001629,Owner_129,Operator_29,Container,PAN,2000
9001630,400001630,Owner_130,Operator_30,Bulk Carrier,LBR,2003
9001631,400001631,Owner_131,Operator_31,Bulk Carrier,IND,2006
9001632,400001632,Owner_132,Operator_32,Bulk Carrier,IND,2009
9001633,400001633,Owner_133,Operator_33,Cargo,PAN,2013
9001634,400001634,Owner_134,Operator_34,Cargo,SGP,2014
9001635,400001635,Owner_135,Operator_35,Tanker,MHL,2003
9001636,400001636,Owner_136,Operator_36,Bulk Carrier,SGP,2005
9001637,400001637,Owner_137,Operator_37,Tanker,IND,1997
9001638,400001638,Owner_138,Operator_38,Container,PAN,2002
9001639,400001639,Owner_139,Operator_39,Cargo,MHL,2013
9001640,400001640,Owner_140,Operator_40,Tanker,LBR,2005
9001641,400001641,Owner_141,Operator_41,Tanker,IND,2001
9001642,400001642,Owner_142,Operator_42,Bulk Carrier,IND,1997
9001643,400001643,Owner_143,Operator_43,Cargo,IND,2023
9001644,400001644,Owner_144,Operator_44,Fishing,PAN,2009
9001645,400001645,Owner_145,Operator_45,Tanker,LBR,1995
9001646,400001646,Owner_146,Operator_46,Cargo,LBR,1999
9001647,400001647,Owner_147,Operator_47,Container,IND,1993
9001648,400001648,Owner_148,Operator_48,Container,IND,2009
9001649,400001649,Owner_149,Operator_49,Fishing,MHL,1990
9001650,400001650,Owner_150,Operator_50,Container,LBR,2010
9001651,400001651,Owner_151,Operator_51,Fishing,IND,2021
9001652,400001652,Owner_152,Operator_52,Cargo,PAN,2010
9001653,400001653,Owner_153,Operator_53,Container,IND,1999
9001654,400001654,Owner_154,Operator_54,Fishing,MHL,1992
9001655,400001655,Owner_155,Operator_55,Cargo,PAN,1993
9001656,400001656,Owner_156,Operator_56,Fishing,LBR,2018
9001657,400001657,Owner_157,Operator_57,Bulk Carrier,SGP,1998
9001658,400001658,Owner_158,Operator_58,Fishing,IND,2018
9001659,400001659,Owner_159,Operator_59,Tanker,MHL,2006
9001660,400001660,Owner_160,Operator_60,Container,IND,2000
9001661,400001661,Owner_161,Operator_61,Container,PAN,1993
9001662,400001662,Owner_162,Operator_62,Container,SGP,2020
9001663,400001663,Owner_163,Operator_63,Bulk Carrier,PAN,2004
9001664,400001664,Owner_164,Operator_64,Tanker,PAN,2015
9001665,400001665,Owner_165,Operator_65,Tanker,LBR,2007
9001666,400001666,Owner_166,Operator_66,Fishing,MHL,2019
9001667,400001667,Owner_167,Operator_67,Tanker,IND,1997
9001668,400001668,Owner_168,Operator_68,Container,IND,2003
9001669,400001669,Owner_169,Operator_69,Tanker,LBR,1995
9001670,400001670,Owner_170,Operator_70,Container,IND,2018
9001671,400001671,Owner_171,Operator_71,Tanker,PAN,2010
9001672,400001672,Owner_172,Operator_72,Fishing,PAN,1999
9001673,400001673,Owner_173,Operator_73,Cargo,SGP,1998
9001674,400001674,Owner_174,Operator_74,Tanker,MHL,2009
9001675,400001675,Owner_175,Operator_75,Fishing,SGP,1990
9001676,400001676,Owner_176,Operator_76,Fishing,MHL,1999
9001677,400001677,Owner_177,Operator_77,Fishing,LBR,2012
9001678,400001678,Owner_178,Operator_78,Bulk Carrier,PAN,2024
9001679,400001679,Owner_179,Operator_79,Fishing,SGP,2009
9001680,400001680,Owner_180,Operator_80,Tanker,PAN,1993
9001681,400001681,Owner_181,Operator_81,Cargo,IND,1994
9001682,400001682,Owner_182,Operator_82,Container,IND,2008
9001683,400001683,Owner_183,Operator_83,Container,LBR,2011
9001684,400001684,Owner_184,Operator_84,Container,MHL,2013
9001685,400001685,Owner_185,Operator_85,Fishing,PAN,2007
9001686,400001686,Owner_186,Operator_86,Bulk Carrier,IND,1993
9001687,400001687,Owner_187,Operator_87,Container,MHL,2002
9001688,400001688,Owner_188,Operator_88,Fishing,SGP,2024
9001689,400001689,Owner_189,Operator_89,Cargo,IND,1990
9001690,400001690,Owner_190,Operator_90,Fishing,SGP,2008
9001691,400001691,Owner_191,Operator_91,Cargo,PAN,2013
9001692,400001692,Owner_192,Operator_92,Cargo,PAN,2014
9001693,400001693,Owner_193,Operator_93,Fishing,PAN,1991
9001694,400001694,Owner_194,Operator_94,Bulk Carrier,LBR,2011
9001695,400001695,Owner_195,Operator_95,Bulk Carrier,SGP,2022
9001696,400001696,Owner_196,Operator_96,Cargo,LBR,2008
9001697,400001697,Owner_197,Operator_97,Tanker,PAN,2016
9001698,400001698,Owner_198,Operator_98,Cargo,IND,2020
9001699,400001699,Owner_199,Operator_99,Container,MHL,1999
9001700,400001700,Owner_200,Operator_100,Bulk Carrier,MHL,2022
9001701,400001701,Owner_201,Operator_101,Fishing,PAN,2022
9001702,400001702,Owner_202,Operator_102,Bulk Carrier,SGP,1993
9001703,400001703,Owner_203,Operator_103,Tanker,MHL,2014
9001704,400001704,Owner_204,Operator_104,Container,IND,2022
9001705,400001705,Owner_205,Operator_105,Container,IND,2007
9001706,400001706,Owner_206,Operator_106,Fishing,IND,2012
9001707,400001707,Owner_207,Operator_107,Tanker,PAN,2003
9001708,400001708,Owner_208,Operator_108,Cargo,MHL,2017
9001709,400001709,Owner_209,Operator_109,Bulk Carrier,LBR,2021
9001710,400001710,Owner_210,Operator_110,Cargo,MHL,2000
9001711,400001711,Owner_211,Operator_111,Container,LBR,1990
9001712,400001712,Owner_212,Operator_112,Container,MHL,1995
9001713,400001713,Owner_213,Operator_113,Container,PAN,1997
9001714,400001714,Owner_214,Operator_114,Container,PAN,2020
9001715,400001715,Owner_215,Operator_115,Fishing,PAN,2019
9001716,400001716,Owner_216,Operator_116,Container,LBR,2015
9001717,400001717,Owner_217,Operator_117,Fishing,LBR,2019
9001718,400001718,Owner_218,Operator_118,Tanker,SGP,2017
9001719,400001719,Owner_219,Operator_119,Tanker,PAN,2002
9001720,400001720,Owner_220,Operator_120,Fishing,IND,1991
9001721,400001721,Owner_221,Operator_121,Cargo,IND,2000
9001722,400001722,Owner_222,Operator_122,Container,SGP,2010
9001723,400001723,Owner_223,Operator_123,Container,MHL,1999
9001724,400001724,Owner_224,Operator_124,Cargo,MHL,2009
9001725,400001725,Owner_225,Operator_125,Fishing,LBR,1992
9001726,400001726,Owner_226,Operator_126,Container,LBR,2008
9001727,400001727,Owner_227,Operator_127,Cargo,PAN,2003
9001728,400001728,Owner_228,Operator_128,Bulk Carrier,MHL,1993
9001729,400001729,Owner_229,Operator_129,Container,SGP,2024
9001730,400001730,Owner_230,Operator_130,Fishing,IND,1995
9001731,400001731,Owner_231,Operator_131,Fishing,IND,1992
9001732,400001732,Owner_232,Operator_132,Fishing,PAN,1994
9001733,400001733,Owner_233,Operator_133,Cargo,SGP,1993
9001734,400001734,Owner_234,Operator_134,Container,MHL,2003
9001735,400001735,Owner_235,Operator_135,Bulk Carrier,MHL,2010
9001736,400001736,Owner_236,Operator_136,Fishing,PAN,2004
9001737,400001737,Owner_237,Operator_137,Container,MHL,2004
9001738,400001738,Owner_238,Operator_138,Bulk Carrier,MHL,2019
9001739,400001739,Owner_239,Operator_139,Container,LBR,2020
9001740,400001740,Owner_240,Operator_140,Bulk Carrier,IND,1995
9001741,400001741,Owner_241,Operator_141,Bulk Carrier,LBR,2009
9001742,400001742,Owner_242,Operator_142,Tanker,LBR,1991
9001743,400001743,Owner_243,Operator_143,Fishing,LBR,2013
9001744,400001744,Owner_244,Operator_144,Fishing,MHL,2012
9001745,400001745,Owner_245,Operator_145,Tanker,LBR,2025
9001746,400001746,Owner_246,Operator_146,Bulk Carrier,PAN,2018
9001747,400001747,Owner_247,Operator_147,Fishing,PAN,1991
9001748,400001748,Owner_248,Operator_148,Cargo,LBR,2013
9001749,400001749,Owner_249,Operator_149,Fishing,SGP,2017
9001750,400001750,Owner_250,Operator_150,Container,LBR,2022
9001751,400001751,Owner_251,Operator_151,Bulk Carrier,LBR,2006
9001752,400001752,Owner_252,Operator_152,Tanker,PAN,2019
9001753,400001753,Owner_253,Operator_153,Container,MHL,2005
9001754,400001754,Owner_254,Operator_154,Container,PAN,2016
9001755,400001755,Owner_255,Operator_155,Tanker,MHL,2023
9001756,400001756,Owner_256,Operator_156,Tanker,SGP,2006
9001757,400001757,Owner_257,Operator_157,Cargo,SGP,2009
9001758,400001758,Owner_258,Operator_158,Bulk Carrier,LBR,2021
9001759,400001759,Owner_259,Operator_159,Container,MHL,1995
9001760,400001760,Owner_260,Operator_160,Cargo,MHL,2000
9001761,400001761,Owner_261,Operator_161,Container,IND,1990
9001762,400001762,Owner_262,Operator_162,Tanker,IND,2021
9001763,400001763,Owner_263,Operator_163,Cargo,LBR,2013
9001764,400001764,Owner_264,Operator_164,Container,PAN,2014
9001765,400001765,Owner_265,Operator_165,Tanker,MHL,2014
9001766,400001766,Owner_266,Operator_166,Bulk Carrier,MHL,2015
9001767,400001767,Owner_267,Operator_167,Tanker,IND,2019
9001768,400001768,Owner_268,Operator_168,Bulk Carrier,PAN,2014
9001769,400001769,Owner_269,Operator_169,Tanker,MHL,2015
9001770,400001770,Owner_270,Operator_170,Bulk Carrier,IND,1999
9001771,400001771,Owner_271,Operator_171,Cargo,MHL,2025
9001772,400001772,Owner_272,Operator_172,Fishing,PAN,2002
9001773,400001773,Owner_273,Operator_173,Cargo,LBR,2017
9001774,400001774,Owner_274,Operator_174,Tanker,MHL,2013
9001775,400001775,Owner_275,Operator_175,Cargo,IND,1996
9001776,400001776,Owner_276,Operator_176,Fishing,SGP,2005
9001777,400001777,Owner_277,Operator_177,Cargo,IND,2000
9001778,400001778,Owner_278,Operator_178,Cargo,IND,1998
9001779,400001779,Owner_279,Operator_179,Tanker,PAN,2021
9001780,400001780,Owner_280,Operator_180,Tanker,PAN,2017
9001781,400001781,Owner_281,Operator_181,Fishing,PAN,2008
9001782,400001782,Owner_282,Operator_182,Cargo,LBR,2021
9001783,400001783,Owner_283,Operator_183,Tanker,SGP,2021
9001784,400001784,Owner_284,Operator_184,Cargo,SGP,1997
9001785,400001785,Owner_285,Operator_185,Container,LBR,1992
9001786,400001786,Owner_286,Operator_186,Tanker,SGP,2021
9001787,400001787,Owner_287,Operator_187,Fishing,SGP,2018
9001788,400001788,Owner_288,Operator_188,Cargo,IND,2000
9001789,400001789,Owner_289,Operator_189,Bulk Carrier,IND,2018
9001790,400001790,Owner_290,Operator_190,Bulk Carrier,SGP,2008
9001791,400001791,Owner_291,Operator_191,Container,IND,2013
9001792,400001792,Owner_292,Operator_192,Cargo,SGP,2003
9001793,400001793,Owner_293,Operator_193,Container,SGP,1993
9001794,400001794,Owner_294,Operator_194,Tanker,MHL,2016
9001795,400001795,Owner_295,Operator_195,Cargo,SGP,1995
9001796,400001796,Owner_296,Operator_196,Bulk Carrier,MHL,1990
9001797,400001797,Owner_297,Operator_197,Cargo,PAN,2023
9001798,400001798,Owner_298,Operator_198,Fishing,SGP,2017
9001799,400001799,Owner_299,Operator_199,Tanker,IND,2015
9001800,400001800,Owner_0,Operator_0,Container,IND,2015
9001801,400001801,Owner_1,Operator_1,Fishing,PAN,2013
9001802,400001802,Owner_2,Operator_2,Tanker,IND,1996
9001803,400001803,Owner_3,Operator_3,Fishing,LBR,2002
9001804,400001804,Owner_4,Operator_4,Tanker,MHL,2019
9001805,400001805,Owner_5,Operator_5,Tanker,PAN,1990
9001806,400001806,Owner_6,Operator_6,Fishing,IND,2007
9001807,400001807,Owner_7,Operator_7,Fishing,SGP,2019
9001808,400001808,Owner_8,Operator_8,Tanker,MHL,2008
9001809,400001809,Owner_9,Operator_9,Container,MHL,2024
9001810,400001810,Owner_10,Operator_10,Cargo,MHL,2001
9001811,400001811,Owner_11,Operator_11,Bulk Carrier,MHL,2010
9001812,400001812,Owner_12,Operator_12,Fishing,PAN,2009
9001813,400001813,Owner_13,Operator_13,Bulk Carrier,PAN,2002
9001814,400001814,Owner_14,Operator_14,Bulk Carrier,LBR,1997
9001815,400001815,Owner_15,Operator_15,Tanker,MHL,2019
9001816,400001816,Owner_16,Operator_16,Tanker,LBR,1993
9001817,400001817,Owner_17,Operator_17,Cargo,MHL,2001
9001818,400001818,Owner_18,Operator_18,Tanker,IND,2015
9001819,400001819,Owner_19,Operator_19,Cargo,PAN,1998
9001820,400001820,Owner_20,Operator_20,Tanker,LBR,2002
9001821,400001821,Owner_21,Operator_21,Bulk Carrier,MHL,2024
9001822,400001822,Owner_22,Operator_22,Cargo,PAN,2021
9001823,400001823,Owner_23,Operator_23,Cargo,MHL,1999
9001824,400001824,Owner_24,Operator_24,Fishing,MHL,2017
9001825,400001825,Owner_25,Operator_25,Tanker,IND,1992
9001826,400001826,Owner_26,Operator_26,Container,LBR,2005
9001827,400001827,Owner_27,Operator_27,Fishing,PAN,1994
9001828,400001828,Owner_28,Operator_28,Tanker,IND,1996
9001829,400001829,Owner_29,Operator_29,Bulk Carrier,PAN,1993
9001830,400001830,Owner_30,Operator_30,Bulk Carrier,IND,2000
9001831,400001831,Owner_31,Operator_31,Fishing,SGP,1999
9001832,400001832,Owner_32,Operator_32,Bulk Carrier,IND,1990
9001833,400001833,Owner_33,Operator_33,Bulk Carrier,SGP,2022
9001834,400001834,Owner_34,Operator_34,Container,IND,2003
9001835,400001835,Owner_35,Operator_35,Tanker,PAN,2021
9001836,400001836,Owner_36,Operator_36,Cargo,LBR,2014
9001837,400001837,Owner_37,Operator_37,Bulk Carrier,LBR,2015
9001838,400001838,Owner_38,Operator_38,Bulk Carrier,IND,1999
9001839,400001839,Owner_39,Operator_39,Cargo,LBR,2007
9001840,400001840,Owner_40,Operator_40,Tanker,IND,2007
9001841,400001841,Owner_41,Operator_41,Fishing,LBR,2021
9001842,400001842,Owner_42,Operator_42,Bulk Carrier,PAN,2016
9001843,400001843,Owner_43,Operator_43,Container,MHL,2023
9001844,400001844,Owner_44,Operator_44,Fishing,SGP,1991
9001845,400001845,Owner_45,Operator_45,Cargo,IND,1998
9001846,400001846,Owner_46,Operator_46,Bulk Carrier,PAN,2001
9001847,400001847,Owner_47,Operator_47,Container,LBR,2001
9001848,400001848,Owner_48,Operator_48,Container,MHL,2004
9001849,400001849,Owner_49,Operator_49,Cargo,PAN,1995
9001850,400001850,Owner_50,Operator_50,Container,SGP,2004
9001851,400001851,Owner_51,Operator_51,Tanker,LBR,2017
9001852,400001852,Owner_52,Operator_52,Tanker,IND,1997
9001853,400001853,Owner_53,Operator_53,Bulk Carrier,SGP,1991
9001854,400001854,Owner_54,Operator_54,Tanker,LBR,1997
9001855,400001855,Owner_55,Operator_55,Bulk Carrier,SGP,1992
9001856,400001856,Owner_56,Operator_56,Fishing,LBR,1995
9001857,400001857,Owner_57,Operator_57,Container,PAN,1995
9001858,400001858,Owner_58,Operator_58,Fishing,PAN,1999
9001859,400001859,Owner_59,Operator_59,Container,PAN,1990
9001860,400001860,Owner_60,Operator_60,Container,MHL,2013
9001861,400001861,Owner_61,Operator_61,Bulk Carrier,MHL,2000
9001862,400001862,Owner_62,Operator_62,Fishing,LBR,2016
9001863,400001863,Owner_63,Operator_63,Tanker,LBR,2004
9001864,400001864,Owner_64,Operator_64,Fishing,LBR,1999
9001865,400001865,Owner_65,Operator_65,Container,PAN,1994
9001866,400001866,Owner_66,Operator_66,Tanker,SGP,1992
9001867,400001867,Owner_67,Operator_67,Cargo,LBR,2012
9001868,400001868,Owner_68,Operator_68,Bulk Carrier,LBR,2017
9001869,400001869,Owner_69,Operator_69,Bulk Carrier,LBR,2023
9001870,400001870,Owner_70,Operator_70,Bulk Carrier,MHL,2000
9001871,400001871,Owner_71,Operator_71,Bulk Carrier,PAN,2020
9001872,400001872,Owner_72,Operator_72,Fishing,IND,2023
9001873,400001873,Owner_73,Operator_73,Container,PAN,2008
9001874,400001874,Owner_74,Operator_74,Container,SGP,2020
9001875,400001875,Owner_75,Operator_75,Container,SGP,2008
9001876,400001876,Owner_76,Operator_76,Fishing,IND,2017
9001877,400001877,Owner_77,Operator_77,Bulk Carrier,MHL,2020
9001878,400001878,Owner_78,Operator_78,Cargo,MHL,2008
9001879,400001879,Owner_79,Operator_79,Fishing,MHL,2016
9001880,400001880,Owner_80,Operator_80,Bulk Carrier,MHL,1992
9001881,400001881,Owner_81,Operator_81,Container,MHL,2012
9001882,400001882,Owner_82,Operator_82,Bulk Carrier,MHL,2020
9001883,400001883,Owner_83,Operator_83,Tanker,IND,2005
9001884,400001884,Owner_84,Operator_84,Container,PAN,2007
9001885,400001885,Owner_85,Operator_85,Container,IND,2023
9001886,400001886,Owner_86,Operator_86,Cargo,PAN,2023
9001887,400001887,Owner_87,Operator_87,Cargo,MHL,2009
9001888,400001888,Owner_88,Operator_88,Tanker,PAN,1991
9001889,400001889,Owner_89,Operator_89,Cargo,LBR,1994
9001890,400001890,Owner_90,Operator_90,Fishing,LBR,1994
9001891,400001891,Owner_91,Operator_91,Container,MHL,1997
9001892,400001892,Owner_92,Operator_92,Fishing,IND,2007
9001893,400001893,Owner_93,Operator_93,Bulk Carrier,SGP,2006
9001894,400001894,Owner_94,Operator_94,Tanker,IND,2014
9001895,400001895,Owner_95,Operator_95,Bulk Carrier,PAN,2023
9001896,400001896,Owner_96,Operator_96,Cargo,MHL,2008
9001897,400001897,Owner_97,Operator_97,Bulk Carrier,MHL,1990
9001898,400001898,Owner_98,Operator_98,Container,MHL,1998
9001899,400001899,Owner_99,Operator_99,Tanker,SGP,2001
9001900,400001900,Owner_100,Operator_100,Tanker,MHL,1992
9001901,400001901,Owner_101,Operator_101,Bulk Carrier,PAN,1992
9001902,400001902,Owner_102,Operator_102,Tanker,MHL,2018
9001903,400001903,Owner_103,Operator_103,Container,SGP,2004
9001904,400001904,Owner_104,Operator_104,Tanker,SGP,2016
9001905,400001905,Owner_105,Operator_105,Bulk Carrier,SGP,2012
9001906,400001906,Owner_106,Operator_106,Fishing,LBR,2013
9001907,400001907,Owner_107,Operator_107,Cargo,LBR,2013
9001908,400001908,Owner_108,Operator_108,Container,IND,2013
9001909,400001909,Owner_109,Operator_109,Cargo,PAN,2020
9001910,400001910,Owner_110,Operator_110,Container,IND,2005
9001911,400001911,Owner_111,Operator_111,Cargo,MHL,2020
9001912,400001912,Owner_112,Operator_112,Tanker,PAN,1995
9001913,400001913,Owner_113,Operator_113,Cargo,LBR,2024
9001914,400001914,Owner_114,Operator_114,Fishing,SGP,2002
9001915,400001915,Owner_115,Operator_115,Tanker,LBR,1992
9001916,400001916,Owner_116,Operator_116,Container,PAN,2021
9001917,400001917,Owner_117,Operator_117,Container,IND,1999
9001918,400001918,Owner_118,Operator_118,Fishing,LBR,1992
9001919,400001919,Owner_119,Operator_119,Cargo,LBR,2007
9001920,400001920,Owner_120,Operator_120,Fishing,PAN,2023
9001921,400001921,Owner_121,Operator_121,Fishing,IND,2004
9001922,400001922,Owner_122,Operator_122,Bulk Carrier,PAN,1993
9001923,400001923,Owner_123,Operator_123,Bulk Carrier,LBR,2021
9001924,400001924,Owner_124,Operator_124,Container,PAN,2006
9001925,400001925,Owner_125,Operator_125,Cargo,MHL,2001
9001926,400001926,Owner_126,Operator_126,Fishing,PAN,2007
9001927,400001927,Owner_127,Operator_127,Tanker,LBR,1993
9001928,400001928,Owner_128,Operator_128,Container,IND,2002
9001929,400001929,Owner_129,Operator_129,Container,IND,1991
9001930,400001930,Owner_130,Operator_130,Cargo,MHL,2023
9001931,400001931,Owner_131,Operator_131,Bulk Carrier,IND,2015
9001932,400001932,Owner_132,Operator_132,Container,PAN,2003
9001933,400001933,Owner_133,Operator_133,Fishing,IND,2000
9001934,400001934,Owner_134,Operator_134,Tanker,PAN,2007
9001935,400001935,Owner_135,Operator_135,Tanker,LBR,2008
9001936,400001936,Owner_136,Operator_136,Tanker,SGP,2004
9001937,400001937,Owner_137,Operator_137,Cargo,SGP,2004
9001938,400001938,Owner_138,Operator_138,Fishing,IND,2004
9001939,400001939,Owner_139,Operator_139,Bulk Carrier,PAN,2010
9001940,400001940,Owner_140,Operator_140,Tanker,MHL,2019
9001941,400001941,Owner_141,Operator_141,Cargo,MHL,2017
9001942,400001942,Owner_142,Operator_142,Cargo,IND,2021
9001943,400001943,Owner_143,Operator_143,Bulk Carrier,MHL,2015
9001944,400001944,Owner_144,Operator_144,Fishing,SGP,2017
9001945,400001945,Owner_145,Operator_145,Tanker,IND,2012
9001946,400001946,Owner_146,Operator_146,Container,IND,2006
9001947,400001947,Owner_147,Operator_147,Bulk Carrier,IND,2003
9001948,400001948,Owner_148,Operator_148,Tanker,MHL,1997
9001949,400001949,Owner_149,Operator_149,Container,MHL,2007
9001950,400001950,Owner_150,Operator_150,Tanker,LBR,2014
9001951,400001951,Owner_151,Operator_151,Tanker,IND,2004
9001952,400001952,Owner_152,Operator_152,Fishing,SGP,2005
9001953,400001953,Owner_153,Operator_153,Cargo,LBR,1990
9001954,400001954,Owner_154,Operator_154,Cargo,MHL,2024
9001955,400001955,Owner_155,Operator_155,Container,SGP,2014
9001956,400001956,Owner_156,Operator_156,Fishing,LBR,2024
9001957,400001957,Owner_157,Operator_157,Container,IND,2012
9001958,400001958,Owner_158,Operator_158,Container,IND,2000
9001959,400001959,Owner_159,Operator_159,Container,LBR,1996
9001960,400001960,Owner_160,Operator_160,Fishing,MHL,2020
9001961,400001961,Owner_161,Operator_161,Container,LBR,2021
9001962,400001962,Owner_162,Operator_162,Bulk Carrier,LBR,1998
9001963,400001963,Owner_163,Operator_163,Fishing,LBR,2002
9001964,400001964,Owner_164,Operator_164,Bulk Carrier,MHL,1997
9001965,400001965,Owner_165,Operator_165,Container,SGP,2001
9001966,400001966,Owner_166,Operator_166,Fishing,MHL,1993
9001967,400001967,Owner_167,Operator_167,Tanker,IND,2007
9001968,400001968,Owner_168,Operator_168,Tanker,IND,1998
9001969,400001969,Owner_169,Operator_169,Bulk Carrier,PAN,2004
9001970,400001970,Owner_170,Operator_170,Container,PAN,1997
9001971,400001971,Owner_171,Operator_171,Tanker,MHL,1996
9001972,400001972,Owner_172,Operator_172,Cargo,LBR,2023
9001973,400001973,Owner_173,Operator_173,Container,LBR,1993
9001974,400001974,Owner_174,Operator_174,Bulk Carrier,PAN,2025
9001975,400001975,Owner_175,Operator_175,Cargo,SGP,2020
9001976,400001976,Owner_176,Operator_176,Container,LBR,2013
9001977,400001977,Owner_177,Operator_177,Container,PAN,2013
9001978,400001978,Owner_178,Operator_178,Bulk Carrier,IND,1997
9001979,400001979,Owner_179,Operator_179,Cargo,PAN,2020
9001980,400001980,Owner_180,Operator_180,Cargo,PAN,2012
9001981,400001981,Owner_181,Operator_181,Cargo,IND,2025
9001982,400001982,Owner_182,Operator_182,Fishing,PAN,2023
9001983,400001983,Owner_183,Operator_183,Container,SGP,2001
9001984,400001984,Owner_184,Operator_184,Container,MHL,2023
9001985,400001985,Owner_185,Operator_185,Cargo,SGP,1990
9001986,400001986,Owner_186,Operator_186,Bulk Carrier,MHL,2010
9001987,400001987,Owner_187,Operator_187,Bulk Carrier,MHL,2016
9001988,400001988,Owner_188,Operator_188,Fishing,SGP,2013
9001989,400001989,Owner_189,Operator_189,Container,PAN,2000
9001990,400001990,Owner_190,Operator_190,Fishing,PAN,2009
9001991,400001991,Owner_191,Operator_191,Fishing,MHL,1997
9001992,400001992,Owner_192,Operator_192,Fishing,LBR,2016
9001993,400001993,Owner_193,Operator_193,Container,IND,2001
9001994,400001994,Owner_194,Operator_194,Container,SGP,2018
9001995,400001995,Owner_195,Operator_195,Container,MHL,2013
9001996,400001996,Owner_196,Operator_196,Fishing,SGP,2018
9001997,400001997,Owner_197,Operator_197,Cargo,PAN,2022
9001998,400001998,Owner_198,Operator_198,Tanker,PAN,1998
9001999,400001999,Owner_199,Operator_199,Container,SGP,2007
9002000,400002000,Owner_200,Operator_0,Tanker,MHL,1991
9002001,400002001,Owner_201,Operator_1,Cargo,MHL,2012
9002002,400002002,Owner_202,Operator_2,Bulk Carrier,IND,2019
9002003,400002003,Owner_203,Operator_3,Tanker,LBR,1997
9002004,400002004,Owner_204,Operator_4,Cargo,IND,1993
9002005,400002005,Owner_205,Operator_5,Tanker,SGP,2009
9002006,400002006,Owner_206,Operator_6,Tanker,MHL,2012
9002007,400002007,Owner_207,Operator_7,Cargo,SGP,1999
9002008,400002008,Owner_208,Operator_8,Cargo,MHL,2016
9002009,400002009,Owner_209,Operator_9,Cargo,LBR,1991
9002010,400002010,Owner_210,Operator_10,Bulk Carrier,MHL,2006
9002011,400002011,Owner_211,Operator_11,Cargo,SGP,2007
9002012,400002012,Owner_212,Operator_12,Tanker,MHL,1995
9002013,400002013,Owner_213,Operator_13,Cargo,LBR,2020
9002014,400002014,Owner_214,Operator_14,Fishing,IND,2006
9002015,400002015,Owner_215,Operator_15,Fishing,SGP,1994
9002016,400002016,Owner_216,Operator_16,Tanker,IND,2009
9002017,400002017,Owner_217,Operator_17,Tanker,PAN,1994
9002018,400002018,Owner_218,Operator_18,Fishing,MHL,2003
9002019,400002019,Owner_219,Operator_19,Fishing,LBR,2012
9002020,400002020,Owner_220,Operator_20,Cargo,PAN,2010
9002021,400002021,Owner_221,Operator_21,Cargo,MHL,2003
9002022,400002022,Owner_222,Operator_22,Tanker,LBR,2009
9002023,400002023,Owner_223,Operator_23,Bulk Carrier,PAN,2002
9002024,400002024,Owner_224,Operator_24,Fishing,LBR,2025
9002025,400002025,Owner_225,Operator_25,Cargo,LBR,2024
9002026,400002026,Owner_226,Operator_26,Fishing,IND,2021
9002027,400002027,Owner_227,Operator_27,Cargo,MHL,2020
9002028,400002028,Owner_228,Operator_28,Bulk Carrier,SGP,2022
9002029,400002029,Owner_229,Operator_29,Cargo,LBR,2006
9002030,400002030,Owner_230,Operator_30,Tanker,MHL,2000
9002031,400002031,Owner_231,Operator_31,Tanker,IND,1991
9002032,400002032,Owner_232,Operator_32,Bulk Carrier,SGP,1994
9002033,400002033,Owner_233,Operator_33,Container,SGP,2004
9002034,400002034,Owner_234,Operator_34,Cargo,PAN,2023
9002035,400002035,Owner_235,Operator_35,Tanker,PAN,2014
9002036,400002036,Owner_236,Operator_36,Fishing,MHL,2007
9002037,400002037,Owner_237,Operator_37,Bulk Carrier,IND,2002
9002038,400002038,Owner_238,Operator_38,Bulk Carrier,MHL,1993
9002039,400002039,Owner_239,Operator_39,Container,SGP,2015
9002040,400002040,Owner_240,Operator_40,Container,PAN,2023
9002041,400002041,Owner_241,Operator_41,Fishing,IND,1998
9002042,400002042,Owner_242,Operator_42,Tanker,SGP,2022
9002043,400002043,Owner_243,Operator_43,Tanker,PAN,2023
9002044,400002044,Owner_244,Operator_44,Tanker,IND,2004
9002045,400002045,Owner_245,Operator_45,Fishing,IND,2008
9002046,400002046,Owner_246,Operator_46,Container,MHL,2010
9002047,400002047,Owner_247,Operator_47,Fishing,SGP,2005
9002048,400002048,Owner_248,Operator_48,Fishing,MHL,2010
9002049,400002049,Owner_249,Operator_49,Bulk Carrier,MHL,2006
9002050,400002050,Owner_250,Operator_50,Container,MHL,1994
9002051,400002051,Owner_251,Operator_51,Tanker,MHL,2013
9002052,400002052,Owner_252,Operator_52,Bulk Carrier,PAN,2017
9002053,400002053,Owner_253,Operator_53,Fishing,IND,2022
9002054,400002054,Owner_254,Operator_54,Fishing,SGP,2007
9002055,400002055,Owner_255,Operator_55,Container,LBR,1995
9002056,400002056,Owner_256,Operator_56,Bulk Carrier,LBR,2025
9002057,400002057,Owner_257,Operator_57,Tanker,PAN,2021
9002058,400002058,Owner_258,Operator_58,Container,PAN,2013
9002059,400002059,Owner_259,Operator_59,Container,IND,2003
9002060,400002060,Owner_260,Operator_60,Cargo,SGP,2016
9002061,400002061,Owner_261,Operator_61,Bulk Carrier,IND,2012
9002062,400002062,Owner_262,Operator_62,Container,SGP,1993
9002063,400002063,Owner_263,Operator_63,Fishing,PAN,2004
9002064,400002064,Owner_264,Operator_64,Container,PAN,1999
9002065,400002065,Owner_265,Operator_65,Cargo,IND,2019
9002066,400002066,Owner_266,Operator_66,Tanker,IND,2014
9002067,400002067,Owner_267,Operator_67,Bulk Carrier,SGP,2009
9002068,400002068,Owner_268,Operator_68,Tanker,IND,2002
9002069,400002069,Owner_269,Operator_69,Cargo,SGP,2015
9002070,400002070,Owner_270,Operator_70,Bulk Carrier,PAN,2014
9002071,400002071,Owner_271,Operator_71,Tanker,SGP,2003
9002072,400002072,Owner_272,Operator_72,Bulk Carrier,IND,2005
9002073,400002073,Owner_273,Operator_73,Bulk Carrier,MHL,1998
9002074,400002074,Owner_274,Operator_74,Fishing,LBR,2004
9002075,400002075,Owner_275,Operator_75,Cargo,LBR,2024
9002076,400002076,Owner_276,Operator_76,Bulk Carrier,SGP,2000
9002077,400002077,Owner_277,Operator_77,Bulk Carrier,SGP,1993
9002078,400002078,Owner_278,Operator_78,Fishing,PAN,2003
9002079,400002079,Owner_279,Operator_79,Container,MHL,2007
9002080,400002080,Owner_280,Operator_80,Fishing,PAN,1994
9002081,400002081,Owner_281,Operator_81,Bulk Carrier,MHL,1992
9002082,400002082,Owner_282,Operator_82,Fishing,IND,2012
9002083,400002083,Owner_283,Operator_83,Container,MHL,2025
9002084,400002084,Owner_284,Operator_84,Container,LBR,2006
9002085,400002085,Owner_285,Operator_85,Container,PAN,2004
9002086,400002086,Owner_286,Operator_86,Fishing,IND,2023
9002087,400002087,Owner_287,Operator_87,Container,MHL,2003
9002088,400002088,Owner_288,Operator_88,Fishing,PAN,2006
9002089,400002089,Owner_289,Operator_89,Container,PAN,2020
9002090,400002090,Owner_290,Operator_90,Fishing,IND,2021
9002091,400002091,Owner_291,Operator_91,Container,IND,1996
9002092,400002092,Owner_292,Operator_92,Fishing,PAN,2014
9002093,400002093,Owner_293,Operator_93,Container,LBR,2013
9002094,400002094,Owner_294,Operator_94,Bulk Carrier,MHL,2004
9002095,400002095,Owner_295,Operator_95,Cargo,MHL,1994
9002096,400002096,Owner_296,Operator_96,Fishing,MHL,2004
9002097,400002097,Owner_297,Operator_97,Cargo,MHL,2023
9002098,400002098,Owner_298,Operator_98,Fishing,PAN,1993
9002099,400002099,Owner_299,Operator_99,Fishing,LBR,1992
9002100,400002100,Owner_0,Operator_100,Tanker,PAN,2024
9002101,400002101,Owner_1,Operator_101,Cargo,MHL,2014
9002102,400002102,Owner_2,Operator_102,Container,PAN,2004
9002103,400002103,Owner_3,Operator_103,Tanker,SGP,2005
9002104,400002104,Owner_4,Operator_104,Fishing,SGP,2016
9002105,400002105,Owner_5,Operator_105,Bulk Carrier,IND,2024
9002106,400002106,Owner_6,Operator_106,Container,PAN,1991
9002107,400002107,Owner_7,Operator_107,Tanker,IND,2007
9002108,400002108,Owner_8,Operator_108,Container,MHL,1990
9002109,400002109,Owner_9,Operator_109,Container,IND,1993
9002110,400002110,Owner_10,Operator_110,Fishing,SGP,1996
9002111,400002111,Owner_11,Operator_111,Tanker,IND,2015
9002112,400002112,Owner_12,Operator_112,Container,SGP,2000
9002113,400002113,Owner_13,Operator_113,Fishing,LBR,2021
9002114,400002114,Owner_14,Operator_114,Cargo,SGP,1995
9002115,400002115,Owner_15,Operator_115,Fishing,PAN,2008
9002116,400002116,Owner_16,Operator_116,Container,SGP,2014
9002117,400002117,Owner_17,Operator_117,Container,IND,1991
9002118,400002118,Owner_18,Operator_118,Tanker,SGP,2021
9002119,400002119,Owner_19,Operator_119,Bulk Carrier,PAN,1996
9002120,400002120,Owner_20,Operator_120,Container,SGP,2016
9002121,400002121,Owner_21,Operator_121,Tanker,SGP,2021
9002122,400002122,Owner_22,Operator_122,Fishing,LBR,2025
9002123,400002123,Owner_23,Operator_123,Container,IND,2011
9002124,400002124,Owner_24,Operator_124,Cargo,IND,2023
9002125,400002125,Owner_25,Operator_125,Bulk Carrier,PAN,1993
9002126,400002126,Owner_26,Operator_126,Tanker,SGP,1995
9002127,400002127,Owner_27,Operator_127,Tanker,LBR,2007
9002128,400002128,Owner_28,Operator_128,Fishing,IND,1993
9002129,400002129,Owner_29,Operator_129,Bulk Carrier,MHL,2001
9002130,400002130,Owner_30,Operator_130,Tanker,MHL,2009
9002131,400002131,Owner_31,Operator_131,Fishing,SGP,2012
9002132,400002132,Owner_32,Operator_132,Fishing,LBR,1999
9002133,400002133,Owner_33,Operator_133,Container,LBR,2004
9002134,400002134,Owner_34,Operator_134,Cargo,SGP,2025
9002135,400002135,Owner_35,Operator_135,Cargo,PAN,2012
9002136,400002136,Owner_36,Operator_136,Fishing,SGP,2000
9002137,400002137,Owner_37,Operator_137,Cargo,SGP,2023
9002138,400002138,Owner_38,Operator_138,Container,LBR,2022
9002139,400002139,Owner_39,Operator_139,Bulk Carrier,LBR,2012
9002140,400002140,Owner_40,Operator_140,Tanker,PAN,2023
9002141,400002141,Owner_41,Operator_141,Container,MHL,2012
9002142,400002142,Owner_42,Operator_142,Tanker,MHL,2007
9002143,400002143,Owner_43,Operator_143,Tanker,LBR,2017
9002144,400002144,Owner_44,Operator_144,Bulk Carrier,PAN,2012
9002145,400002145,Owner_45,Operator_145,Fishing,SGP,2006
9002146,400002146,Owner_46,Operator_146,Container,PAN,1997
9002147,400002147,Owner_47,Operator_147,Bulk Carrier,IND,2014
9002148,400002148,Owner_48,Operator_148,Tanker,MHL,2018
9002149,400002149,Owner_49,Operator_149,Fishing,MHL,2025
9002150,400002150,Owner_50,Operator_150,Bulk Carrier,MHL,2025
9002151,400002151,Owner_51,Operator_151,Fishing,MHL,1990
9002152,400002152,Owner_52,Operator_152,Cargo,LBR,2003
9002153,400002153,Owner_53,Operator_153,Container,IND,1991
9002154,400002154,Owner_54,Operator_154,Cargo,IND,1999
9002155,400002155,Owner_55,Operator_155,Container,MHL,2009
9002156,400002156,Owner_56,Operator_156,Tanker,PAN,2007
9002157,400002157,Owner_57,Operator_157,Container,MHL,2014
9002158,400002158,Owner_58,Operator_158,Fishing,IND,2014
9002159,400002159,Owner_59,Operator_159,Bulk Carrier,SGP,2024
9002160,400002160,Owner_60,Operator_160,Bulk Carrier,SGP,2021
9002161,400002161,Owner_61,Operator_161,Cargo,SGP,1997
9002162,400002162,Owner_62,Operator_162,Container,PAN,2011
9002163,400002163,Owner_63,Operator_163,Cargo,PAN,2003
9002164,400002164,Owner_64,Operator_164,Tanker,IND,2009
9002165,400002165,Owner_65,Operator_165,Container,LBR,2000
9002166,400002166,Owner_66,Operator_166,Fishing,SGP,2012
9002167,400002167,Owner_67,Operator_167,Container,PAN,1997
9002168,400002168,Owner_68,Operator_168,Container,PAN,2023
9002169,400002169,Owner_69,Operator_169,Fishing,IND,2013
9002170,400002170,Owner_70,Operator_170,Container,SGP,1995
9002171,400002171,Owner_71,Operator_171,Cargo,SGP,1992
9002172,400002172,Owner_72,Operator_172,Container,MHL,2004
9002173,400002173,Owner_73,Operator_173,Tanker,LBR,2017
9002174,400002174,Owner_74,Operator_174,Cargo,MHL,2005
9002175,400002175,Owner_75,Operator_175,Bulk Carrier,IND,2007
9002176,400002176,Owner_76,Operator_176,Tanker,LBR,1998
9002177,400002177,Owner_77,Operator_177,Container,LBR,2011
9002178,400002178,Owner_78,Operator_178,Cargo,IND,2009
9002179,400002179,Owner_79,Operator_179,Tanker,PAN,2018
9002180,400002180,Owner_80,Operator_180,Fishing,MHL,1991
9002181,400002181,Owner_81,Operator_181,Bulk Carrier,MHL,2013
9002182,400002182,Owner_82,Operator_182,Tanker,PAN,2012
9002183,400002183,Owner_83,Operator_183,Bulk Carrier,PAN,1990
9002184,400002184,Owner_84,Operator_184,Tanker,MHL,2000
9002185,400002185,Owner_85,Operator_185,Cargo,IND,1990
9002186,400002186,Owner_86,Operator_186,Bulk Carrier,MHL,2006
9002187,400002187,Owner_87,Operator_187,Bulk Carrier,MHL,2014
9002188,400002188,Owner_88,Operator_188,Tanker,IND,2006
9002189,400002189,Owner_89,Operator_189,Tanker,PAN,2010
9002190,400002190,Owner_90,Operator_190,Cargo,MHL,2019
9002191,400002191,Owner_91,Operator_191,Fishing,PAN,1998
9002192,400002192,Owner_92,Operator_192,Container,SGP,2025
9002193,400002193,Owner_93,Operator_193,Container,MHL,2018
9002194,400002194,Owner_94,Operator_194,Bulk Carrier,IND,1997
9002195,400002195,Owner_95,Operator_195,Tanker,SGP,2016
9002196,400002196,Owner_96,Operator_196,Fishing,IND,2010
9002197,400002197,Owner_97,Operator_197,Cargo,SGP,1993
9002198,400002198,Owner_98,Operator_198,Bulk Carrier,PAN,2002
9002199,400002199,Owner_99,Operator_199,Bulk Carrier,LBR,2024
9002200,400002200,Owner_100,Operator_0,Bulk Carrier,IND,2019
9002201,400002201,Owner_101,Operator_1,Fishing,PAN,2008
9002202,400002202,Owner_102,Operator_2,Bulk Carrier,PAN,2011
9002203,400002203,Owner_103,Operator_3,Cargo,LBR,2016
9002204,400002204,Owner_104,Operator_4,Bulk Carrier,IND,2004
9002205,400002205,Owner_105,Operator_5,Container,LBR,2002
9002206,400002206,Owner_106,Operator_6,Bulk Carrier,PAN,1991
9002207,400002207,Owner_107,Operator_7,Bulk Carrier,MHL,2015
9002208,400002208,Owner_108,Operator_8,Tanker,LBR,2002
9002209,400002209,Owner_109,Operator_9,Bulk Carrier,SGP,2009
9002210,400002210,Owner_110,Operator_10,Bulk Carrier,SGP,2021
9002211,400002211,Owner_111,Operator_11,Container,MHL,1994
9002212,400002212,Owner_112,Operator_12,Cargo,MHL,1996
9002213,400002213,Owner_113,Operator_13,Cargo,PAN,2016
9002214,400002214,Owner_114,Operator_14,Bulk Carrier,LBR,2023
9002215,400002215,Owner_115,Operator_15,Fishing,LBR,1995
9002216,400002216,Owner_116,Operator_16,Bulk Carrier,MHL,2004
9002217,400002217,Owner_117,Operator_17,Fishing,LBR,2019
9002218,400002218,Owner_118,Operator_18,Bulk Carrier,LBR,1991
9002219,400002219,Owner_119,Operator_19,Container,PAN,2017
9002220,400002220,Owner_120,Operator_20,Tanker,SGP,1999
9002221,400002221,Owner_121,Operator_21,Bulk Carrier,SGP,2012
9002222,400002222,Owner_122,Operator_22,Fishing,LBR,1994
9002223,400002223,Owner_123,Operator_23,Fishing,MHL,2016
9002224,400002224,Owner_124,Operator_24,Fishing,MHL,2018
9002225,400002225,Owner_125,Operator_25,Container,SGP,1997
9002226,400002226,Owner_126,Operator_26,Bulk Carrier,PAN,1995
9002227,400002227,Owner_127,Operator_27,Fishing,SGP,1990
9002228,400002228,Owner_128,Operator_28,Tanker,PAN,1994
9002229,400002229,Owner_129,Operator_29,Container,IND,2010
9002230,400002230,Owner_130,Operator_30,Bulk Carrier,MHL,1995
9002231,400002231,Owner_131,Operator_31,Tanker,LBR,2021
9002232,400002232,Owner_132,Operator_32,Fishing,LBR,2006
9002233,400002233,Owner_133,Operator_33,Container,PAN,2007
9002234,400002234,Owner_134,Operator_34,Tanker,IND,1996
9002235,400002235,Owner_135,Operator_35,Tanker,PAN,1991
9002236,400002236,Owner_136,Operator_36,Tanker,LBR,2006
9002237,400002237,Owner_137,Operator_37,Tanker,PAN,2002
9002238,400002238,Owner_138,Operator_38,Container,LBR,2014
9002239,400002239,Owner_139,Operator_39,Cargo,MHL,2000
9002240,400002240,Owner_140,Operator_40,Cargo,IND,2009
9002241,400002241,Owner_141,Operator_41,Fishing,LBR,1997
9002242,400002242,Owner_142,Operator_42,Tanker,IND,2016
9002243,400002243,Owner_143,Operator_43,Cargo,IND,2020
9002244,400002244,Owner_144,Operator_44,Fishing,MHL,2010
9002245,400002245,Owner_145,Operator_45,Fishing,LBR,2000
9002246,400002246,Owner_146,Operator_46,Tanker,PAN,2006
9002247,400002247,Owner_147,Operator_47,Cargo,IND,2006
9002248,400002248,Owner_148,Operator_48,Bulk Carrier,PAN,1996
9002249,400002249,Owner_149,Operator_49,Tanker,SGP,2008
9002250,400002250,Owner_150,Operator_50,Bulk Carrier,PAN,2025
9002251,400002251,Owner_151,Operator_51,Container,IND,2003
9002252,400002252,Owner_152,Operator_52,Tanker,LBR,2024
9002253,400002253,Owner_153,Operator_53,Tanker,SGP,2005
9002254,400002254,Owner_154,Operator_54,Container,PAN,1998
9002255,400002255,Owner_155,Operator_55,Bulk Carrier,LBR,1999
9002256,400002256,Owner_156,Operator_56,Cargo,LBR,2003
9002257,400002257,Owner_157,Operator_57,Tanker,LBR,2017
9002258,400002258,Owner_158,Operator_58,Tanker,MHL,2001
9002259,400002259,Owner_159,Operator_59,Cargo,MHL,1996
9002260,400002260,Owner_160,Operator_60,Tanker,IND,1990
9002261,400002261,Owner_161,Operator_61,Container,MHL,2020
9002262,400002262,Owner_162,Operator_62,Cargo,LBR,2015
9002263,400002263,Owner_163,Operator_63,Tanker,LBR,1996
9002264,400002264,Owner_164,Operator_64,Container,MHL,2000
9002265,400002265,Owner_165,Operator_65,Tanker,IND,2011
9002266,400002266,Owner_166,Operator_66,Cargo,MHL,1999
9002267,400002267,Owner_167,Operator_67,Container,SGP,2010
9002268,400002268,Owner_168,Operator_68,Tanker,LBR,2011
9002269,400002269,Owner_169,Operator_69,Container,LBR,1996
9002270,400002270,Owner_170,Operator_70,Bulk Carrier,LBR,2000
9002271,400002271,Owner_171,Operator_71,Tanker,LBR,2004
9002272,400002272,Owner_172,Operator_72,Tanker,IND,1993
9002273,400002273,Owner_173,Operator_73,Cargo,LBR,2004
9002274,400002274,Owner_174,Operator_74,Fishing,PAN,1995
9002275,400002275,Owner_175,Operator_75,Container,PAN,1999
9002276,400002276,Owner_176,Operator_76,Bulk Carrier,SGP,2008
9002277,400002277,Owner_177,Operator_77,Bulk Carrier,MHL,2005
9002278,400002278,Owner_178,Operator_78,Fishing,PAN,2016
9002279,400002279,Owner_179,Operator_79,Bulk Carrier,SGP,1999
9002280,400002280,Owner_180,Operator_80,Cargo,MHL,2021
9002281,400002281,Owner_181,Operator_81,Tanker,LBR,2022
9002282,400002282,Owner_182,Operator_82,Container,PAN,2023
9002283,400002283,Owner_183,Operator_83,Tanker,PAN,1995
9002284,400002284,Owner_184,Operator_84,Cargo,SGP,2012
9002285,400002285,Owner_185,Operator_85,Fishing,MHL,2020
9002286,400002286,Owner_186,Operator_86,Cargo,LBR,2022
9002287,400002287,Owner_187,Operator_87,Container,MHL,1999
9002288,400002288,Owner_188,Operator_88,Tanker,SGP,1990
9002289,400002289,Owner_189,Operator_89,Cargo,SGP,1992
9002290,400002290,Owner_190,Operator_90,Tanker,PAN,2022
9002291,400002291,Owner_191,Operator_91,Bulk Carrier,SGP,2007
9002292,400002292,Owner_192,Operator_92,Bulk Carrier,MHL,2002
9002293,400002293,Owner_193,Operator_93,Bulk Carrier,PAN,2009
9002294,400002294,Owner_194,Operator_94,Cargo,SGP,2007
9002295,400002295,Owner_195,Operator_95,Bulk Carrier,SGP,2012
9002296,400002296,Owner_196,Operator_96,Container,SGP,1990
9002297,400002297,Owner_197,Operator_97,Container,PAN,2023
9002298,400002298,Owner_198,Operator_98,Bulk Carrier,IND,1998
9002299,400002299,Owner_199,Operator_99,Fishing,LBR,2016
9002300,400002300,Owner_200,Operator_100,Container,MHL,2003
9002301,400002301,Owner_201,Operator_101,Fishing,IND,2012
9002302,400002302,Owner_202,Operator_102,Cargo,SGP,1997
9002303,400002303,Owner_203,Operator_103,Bulk Carrier,LBR,1997
9002304,400002304,Owner_204,Operator_104,Cargo,LBR,2010
9002305,400002305,Owner_205,Operator_105,Bulk Carrier,SGP,1995
9002306,400002306,Owner_206,Operator_106,Container,LBR,1995
9002307,400002307,Owner_207,Operator_107,Bulk Carrier,SGP,2002
9002308,400002308,Owner_208,Operator_108,Container,PAN,2003
9002309,400002309,Owner_209,Operator_109,Container,PAN,2016
9002310,400002310,Owner_210,Operator_110,Tanker,LBR,1998
9002311,400002311,Owner_211,Operator_111,Bulk Carrier,SGP,1993
9002312,400002312,Owner_212,Operator_112,Container,IND,1993
9002313,400002313,Owner_213,Operator_113,Fishing,LBR,2012
9002314,400002314,Owner_214,Operator_114,Container,LBR,2000
9002315,400002315,Owner_215,Operator_115,Container,LBR,2003
9002316,400002316,Owner_216,Operator_116,Bulk Carrier,MHL,2014
9002317,400002317,Owner_217,Operator_117,Fishing,PAN,2012
9002318,400002318,Owner_218,Operator_118,Cargo,IND,1995
9002319,400002319,Owner_219,Operator_119,Cargo,MHL,2000
9002320,400002320,Owner_220,Operator_120,Tanker,SGP,2004
9002321,400002321,Owner_221,Operator_121,Bulk Carrier,SGP,2011
9002322,400002322,Owner_222,Operator_122,Tanker,IND,1990
9002323,400002323,Owner_223,Operator_123,Cargo,IND,1992
9002324,400002324,Owner_224,Operator_124,Fishing,IND,2023
9002325,400002325,Owner_225,Operator_125,Cargo,LBR,2016
9002326,400002326,Owner_226,Operator_126,Cargo,PAN,1998
9002327,400002327,Owner_227,Operator_127,Bulk Carrier,IND,2013
9002328,400002328,Owner_228,Operator_128,Container,SGP,2003
9002329,400002329,Owner_229,Operator_129,Fishing,PAN,1992
9002330,400002330,Owner_230,Operator_130,Cargo,LBR,1990
9002331,400002331,Owner_231,Operator_131,Bulk Carrier,PAN,2023
9002332,400002332,Owner_232,Operator_132,Container,PAN,1997
9002333,400002333,Owner_233,Operator_133,Container,MHL,1997
9002334,400002334,Owner_234,Operator_134,Bulk Carrier,PAN,2007
9002335,400002335,Owner_235,Operator_135,Container,LBR,1994
9002336,400002336,Owner_236,Operator_136,Cargo,LBR,2025
9002337,400002337,Owner_237,Operator_137,Bulk Carrier,MHL,2001
9002338,400002338,Owner_238,Operator_138,Container,PAN,2011
9002339,400002339,Owner_239,Operator_139,Bulk Carrier,LBR,2010
9002340,400002340,Owner_240,Operator_140,Fishing,IND,2001
9002341,400002341,Owner_241,Operator_141,Tanker,MHL,2008
9002342,400002342,Owner_242,Operator_142,Container,LBR,2019
9002343,400002343,Owner_243,Operator_143,Fishing,SGP,2020
9002344,400002344,Owner_244,Operator_144,Tanker,MHL,1996
9002345,400002345,Owner_245,Operator_145,Fishing,SGP,2021
9002346,400002346,Owner_246,Operator_146,Cargo,IND,2003
9002347,400002347,Owner_247,Operator_147,Fishing,MHL,2023
9002348,400002348,Owner_248,Operator_148,Fishing,SGP,2007
9002349,400002349,Owner_249,Operator_149,Cargo,IND,1994
9002350,400002350,Owner_250,Operator_150,Tanker,LBR,2010
9002351,400002351,Owner_251,Operator_151,Fishing,IND,2019
9002352,400002352,Owner_252,Operator_152,Cargo,MHL,2002
9002353,400002353,Owner_253,Operator_153,Cargo,SGP,2022
9002354,400002354,Owner_254,Operator_154,Cargo,LBR,2000
9002355,400002355,Owner_255,Operator_155,Bulk Carrier,IND,1996
9002356,400002356,Owner_256,Operator_156,Tanker,SGP,2006
9002357,400002357,Owner_257,Operator_157,Bulk Carrier,IND,2023
9002358,400002358,Owner_258,Operator_158,Tanker,PAN,2000
9002359,400002359,Owner_259,Operator_159,Fishing,SGP,1990
9002360,400002360,Owner_260,Operator_160,Fishing,SGP,2002
9002361,400002361,Owner_261,Operator_161,Fishing,MHL,2009
9002362,400002362,Owner_262,Operator_162,Bulk Carrier,LBR,2010
9002363,400002363,Owner_263,Operator_163,Container,IND,2001
9002364,400002364,Owner_264,Operator_164,Cargo,MHL,2006
9002365,400002365,Owner_265,Operator_165,Container,PAN,2017
9002366,400002366,Owner_266,Operator_166,Fishing,LBR,2024
9002367,400002367,Owner_267,Operator_167,Tanker,LBR,2014
9002368,400002368,Owner_268,Operator_168,Container,SGP,2017
9002369,400002369,Owner_269,Operator_169,Container,LBR,1999
9002370,400002370,Owner_270,Operator_170,Cargo,IND,1998
9002371,400002371,Owner_271,Operator_171,Container,MHL,2016
9002372,400002372,Owner_272,Operator_172,Tanker,PAN,2019
9002373,400002373,Owner_273,Operator_173,Bulk Carrier,PAN,1993
9002374,400002374,Owner_274,Operator_174,Container,IND,2025
9002375,400002375,Owner_275,Operator_175,Container,PAN,2000
9002376,400002376,Owner_276,Operator_176,Container,MHL,2017
9002377,400002377,Owner_277,Operator_177,Cargo,IND,2005
9002378,400002378,Owner_278,Operator_178,Bulk Carrier,MHL,2022
9002379,400002379,Owner_279,Operator_179,Tanker,LBR,2016
9002380,400002380,Owner_280,Operator_180,Fishing,IND,2002
9002381,400002381,Owner_281,Operator_181,Container,MHL,2012
9002382,400002382,Owner_282,Operator_182,Fishing,MHL,2006
9002383,400002383,Owner_283,Operator_183,Cargo,IND,2009
9002384,400002384,Owner_284,Operator_184,Cargo,MHL,1991
9002385,400002385,Owner_285,Operator_185,Container,MHL,1994
9002386,400002386,Owner_286,Operator_186,Tanker,SGP,2019
9002387,400002387,Owner_287,Operator_187,Tanker,SGP,2014
9002388,400002388,Owner_288,Operator_188,Bulk Carrier,PAN,1999
9002389,400002389,Owner_289,Operator_189,Bulk Carrier,SGP,1993
9002390,400002390,Owner_290,Operator_190,Fishing,MHL,2004
9002391,400002391,Owner_291,Operator_191,Fishing,IND,1998
9002392,400002392,Owner_292,Operator_192,Container,LBR,2025
9002393,400002393,Owner_293,Operator_193,Cargo,PAN,2012
9002394,400002394,Owner_294,Operator_194,Cargo,LBR,2021
9002395,400002395,Owner_295,Operator_195,Fishing,PAN,2007
9002396,400002396,Owner_296,Operator_196,Cargo,IND,2010
9002397,400002397,Owner_297,Operator_197,Bulk Carrier,LBR,2023
9002398,400002398,Owner_298,Operator_198,Fishing,PAN,2015
9002399,400002399,Owner_299,Operator_199,Tanker,SGP,2016
9002400,400002400,Owner_0,Operator_0,Fishing,LBR,1994
9002401,400002401,Owner_1,Operator_1,Tanker,MHL,2014
9002402,400002402,Owner_2,Operator_2,Cargo,PAN,2016
9002403,400002403,Owner_3,Operator_3,Fishing,MHL,2013
9002404,400002404,Owner_4,Operator_4,Bulk Carrier,MHL,1994
9002405,400002405,Owner_5,Operator_5,Bulk Carrier,MHL,2024
9002406,400002406,Owner_6,Operator_6,Container,LBR,2025
9002407,400002407,Owner_7,Operator_7,Tanker,IND,2018
9002408,400002408,Owner_8,Operator_8,Cargo,MHL,2006
9002409,400002409,Owner_9,Operator_9,Bulk Carrier,SGP,2007
9002410,400002410,Owner_10,Operator_10,Tanker,MHL,1993
9002411,400002411,Owner_11,Operator_11,Container,PAN,1991
9002412,400002412,Owner_12,Operator_12,Cargo,PAN,2008
9002413,400002413,Owner_13,Operator_13,Fishing,MHL,2008
9002414,400002414,Owner_14,Operator_14,Fishing,MHL,2009
9002415,400002415,Owner_15,Operator_15,Container,IND,2022
9002416,400002416,Owner_16,Operator_16,Bulk Carrier,LBR,2013
9002417,400002417,Owner_17,Operator_17,Cargo,IND,2016
9002418,400002418,Owner_18,Operator_18,Bulk Carrier,IND,2003
9002419,400002419,Owner_19,Operator_19,Cargo,SGP,2023
9002420,400002420,Owner_20,Operator_20,Cargo,MHL,2005
9002421,400002421,Owner_21,Operator_21,Container,PAN,2000
9002422,400002422,Owner_22,Operator_22,Tanker,MHL,2005
9002423,400002423,Owner_23,Operator_23,Tanker,IND,1991
9002424,400002424,Owner_24,Operator_24,Container,IND,2025
9002425,400002425,Owner_25,Operator_25,Fishing,SGP,2025
9002426,400002426,Owner_26,Operator_26,Tanker,IND,1993
9002427,400002427,Owner_27,Operator_27,Tanker,SGP,2023
9002428,400002428,Owner_28,Operator_28,Bulk Carrier,MHL,2006
9002429,400002429,Owner_29,Operator_29,Container,MHL,2021
9002430,400002430,Owner_30,Operator_30,Fishing,IND,2001
9002431,400002431,Owner_31,Operator_31,Tanker,MHL,2021
9002432,400002432,Owner_32,Operator_32,Tanker,MHL,1990
9002433,400002433,Owner_33,Operator_33,Fishing,PAN,2017
9002434,400002434,Owner_34,Operator_34,Tanker,MHL,2005
9002435,400002435,Owner_35,Operator_35,Cargo,IND,1996
9002436,400002436,Owner_36,Operator_36,Bulk Carrier,PAN,2001
9002437,400002437,Owner_37,Operator_37,Cargo,SGP,1994
9002438,400002438,Owner_38,Operator_38,Bulk Carrier,PAN,2000
9002439,400002439,Owner_39,Operator_39,Container,LBR,2003
9002440,400002440,Owner_40,Operator_40,Fishing,PAN,2020
9002441,400002441,Owner_41,Operator_41,Cargo,IND,2019
9002442,400002442,Owner_42,Operator_42,Fishing,MHL,2013
9002443,400002443,Owner_43,Operator_43,Container,SGP,1996
9002444,400002444,Owner_44,Operator_44,Tanker,IND,2005
9002445,400002445,Owner_45,Operator_45,Container,MHL,1992
9002446,400002446,Owner_46,Operator_46,Fishing,LBR,2002
9002447,400002447,Owner_47,Operator_47,Container,IND,1999
9002448,400002448,Owner_48,Operator_48,Tanker,PAN,1997
9002449,400002449,Owner_49,Operator_49,Cargo,MHL,2007
9002450,400002450,Owner_50,Operator_50,Container,LBR,2003
9002451,400002451,Owner_51,Operator_51,Tanker,MHL,2022
9002452,400002452,Owner_52,Operator_52,Bulk Carrier,IND,2019
9002453,400002453,Owner_53,Operator_53,Cargo,PAN,2004
9002454,400002454,Owner_54,Operator_54,Container,PAN,1999
9002455,400002455,Owner_55,Operator_55,Cargo,MHL,2011
9002456,400002456,Owner_56,Operator_56,Tanker,IND,1993
9002457,400002457,Owner_57,Operator_57,Bulk Carrier,MHL,2025
9002458,400002458,Owner_58,Operator_58,Container,IND,2004
9002459,400002459,Owner_59,Operator_59,Cargo,IND,2013
9002460,400002460,Owner_60,Operator_60,Fishing,PAN,2006
9002461,400002461,Owner_61,Operator_61,Cargo,SGP,2000
9002462,400002462,Owner_62,Operator_62,Cargo,PAN,2003
9002463,400002463,Owner_63,Operator_63,Fishing,IND,2014
9002464,400002464,Owner_64,Operator_64,Fishing,MHL,2023
9002465,400002465,Owner_65,Operator_65,Fishing,PAN,2019
9002466,400002466,Owner_66,Operator_66,Bulk Carrier,LBR,1997
9002467,400002467,Owner_67,Operator_67,Fishing,IND,1993
9002468,400002468,Owner_68,Operator_68,Tanker,SGP,2014
9002469,400002469,Owner_69,Operator_69,Fishing,IND,2024
9002470,400002470,Owner_70,Operator_70,Container,MHL,2013
9002471,400002471,Owner_71,Operator_71,Tanker,IND,1996
9002472,400002472,Owner_72,Operator_72,Bulk Carrier,IND,2017
9002473,400002473,Owner_73,Operator_73,Tanker,PAN,2015
9002474,400002474,Owner_74,Operator_74,Bulk Carrier,SGP,1990
9002475,400002475,Owner_75,Operator_75,Tanker,SGP,1999
9002476,400002476,Owner_76,Operator_76,Cargo,LBR,2009
9002477,400002477,Owner_77,Operator_77,Bulk Carrier,IND,1995
9002478,400002478,Owner_78,Operator_78,Fishing,IND,2017
9002479,400002479,Owner_79,Operator_79,Cargo,MHL,2025
9002480,400002480,Owner_80,Operator_80,Tanker,IND,1991
9002481,400002481,Owner_81,Operator_81,Container,SGP,2010
9002482,400002482,Owner_82,Operator_82,Bulk Carrier,IND,2006
9002483,400002483,Owner_83,Operator_83,Container,IND,1993
9002484,400002484,Owner_84,Operator_84,Cargo,LBR,2004
9002485,400002485,Owner_85,Operator_85,Fishing,MHL,1990
9002486,400002486,Owner_86,Operator_86,Container,SGP,2016
9002487,400002487,Owner_87,Operator_87,Container,LBR,1994
9002488,400002488,Owner_88,Operator_88,Container,PAN,2002
9002489,400002489,Owner_89,Operator_89,Cargo,PAN,1997
9002490,400002490,Owner_90,Operator_90,Fishing,LBR,2014
9002491,400002491,Owner_91,Operator_91,Container,IND,2021
9002492,400002492,Owner_92,Operator_92,Cargo,PAN,2002
9002493,400002493,Owner_93,Operator_93,Tanker,LBR,2007
9002494,400002494,Owner_94,Operator_94,Bulk Carrier,PAN,2015
9002495,400002495,Owner_95,Operator_95,Tanker,LBR,2000
9002496,400002496,Owner_96,Operator_96,Cargo,IND,2013
9002497,400002497,Owner_97,Operator_97,Bulk Carrier,IND,1998
9002498,400002498,Owner_98,Operator_98,Tanker,PAN,1994
9002499,400002499,Owner_99,Operator_99,Tanker,SGP,1996
9002500,400002500,Owner_100,Operator_100,Container,MHL,2018
9002501,400002501,Owner_101,Operator_101,Fishing,PAN,1996
9002502,400002502,Owner_102,Operator_102,Container,LBR,2002
9002503,400002503,Owner_103,Operator_103,Bulk Carrier,LBR,2009
9002504,400002504,Owner_104,Operator_104,Cargo,SGP,2025
9002505,400002505,Owner_105,Operator_105,Cargo,LBR,2020
9002506,400002506,Owner_106,Operator_106,Fishing,LBR,2003
9002507,400002507,Owner_107,Operator_107,Tanker,MHL,2023
9002508,400002508,Owner_108,Operator_108,Cargo,LBR,1995
9002509,400002509,Owner_109,Operator_109,Cargo,PAN,2019
9002510,400002510,Owner_110,Operator_110,Bulk Carrier,IND,2017
9002511,400002511,Owner_111,Operator_111,Cargo,IND,1997
9002512,400002512,Owner_112,Operator_112,Tanker,SGP,2014
9002513,400002513,Owner_113,Operator_113,Fishing,MHL,1990
9002514,400002514,Owner_114,Operator_114,Cargo,MHL,2021
9002515,400002515,Owner_115,Operator_115,Cargo,SGP,1991
9002516,400002516,Owner_116,Operator_116,Cargo,LBR,1990
9002517,400002517,Owner_117,Operator_117,Cargo,MHL,2024
9002518,400002518,Owner_118,Operator_118,Fishing,MHL,2008
9002519,400002519,Owner_119,Operator_119,Container,MHL,1994
9002520,400002520,Owner_120,Operator_120,Cargo,PAN,2012
9002521,400002521,Owner_121,Operator_121,Cargo,PAN,2024
9002522,400002522,Owner_122,Operator_122,Fishing,SGP,2004
9002523,400002523,Owner_123,Operator_123,Tanker,SGP,1997
9002524,400002524,Owner_124,Operator_124,Fishing,PAN,1993
9002525,400002525,Owner_125,Operator_125,Container,IND,2020
9002526,400002526,Owner_126,Operator_126,Tanker,IND,2016
9002527,400002527,Owner_127,Operator_127,Tanker,IND,2018
9002528,400002528,Owner_128,Operator_128,Cargo,LBR,2008
9002529,400002529,Owner_129,Operator_129,Bulk Carrier,MHL,2016
9002530,400002530,Owner_130,Operator_130,Tanker,IND,2014
9002531,400002531,Owner_131,Operator_131,Fishing,IND,1998
9002532,400002532,Owner_132,Operator_132,Container,IND,2025
9002533,400002533,Owner_133,Operator_133,Tanker,MHL,2001
9002534,400002534,Owner_134,Operator_134,Cargo,PAN,2008
9002535,400002535,Owner_135,Operator_135,Container,MHL,2015
9002536,400002536,Owner_136,Operator_136,Cargo,SGP,2014
9002537,400002537,Owner_137,Operator_137,Cargo,IND,2006
9002538,400002538,Owner_138,Operator_138,Bulk Carrier,IND,2002
9002539,400002539,Owner_139,Operator_139,Bulk Carrier,LBR,2000
9002540,400002540,Owner_140,Operator_140,Bulk Carrier,IND,2016
9002541,400002541,Owner_141,Operator_141,Cargo,LBR,2000
9002542,400002542,Owner_142,Operator_142,Fishing,SGP,2003
9002543,400002543,Owner_143,Operator_143,Tanker,SGP,1997
9002544,400002544,Owner_144,Operator_144,Tanker,LBR,2014
9002545,400002545,Owner_145,Operator_145,Bulk Carrier,SGP,1993
9002546,400002546,Owner_146,Operator_146,Container,MHL,2002
9002547,400002547,Owner_147,Operator_147,Fishing,SGP,2014
9002548,400002548,Owner_148,Operator_148,Bulk Carrier,LBR,2001
9002549,400002549,Owner_149,Operator_149,Tanker,LBR,1997
9002550,400002550,Owner_150,Operator_150,Tanker,PAN,2012
9002551,400002551,Owner_151,Operator_151,Container,LBR,2019
9002552,400002552,Owner_152,Operator_152,Fishing,SGP,2024
9002553,400002553,Owner_153,Operator_153,Fishing,PAN,2011
9002554,400002554,Owner_154,Operator_154,Tanker,LBR,2008
9002555,400002555,Owner_155,Operator_155,Bulk Carrier,PAN,2003
9002556,400002556,Owner_156,Operator_156,Cargo,MHL,2017
9002557,400002557,Owner_157,Operator_157,Cargo,PAN,2010
9002558,400002558,Owner_158,Operator_158,Cargo,SGP,1998
9002559,400002559,Owner_159,Operator_159,Fishing,MHL,2023
9002560,400002560,Owner_160,Operator_160,Cargo,PAN,1996
9002561,400002561,Owner_161,Operator_161,Tanker,MHL,1994
9002562,400002562,Owner_162,Operator_162,Fishing,SGP,1999
9002563,400002563,Owner_163,Operator_163,Cargo,MHL,2016
9002564,400002564,Owner_164,Operator_164,Bulk Carrier,MHL,2006
9002565,400002565,Owner_165,Operator_165,Fishing,LBR,2022
9002566,400002566,Owner_166,Operator_166,Container,PAN,2013
9002567,400002567,Owner_167,Operator_167,Container,MHL,1991
9002568,400002568,Owner_168,Operator_168,Tanker,MHL,2011
9002569,400002569,Owner_169,Operator_169,Tanker,SGP,2004
9002570,400002570,Owner_170,Operator_170,Fishing,SGP,2010
9002571,400002571,Owner_171,Operator_171,Container,MHL,2000
9002572,400002572,Owner_172,Operator_172,Bulk Carrier,IND,2022
9002573,400002573,Owner_173,Operator_173,Tanker,LBR,1990
9002574,400002574,Owner_174,Operator_174,Cargo,MHL,2005
9002575,400002575,Owner_175,Operator_175,Container,MHL,1992
9002576,400002576,Owner_176,Operator_176,Container,SGP,2010
9002577,400002577,Owner_177,Operator_177,Cargo,IND,2001
9002578,400002578,Owner_178,Operator_178,Cargo,IND,2013
9002579,400002579,Owner_179,Operator_179,Fishing,SGP,1995
9002580,400002580,Owner_180,Operator_180,Tanker,PAN,2008
9002581,400002581,Owner_181,Operator_181,Fishing,LBR,2017
9002582,400002582,Owner_182,Operator_182,Container,LBR,2011
9002583,400002583,Owner_183,Operator_183,Bulk Carrier,LBR,2013
9002584,400002584,Owner_184,Operator_184,Cargo,PAN,2020
9002585,400002585,Owner_185,Operator_185,Bulk Carrier,SGP,2022
9002586,400002586,Owner_186,Operator_186,Fishing,MHL,2018
9002587,400002587,Owner_187,Operator_187,Tanker,MHL,2003
9002588,400002588,Owner_188,Operator_188,Tanker,SGP,2002
9002589,400002589,Owner_189,Operator_189,Bulk Carrier,SGP,2011
9002590,400002590,Owner_190,Operator_190,Cargo,IND,2025
9002591,400002591,Owner_191,Operator_191,Cargo,SGP,2020
9002592,400002592,Owner_192,Operator_192,Fishing,MHL,2012
9002593,400002593,Owner_193,Operator_193,Bulk Carrier,SGP,2024
9002594,400002594,Owner_194,Operator_194,Bulk Carrier,LBR,2019
9002595,400002595,Owner_195,Operator_195,Tanker,IND,2025
9002596,400002596,Owner_196,Operator_196,Bulk Carrier,PAN,2004
9002597,400002597,Owner_197,Operator_197,Tanker,MHL,2020
9002598,400002598,Owner_198,Operator_198,Bulk Carrier,PAN,2000
9002599,400002599,Owner_199,Operator_199,Tanker,LBR,2016
9002600,400002600,Owner_200,Operator_0,Cargo,LBR,2023
9002601,400002601,Owner_201,Operator_1,Tanker,PAN,2005
9002602,400002602,Owner_202,Operator_2,Bulk Carrier,SGP,2019
9002603,400002603,Owner_203,Operator_3,Tanker,PAN,2013
9002604,400002604,Owner_204,Operator_4,Fishing,IND,1990
9002605,400002605,Owner_205,Operator_5,Container,IND,2015
9002606,400002606,Owner_206,Operator_6,Tanker,LBR,2005
9002607,400002607,Owner_207,Operator_7,Cargo,MHL,2021
9002608,400002608,Owner_208,Operator_8,Fishing,SGP,2014
9002609,400002609,Owner_209,Operator_9,Cargo,IND,2006
9002610,400002610,Owner_210,Operator_10,Cargo,LBR,2024
9002611,400002611,Owner_211,Operator_11,Fishing,SGP,2004
9002612,400002612,Owner_212,Operator_12,Bulk Carrier,MHL,2019
9002613,400002613,Owner_213,Operator_13,Cargo,IND,2018
9002614,400002614,Owner_214,Operator_14,Fishing,PAN,2020
9002615,400002615,Owner_215,Operator_15,Fishing,LBR,1999
9002616,400002616,Owner_216,Operator_16,Fishing,IND,2023
9002617,400002617,Owner_217,Operator_17,Bulk Carrier,MHL,2000
9002618,400002618,Owner_218,Operator_18,Cargo,SGP,2001
9002619,400002619,Owner_219,Operator_19,Cargo,IND,1996
9002620,400002620,Owner_220,Operator_20,Cargo,LBR,2000
9002621,400002621,Owner_221,Operator_21,Container,SGP,2002
9002622,400002622,Owner_222,Operator_22,Cargo,MHL,2024
9002623,400002623,Owner_223,Operator_23,Bulk Carrier,MHL,2005
9002624,400002624,Owner_224,Operator_24,Fishing,IND,2001
9002625,400002625,Owner_225,Operator_25,Container,IND,1993
9002626,400002626,Owner_226,Operator_26,Fishing,PAN,2012
9002627,400002627,Owner_227,Operator_27,Fishing,MHL,2019
9002628,400002628,Owner_228,Operator_28,Cargo,PAN,2001
9002629,400002629,Owner_229,Operator_29,Tanker,PAN,1997
9002630,400002630,Owner_230,Operator_30,Cargo,LBR,1992
9002631,400002631,Owner_231,Operator_31,Tanker,IND,2007
9002632,400002632,Owner_232,Operator_32,Cargo,SGP,2017
9002633,400002633,Owner_233,Operator_33,Cargo,LBR,2010
9002634,400002634,Owner_234,Operator_34,Cargo,MHL,2012
9002635,400002635,Owner_235,Operator_35,Tanker,LBR,2022
9002636,400002636,Owner_236,Operator_36,Tanker,SGP,2012
9002637,400002637,Owner_237,Operator_37,Tanker,IND,2009
9002638,400002638,Owner_238,Operator_38,Bulk Carrier,PAN,2004
9002639,400002639,Owner_239,Operator_39,Cargo,IND,2009
9002640,400002640,Owner_240,Operator_40,Fishing,SGP,2005
9002641,400002641,Owner_241,Operator_41,Tanker,IND,1991
9002642,400002642,Owner_242,Operator_42,Bulk Carrier,LBR,1996
9002643,400002643,Owner_243,Operator_43,Cargo,LBR,2006
9002644,400002644,Owner_244,Operator_44,Fishing,SGP,1994
9002645,400002645,Owner_245,Operator_45,Bulk Carrier,SGP,1996
9002646,400002646,Owner_246,Operator_46,Cargo,PAN,1993
9002647,400002647,Owner_247,Operator_47,Fishing,LBR,2021
9002648,400002648,Owner_248,Operator_48,Bulk Carrier,SGP,2014
9002649,400002649,Owner_249,Operator_49,Tanker,IND,2014
9002650,400002650,Owner_250,Operator_50,Tanker,IND,1993
9002651,400002651,Owner_251,Operator_51,Tanker,SGP,1992
9002652,400002652,Owner_252,Operator_52,Tanker,SGP,2008
9002653,400002653,Owner_253,Operator_53,Container,PAN,1991
9002654,400002654,Owner_254,Operator_54,Container,IND,1992
9002655,400002655,Owner_255,Operator_55,Bulk Carrier,SGP,2019
9002656,400002656,Owner_256,Operator_56,Cargo,PAN,2004
9002657,400002657,Owner_257,Operator_57,Cargo,PAN,2015
9002658,400002658,Owner_258,Operator_58,Cargo,LBR,2021
9002659,400002659,Owner_259,Operator_59,Bulk Carrier,PAN,1995
9002660,400002660,Owner_260,Operator_60,Tanker,LBR,2017
9002661,400002661,Owner_261,Operator_61,Fishing,IND,2006
9002662,400002662,Owner_262,Operator_62,Container,LBR,2017
9002663,400002663,Owner_263,Operator_63,Cargo,IND,1995
9002664,400002664,Owner_264,Operator_64,Fishing,PAN,2019
9002665,400002665,Owner_265,Operator_65,Cargo,MHL,2018
9002666,400002666,Owner_266,Operator_66,Bulk Carrier,IND,2000
9002667,400002667,Owner_267,Operator_67,Bulk Carrier,PAN,2019
9002668,400002668,Owner_268,Operator_68,Container,IND,1990
9002669,400002669,Owner_269,Operator_69,Container,LBR,1996
9002670,400002670,Owner_270,Operator_70,Fishing,SGP,2018
9002671,400002671,Owner_271,Operator_71,Tanker,PAN,1993
9002672,400002672,Owner_272,Operator_72,Tanker,PAN,2012
9002673,400002673,Owner_273,Operator_73,Fishing,LBR,1999
9002674,400002674,Owner_274,Operator_74,Fishing,MHL,2004
9002675,400002675,Owner_275,Operator_75,Fishing,SGP,2019
9002676,400002676,Owner_276,Operator_76,Fishing,MHL,2016
9002677,400002677,Owner_277,Operator_77,Fishing,LBR,2009
9002678,400002678,Owner_278,Operator_78,Cargo,LBR,2013
9002679,400002679,Owner_279,Operator_79,Bulk Carrier,IND,2003
9002680,400002680,Owner_280,Operator_80,Container,MHL,1992
9002681,400002681,Owner_281,Operator_81,Container,IND,1996
9002682,400002682,Owner_282,Operator_82,Cargo,IND,2013
9002683,400002683,Owner_283,Operator_83,Bulk Carrier,PAN,2025
9002684,400002684,Owner_284,Operator_84,Container,LBR,2006
9002685,400002685,Owner_285,Operator_85,Tanker,MHL,2024
9002686,400002686,Owner_286,Operator_86,Cargo,LBR,2020
9002687,400002687,Owner_287,Operator_87,Container,IND,2015
9002688,400002688,Owner_288,Operator_88,Container,SGP,2004
9002689,400002689,Owner_289,Operator_89,Container,PAN,2010
9002690,400002690,Owner_290,Operator_90,Container,PAN,2024
9002691,400002691,Owner_291,Operator_91,Fishing,PAN,1994
9002692,400002692,Owner_292,Operator_92,Bulk Carrier,LBR,2005
9002693,400002693,Owner_293,Operator_93,Tanker,SGP,2006
9002694,400002694,Owner_294,Operator_94,Tanker,PAN,2016
9002695,400002695,Owner_295,Operator_95,Tanker,MHL,2014
9002696,400002696,Owner_296,Operator_96,Fishing,PAN,2013
9002697,400002697,Owner_297,Operator_97,Tanker,IND,2023
9002698,400002698,Owner_298,Operator_98,Tanker,SGP,1991
9002699,400002699,Owner_299,Operator_99,Bulk Carrier,IND,2011
9002700,400002700,Owner_0,Operator_100,Fishing,LBR,2003
9002701,400002701,Owner_1,Operator_101,Container,IND,2005
9002702,400002702,Owner_2,Operator_102,Tanker,MHL,2021
9002703,400002703,Owner_3,Operator_103,Fishing,PAN,2024
9002704,400002704,Owner_4,Operator_104,Cargo,LBR,1998
9002705,400002705,Owner_5,Operator_105,Fishing,LBR,2018
9002706,400002706,Owner_6,Operator_106,Tanker,SGP,1993
9002707,400002707,Owner_7,Operator_107,Cargo,MHL,2008
9002708,400002708,Owner_8,Operator_108,Container,PAN,2001
9002709,400002709,Owner_9,Operator_109,Container,LBR,2003
9002710,400002710,Owner_10,Operator_110,Tanker,LBR,2013
9002711,400002711,Owner_11,Operator_111,Container,PAN,1998
9002712,400002712,Owner_12,Operator_112,Cargo,LBR,2006
9002713,400002713,Owner_13,Operator_113,Bulk Carrier,PAN,2020
9002714,400002714,Owner_14,Operator_114,Cargo,MHL,1992
9002715,400002715,Owner_15,Operator_115,Fishing,PAN,2021
9002716,400002716,Owner_16,Operator_116,Container,IND,2010
9002717,400002717,Owner_17,Operator_117,Bulk Carrier,SGP,2024
9002718,400002718,Owner_18,Operator_118,Tanker,MHL,2018
9002719,400002719,Owner_19,Operator_119,Bulk Carrier,IND,2013
9002720,400002720,Owner_20,Operator_120,Bulk Carrier,SGP,1994
9002721,400002721,Owner_21,Operator_121,Bulk Carrier,MHL,2017
9002722,400002722,Owner_22,Operator_122,Cargo,PAN,2018
9002723,400002723,Owner_23,Operator_123,Tanker,SGP,2015
9002724,400002724,Owner_24,Operator_124,Cargo,MHL,2002
9002725,400002725,Owner_25,Operator_125,Bulk Carrier,MHL,1998
9002726,400002726,Owner_26,Operator_126,Tanker,PAN,2005
9002727,400002727,Owner_27,Operator_127,Fishing,SGP,2011
9002728,400002728,Owner_28,Operator_128,Fishing,SGP,2013
9002729,400002729,Owner_29,Operator_129,Cargo,IND,2003
9002730,400002730,Owner_30,Operator_130,Container,LBR,2010
9002731,400002731,Owner_31,Operator_131,Container,PAN,2009
9002732,400002732,Owner_32,Operator_132,Tanker,LBR,1990
9002733,400002733,Owner_33,Operator_133,Fishing,LBR,2010
9002734,400002734,Owner_34,Operator_134,Bulk Carrier,PAN,2013
9002735,400002735,Owner_35,Operator_135,Container,LBR,1993
9002736,400002736,Owner_36,Operator_136,Bulk Carrier,LBR,2002
9002737,400002737,Owner_37,Operator_137,Tanker,LBR,1994
9002738,400002738,Owner_38,Operator_138,Fishing,LBR,1993
9002739,400002739,Owner_39,Operator_139,Container,PAN,2016
9002740,400002740,Owner_40,Operator_140,Fishing,SGP,2012
9002741,400002741,Owner_41,Operator_141,Bulk Carrier,PAN,2008
9002742,400002742,Owner_42,Operator_142,Cargo,MHL,2019
9002743,400002743,Owner_43,Operator_143,Cargo,SGP,2008
9002744,400002744,Owner_44,Operator_144,Bulk Carrier,PAN,2013
9002745,400002745,Owner_45,Operator_145,Bulk Carrier,IND,1995
9002746,400002746,Owner_46,Operator_146,Fishing,MHL,2012
9002747,400002747,Owner_47,Operator_147,Tanker,PAN,2011
9002748,400002748,Owner_48,Operator_148,Tanker,PAN,2013
9002749,400002749,Owner_49,Operator_149,Container,MHL,2008
9002750,400002750,Owner_50,Operator_150,Bulk Carrier,SGP,2010
9002751,400002751,Owner_51,Operator_151,Bulk Carrier,IND,2016
9002752,400002752,Owner_52,Operator_152,Bulk Carrier,MHL,2015
9002753,400002753,Owner_53,Operator_153,Bulk Carrier,MHL,2013
9002754,400002754,Owner_54,Operator_154,Fishing,SGP,2016
9002755,400002755,Owner_55,Operator_155,Container,MHL,1991
9002756,400002756,Owner_56,Operator_156,Bulk Carrier,LBR,2006
9002757,400002757,Owner_57,Operator_157,Container,SGP,2000
9002758,400002758,Owner_58,Operator_158,Bulk Carrier,PAN,2002
9002759,400002759,Owner_59,Operator_159,Cargo,SGP,2013
9002760,400002760,Owner_60,Operator_160,Fishing,IND,2002
9002761,400002761,Owner_61,Operator_161,Cargo,LBR,2017
9002762,400002762,Owner_62,Operator_162,Cargo,PAN,1992
9002763,400002763,Owner_63,Operator_163,Tanker,SGP,1994
9002764,400002764,Owner_64,Operator_164,Tanker,SGP,2023
9002765,400002765,Owner_65,Operator_165,Tanker,PAN,1997
9002766,400002766,Owner_66,Operator_166,Container,LBR,2017
9002767,400002767,Owner_67,Operator_167,Cargo,PAN,2009
9002768,400002768,Owner_68,Operator_168,Tanker,LBR,1998
9002769,400002769,Owner_69,Operator_169,Bulk Carrier,LBR,2016
9002770,400002770,Owner_70,Operator_170,Bulk Carrier,SGP,2019
9002771,400002771,Owner_71,Operator_171,Container,MHL,2000
9002772,400002772,Owner_72,Operator_172,Bulk Carrier,IND,2009
9002773,400002773,Owner_73,Operator_173,Container,IND,1995
9002774,400002774,Owner_74,Operator_174,Container,MHL,2020
9002775,400002775,Owner_75,Operator_175,Bulk Carrier,MHL,1999
9002776,400002776,Owner_76,Operator_176,Fishing,LBR,1994
9002777,400002777,Owner_77,Operator_177,Fishing,SGP,2009
9002778,400002778,Owner_78,Operator_178,Container,IND,1993
9002779,400002779,Owner_79,Operator_179,Tanker,MHL,1996
9002780,400002780,Owner_80,Operator_180,Fishing,SGP,2000
9002781,400002781,Owner_81,Operator_181,Cargo,SGP,2022
9002782,400002782,Owner_82,Operator_182,Cargo,IND,2008
9002783,400002783,Owner_83,Operator_183,Fishing,SGP,2008
9002784,400002784,Owner_84,Operator_184,Cargo,MHL,2001
9002785,400002785,Owner_85,Operator_185,Cargo,LBR,2008
9002786,400002786,Owner_86,Operator_186,Fishing,PAN,1990
9002787,400002787,Owner_87,Operator_187,Bulk Carrier,SGP,2000
9002788,400002788,Owner_88,Operator_188,Fishing,SGP,1992
9002789,400002789,Owner_89,Operator_189,Tanker,PAN,2019
9002790,400002790,Owner_90,Operator_190,Tanker,MHL,2009
9002791,400002791,Owner_91,Operator_191,Cargo,MHL,2015
9002792,400002792,Owner_92,Operator_192,Container,LBR,2004
9002793,400002793,Owner_93,Operator_193,Fishing,LBR,2009
9002794,400002794,Owner_94,Operator_194,Bulk Carrier,PAN,1991
9002795,400002795,Owner_95,Operator_195,Container,PAN,2009
9002796,400002796,Owner_96,Operator_196,Tanker,LBR,2000
9002797,400002797,Owner_97,Operator_197,Tanker,LBR,2000
9002798,400002798,Owner_98,Operator_198,Cargo,MHL,2020
9002799,400002799,Owner_99,Operator_199,Fishing,MHL,2012
9002800,400002800,Owner_100,Operator_0,Fishing,MHL,2021
9002801,400002801,Owner_101,Operator_1,Fishing,MHL,2012
9002802,400002802,Owner_102,Operator_2,Container,SGP,1996
9002803,400002803,Owner_103,Operator_3,Bulk Carrier,MHL,1995
9002804,400002804,Owner_104,Operator_4,Tanker,LBR,2012
9002805,400002805,Owner_105,Operator_5,Fishing,MHL,2017
9002806,400002806,Owner_106,Operator_6,Fishing,IND,2015
9002807,400002807,Owner_107,Operator_7,Bulk Carrier,LBR,1992
9002808,400002808,Owner_108,Operator_8,Bulk Carrier,LBR,2022
9002809,400002809,Owner_109,Operator_9,Container,IND,2006
9002810,400002810,Owner_110,Operator_10,Fishing,MHL,2009
9002811,400002811,Owner_111,Operator_11,Fishing,PAN,1990
9002812,400002812,Owner_112,Operator_12,Tanker,PAN,2025
9002813,400002813,Owner_113,Operator_13,Tanker,PAN,2022
9002814,400002814,Owner_114,Operator_14,Container,SGP,2018
9002815,400002815,Owner_115,Operator_15,Cargo,LBR,2025
9002816,400002816,Owner_116,Operator_16,Bulk Carrier,MHL,2013
9002817,400002817,Owner_117,Operator_17,Tanker,SGP,2025
9002818,400002818,Owner_118,Operator_18,Fishing,IND,2022
9002819,400002819,Owner_119,Operator_19,Container,IND,1994
9002820,400002820,Owner_120,Operator_20,Tanker,SGP,1996
9002821,400002821,Owner_121,Operator_21,Container,IND,1998
9002822,400002822,Owner_122,Operator_22,Tanker,MHL,2022
9002823,400002823,Owner_123,Operator_23,Bulk Carrier,IND,2008
9002824,400002824,Owner_124,Operator_24,Cargo,LBR,1993
9002825,400002825,Owner_125,Operator_25,Tanker,MHL,2019
9002826,400002826,Owner_126,Operator_26,Bulk Carrier,SGP,2021
9002827,400002827,Owner_127,Operator_27,Container,SGP,2014
9002828,400002828,Owner_128,Operator_28,Tanker,LBR,1993
9002829,400002829,Owner_129,Operator_29,Cargo,LBR,2016
9002830,400002830,Owner_130,Operator_30,Bulk Carrier,IND,1994
9002831,400002831,Owner_131,Operator_31,Container,IND,2002
9002832,400002832,Owner_132,Operator_32,Bulk Carrier,IND,2018
9002833,400002833,Owner_133,Operator_33,Tanker,IND,2012
9002834,400002834,Owner_134,Operator_34,Container,PAN,2008
9002835,400002835,Owner_135,Operator_35,Bulk Carrier,IND,2013
9002836,400002836,Owner_136,Operator_36,Container,IND,2011
9002837,400002837,Owner_137,Operator_37,Bulk Carrier,MHL,2013
9002838,400002838,Owner_138,Operator_38,Fishing,PAN,1997
9002839,400002839,Owner_139,Operator_39,Tanker,PAN,1999
9002840,400002840,Owner_140,Operator_40,Tanker,LBR,1991
9002841,400002841,Owner_141,Operator_41,Fishing,IND,2025
9002842,400002842,Owner_142,Operator_42,Cargo,MHL,2024
9002843,400002843,Owner_143,Operator_43,Tanker,SGP,1997
9002844,400002844,Owner_144,Operator_44,Tanker,PAN,2004
9002845,400002845,Owner_145,Operator_45,Cargo,LBR,2017
9002846,400002846,Owner_146,Operator_46,Container,SGP,1994
9002847,400002847,Owner_147,Operator_47,Tanker,LBR,2015
9002848,400002848,Owner_148,Operator_48,Container,IND,2019
9002849,400002849,Owner_149,Operator_49,Bulk Carrier,PAN,2012
9002850,400002850,Owner_150,Operator_50,Cargo,LBR,2020
9002851,400002851,Owner_151,Operator_51,Cargo,MHL,1999
9002852,400002852,Owner_152,Operator_52,Bulk Carrier,IND,2005
9002853,400002853,Owner_153,Operator_53,Tanker,LBR,2000
9002854,400002854,Owner_154,Operator_54,Tanker,MHL,2007
9002855,400002855,Owner_155,Operator_55,Bulk Carrier,MHL,2001
9002856,400002856,Owner_156,Operator_56,Container,PAN,1990
9002857,400002857,Owner_157,Operator_57,Tanker,SGP,1990
9002858,400002858,Owner_158,Operator_58,Bulk Carrier,SGP,2004
9002859,400002859,Owner_159,Operator_59,Cargo,MHL,2009
9002860,400002860,Owner_160,Operator_60,Bulk Carrier,PAN,2006
9002861,400002861,Owner_161,Operator_61,Cargo,SGP,1994
9002862,400002862,Owner_162,Operator_62,Cargo,LBR,2007
9002863,400002863,Owner_163,Operator_63,Fishing,MHL,1999
9002864,400002864,Owner_164,Operator_64,Cargo,MHL,2007
9002865,400002865,Owner_165,Operator_65,Cargo,IND,1996
9002866,400002866,Owner_166,Operator_66,Fishing,IND,2006
9002867,400002867,Owner_167,Operator_67,Tanker,PAN,1994
9002868,400002868,Owner_168,Operator_68,Bulk Carrier,MHL,1995
9002869,400002869,Owner_169,Operator_69,Tanker,SGP,2016
9002870,400002870,Owner_170,Operator_70,Fishing,IND,2008
9002871,400002871,Owner_171,Operator_71,Cargo,LBR,2021
9002872,400002872,Owner_172,Operator_72,Tanker,LBR,2025
9002873,400002873,Owner_173,Operator_73,Container,PAN,2012
9002874,400002874,Owner_174,Operator_74,Tanker,IND,1992
9002875,400002875,Owner_175,Operator_75,Tanker,LBR,2017
9002876,400002876,Owner_176,Operator_76,Cargo,IND,2021
9002877,400002877,Owner_177,Operator_77,Container,PAN,2017
9002878,400002878,Owner_178,Operator_78,Cargo,MHL,2017
9002879,400002879,Owner_179,Operator_79,Cargo,LBR,2017
9002880,400002880,Owner_180,Operator_80,Container,SGP,1992
9002881,400002881,Owner_181,Operator_81,Fishing,PAN,1998
9002882,400002882,Owner_182,Operator_82,Container,MHL,2011
9002883,400002883,Owner_183,Operator_83,Fishing,MHL,2002
9002884,400002884,Owner_184,Operator_84,Container,MHL,1990
9002885,400002885,Owner_185,Operator_85,Tanker,MHL,1999
9002886,400002886,Owner_186,Operator_86,Cargo,SGP,2018
9002887,400002887,Owner_187,Operator_87,Fishing,PAN,2000
9002888,400002888,Owner_188,Operator_88,Fishing,SGP,2006
9002889,400002889,Owner_189,Operator_89,Container,LBR,2010
9002890,400002890,Owner_190,Operator_90,Cargo,SGP,2004
9002891,400002891,Owner_191,Operator_91,Fishing,LBR,2019
9002892,400002892,Owner_192,Operator_92,Cargo,PAN,2019
9002893,400002893,Owner_193,Operator_93,Container,IND,2013
9002894,400002894,Owner_194,Operator_94,Bulk Carrier,SGP,2001
9002895,400002895,Owner_195,Operator_95,Tanker,LBR,2007
9002896,400002896,Owner_196,Operator_96,Bulk Carrier,LBR,2006
9002897,400002897,Owner_197,Operator_97,Fishing,PAN,2006
9002898,400002898,Owner_198,Operator_98,Container,IND,2013
9002899,400002899,Owner_199,Operator_99,Fishing,PAN,2007
9002900,400002900,Owner_200,Operator_100,Tanker,SGP,2002
9002901,400002901,Owner_201,Operator_101,Tanker,LBR,2001
9002902,400002902,Owner_202,Operator_102,Fishing,IND,2025
9002903,400002903,Owner_203,Operator_103,Container,MHL,2002
9002904,400002904,Owner_204,Operator_104,Container,PAN,2017
9002905,400002905,Owner_205,Operator_105,Bulk Carrier,IND,1990
9002906,400002906,Owner_206,Operator_106,Tanker,SGP,1996
9002907,400002907,Owner_207,Operator_107,Tanker,LBR,1993
9002908,400002908,Owner_208,Operator_108,Tanker,LBR,1997
9002909,400002909,Owner_209,Operator_109,Container,LBR,2012
9002910,400002910,Owner_210,Operator_110,Bulk Carrier,PAN,2012
9002911,400002911,Owner_211,Operator_111,Tanker,SGP,2016
9002912,400002912,Owner_212,Operator_112,Cargo,LBR,2008
9002913,400002913,Owner_213,Operator_113,Bulk Carrier,IND,1999
9002914,400002914,Owner_214,Operator_114,Cargo,IND,1996
9002915,400002915,Owner_215,Operator_115,Fishing,MHL,2020
9002916,400002916,Owner_216,Operator_116,Tanker,PAN,2012
9002917,400002917,Owner_217,Operator_117,Tanker,PAN,2020
9002918,400002918,Owner_218,Operator_118,Tanker,LBR,2017
9002919,400002919,Owner_219,Operator_119,Bulk Carrier,IND,2004
9002920,400002920,Owner_220,Operator_120,Tanker,PAN,2018
9002921,400002921,Owner_221,Operator_121,Container,SGP,2002
9002922,400002922,Owner_222,Operator_122,Container,SGP,1998
9002923,400002923,Owner_223,Operator_123,Tanker,IND,2005
9002924,400002924,Owner_224,Operator_124,Bulk Carrier,PAN,1995
9002925,400002925,Owner_225,Operator_125,Tanker,PAN,2014
9002926,400002926,Owner_226,Operator_126,Bulk Carrier,LBR,2000
9002927,400002927,Owner_227,Operator_127,Bulk Carrier,PAN,1997
9002928,400002928,Owner_228,Operator_128,Bulk Carrier,SGP,2002
9002929,400002929,Owner_229,Operator_129,Bulk Carrier,SGP,2006
9002930,400002930,Owner_230,Operator_130,Tanker,PAN,2016
9002931,400002931,Owner_231,Operator_131,Bulk Carrier,PAN,2014
9002932,400002932,Owner_232,Operator_132,Cargo,SGP,2012
9002933,400002933,Owner_233,Operator_133,Tanker,PAN,2011
9002934,400002934,Owner_234,Operator_134,Bulk Carrier,IND,2006
9002935,400002935,Owner_235,Operator_135,Container,PAN,2025
9002936,400002936,Owner_236,Operator_136,Cargo,MHL,2002
9002937,400002937,Owner_237,Operator_137,Fishing,MHL,2004
9002938,400002938,Owner_238,Operator_138,Container,SGP,2002
9002939,400002939,Owner_239,Operator_139,Container,IND,2013
9002940,400002940,Owner_240,Operator_140,Cargo,MHL,2022
9002941,400002941,Owner_241,Operator_141,Container,MHL,2018
9002942,400002942,Owner_242,Operator_142,Container,PAN,1992
9002943,400002943,Owner_243,Operator_143,Container,PAN,2013
9002944,400002944,Owner_244,Operator_144,Cargo,PAN,2008
9002945,400002945,Owner_245,Operator_145,Bulk Carrier,LBR,2010
9002946,400002946,Owner_246,Operator_146,Container,PAN,2016
9002947,400002947,Owner_247,Operator_147,Cargo,MHL,2005
9002948,400002948,Owner_248,Operator_148,Tanker,LBR,2013
9002949,400002949,Owner_249,Operator_149,Tanker,IND,2015
9002950,400002950,Owner_250,Operator_150,Tanker,LBR,2007
9002951,400002951,Owner_251,Operator_151,Bulk Carrier,MHL,1998
9002952,400002952,Owner_252,Operator_152,Cargo,LBR,1990
9002953,400002953,Owner_253,Operator_153,Fishing,IND,1991
9002954,400002954,Owner_254,Operator_154,Fishing,IND,2007
9002955,400002955,Owner_255,Operator_155,Tanker,MHL,2008
9002956,400002956,Owner_256,Operator_156,Fishing,LBR,1997
9002957,400002957,Owner_257,Operator_157,Tanker,MHL,2001
9002958,400002958,Owner_258,Operator_158,Bulk Carrier,PAN,2014
9002959,400002959,Owner_259,Operator_159,Tanker,MHL,2013
9002960,400002960,Owner_260,Operator_160,Bulk Carrier,LBR,2012
9002961,400002961,Owner_261,Operator_161,Cargo,MHL,1990
9002962,400002962,Owner_262,Operator_162,Fishing,MHL,2019
9002963,400002963,Owner_263,Operator_163,Bulk Carrier,LBR,1999
9002964,400002964,Owner_264,Operator_164,Tanker,SGP,1992
9002965,400002965,Owner_265,Operator_165,Bulk Carrier,LBR,2015
9002966,400002966,Owner_266,Operator_166,Tanker,IND,2015
9002967,400002967,Owner_267,Operator_167,Cargo,MHL,2022
9002968,400002968,Owner_268,Operator_168,Tanker,MHL,2010
9002969,400002969,Owner_269,Operator_169,Tanker,SGP,1998
9002970,400002970,Owner_270,Operator_170,Bulk Carrier,SGP,2015
9002971,400002971,Owner_271,Operator_171,Tanker,MHL,2005
9002972,400002972,Owner_272,Operator_172,Cargo,PAN,2023
9002973,400002973,Owner_273,Operator_173,Cargo,IND,1996
9002974,400002974,Owner_274,Operator_174,Container,PAN,2002
9002975,400002975,Owner_275,Operator_175,Bulk Carrier,LBR,1997
9002976,400002976,Owner_276,Operator_176,Container,IND,2007
9002977,400002977,Owner_277,Operator_177,Container,PAN,2000
9002978,400002978,Owner_278,Operator_178,Bulk Carrier,LBR,2010
9002979,400002979,Owner_279,Operator_179,Fishing,PAN,1996
9002980,400002980,Owner_280,Operator_180,Cargo,LBR,1995
9002981,400002981,Owner_281,Operator_181,Fishing,MHL,2020
9002982,400002982,Owner_282,Operator_182,Bulk Carrier,PAN,1999
9002983,400002983,Owner_283,Operator_183,Bulk Carrier,MHL,1999
9002984,400002984,Owner_284,Operator_184,Bulk Carrier,SGP,2010
9002985,400002985,Owner_285,Operator_185,Bulk Carrier,PAN,2016
9002986,400002986,Owner_286,Operator_186,Bulk Carrier,LBR,2023
9002987,400002987,Owner_287,Operator_187,Fishing,SGP,2012
9002988,400002988,Owner_288,Operator_188,Fishing,SGP,2016
9002989,400002989,Owner_289,Operator_189,Fishing,PAN,2013
9002990,400002990,Owner_290,Operator_190,Bulk Carrier,MHL,2016
9002991,400002991,Owner_291,Operator_191,Tanker,SGP,2014
9002992,400002992,Owner_292,Operator_192,Cargo,PAN,2024
9002993,400002993,Owner_293,Operator_193,Bulk Carrier,IND,2002
9002994,400002994,Owner_294,Operator_194,Cargo,SGP,2013
9002995,400002995,Owner_295,Operator_195,Tanker,SGP,2021
9002996,400002996,Owner_296,Operator_196,Container,PAN,1996
9002997,400002997,Owner_297,Operator_197,Bulk Carrier,IND,1993
9002998,400002998,Owner_298,Operator_198,Tanker,IND,1995
9002999,400002999,Owner_299,Operator_199,Fishing,MHL,2000
9003000,400003000,Owner_0,Operator_0,Container,LBR,2011
9003001,400003001,Owner_1,Operator_1,Container,LBR,2002
9003002,400003002,Owner_2,Operator_2,Fishing,PAN,2020
9003003,400003003,Owner_3,Operator_3,Fishing,SGP,1991
9003004,400003004,Owner_4,Operator_4,Tanker,PAN,2023
9003005,400003005,Owner_5,Operator_5,Tanker,IND,2006
9003006,400003006,Owner_6,Operator_6,Cargo,SGP,1995
9003007,400003007,Owner_7,Operator_7,Tanker,LBR,1997
9003008,400003008,Owner_8,Operator_8,Cargo,MHL,2008
9003009,400003009,Owner_9,Operator_9,Tanker,PAN,2016
9003010,400003010,Owner_10,Operator_10,Container,LBR,1997
9003011,400003011,Owner_11,Operator_11,Container,PAN,2004
9003012,400003012,Owner_12,Operator_12,Cargo,PAN,1997
9003013,400003013,Owner_13,Operator_13,Cargo,MHL,2023
9003014,400003014,Owner_14,Operator_14,Bulk Carrier,IND,2018
9003015,400003015,Owner_15,Operator_15,Container,PAN,1991
9003016,400003016,Owner_16,Operator_16,Tanker,SGP,2015
9003017,400003017,Owner_17,Operator_17,Bulk Carrier,MHL,2010
9003018,400003018,Owner_18,Operator_18,Cargo,PAN,2017
9003019,400003019,Owner_19,Operator_19,Bulk Carrier,SGP,2007
9003020,400003020,Owner_20,Operator_20,Fishing,LBR,2005
9003021,400003021,Owner_21,Operator_21,Tanker,PAN,1999
9003022,400003022,Owner_22,Operator_22,Bulk Carrier,IND,2022
9003023,400003023,Owner_23,Operator_23,Cargo,LBR,1990
9003024,400003024,Owner_24,Operator_24,Cargo,IND,1998
9003025,400003025,Owner_25,Operator_25,Cargo,PAN,1992
9003026,400003026,Owner_26,Operator_26,Tanker,LBR,1999
9003027,400003027,Owner_27,Operator_27,Cargo,MHL,1995
9003028,400003028,Owner_28,Operator_28,Cargo,MHL,2015
9003029,400003029,Owner_29,Operator_29,Bulk Carrier,IND,1990
9003030,400003030,Owner_30,Operator_30,Fishing,PAN,2000
9003031,400003031,Owner_31,Operator_31,Bulk Carrier,PAN,1990
9003032,400003032,Owner_32,Operator_32,Fishing,PAN,2010
9003033,400003033,Owner_33,Operator_33,Fishing,PAN,2018
9003034,400003034,Owner_34,Operator_34,Bulk Carrier,PAN,1995
9003035,400003035,Owner_35,Operator_35,Tanker,PAN,2016
9003036,400003036,Owner_36,Operator_36,Cargo,IND,2022
9003037,400003037,Owner_37,Operator_37,Fishing,MHL,2001
9003038,400003038,Owner_38,Operator_38,Fishing,IND,2003
9003039,400003039,Owner_39,Operator_39,Bulk Carrier,SGP,2011
9003040,400003040,Owner_40,Operator_40,Fishing,MHL,2009
9003041,400003041,Owner_41,Operator_41,Container,LBR,1993
9003042,400003042,Owner_42,Operator_42,Bulk Carrier,IND,2002
9003043,400003043,Owner_43,Operator_43,Tanker,LBR,1998
9003044,400003044,Owner_44,Operator_44,Container,IND,2009
9003045,400003045,Owner_45,Operator_45,Fishing,IND,1994
9003046,400003046,Owner_46,Operator_46,Bulk Carrier,LBR,2017
9003047,400003047,Owner_47,Operator_47,Cargo,SGP,2006
9003048,400003048,Owner_48,Operator_48,Container,SGP,1992
9003049,400003049,Owner_49,Operator_49,Bulk Carrier,LBR,1998
9003050,400003050,Owner_50,Operator_50,Container,PAN,2025
9003051,400003051,Owner_51,Operator_51,Cargo,SGP,2012
9003052,400003052,Owner_52,Operator_52,Cargo,MHL,2016
9003053,400003053,Owner_53,Operator_53,Fishing,PAN,2009
9003054,400003054,Owner_54,Operator_54,Tanker,LBR,2011
9003055,400003055,Owner_55,Operator_55,Bulk Carrier,SGP,1991
9003056,400003056,Owner_56,Operator_56,Container,IND,2022
9003057,400003057,Owner_57,Operator_57,Bulk Carrier,SGP,2013
9003058,400003058,Owner_58,Operator_58,Container,PAN,2002
9003059,400003059,Owner_59,Operator_59,Container,LBR,2008
9003060,400003060,Owner_60,Operator_60,Bulk Carrier,LBR,2019
9003061,400003061,Owner_61,Operator_61,Bulk Carrier,SGP,2021
9003062,400003062,Owner_62,Operator_62,Tanker,MHL,2004
9003063,400003063,Owner_63,Operator_63,Tanker,MHL,1996
9003064,400003064,Owner_64,Operator_64,Cargo,SGP,2008
9003065,400003065,Owner_65,Operator_65,Fishing,LBR,2000
9003066,400003066,Owner_66,Operator_66,Tanker,IND,2005
9003067,400003067,Owner_67,Operator_67,Cargo,LBR,2002
9003068,400003068,Owner_68,Operator_68,Container,MHL,2008
9003069,400003069,Owner_69,Operator_69,Cargo,MHL,1996
9003070,400003070,Owner_70,Operator_70,Container,LBR,2018
9003071,400003071,Owner_71,Operator_71,Bulk Carrier,IND,1994
9003072,400003072,Owner_72,Operator_72,Container,PAN,1997
9003073,400003073,Owner_73,Operator_73,Cargo,SGP,2016
9003074,400003074,Owner_74,Operator_74,Fishing,IND,2002
9003075,400003075,Owner_75,Operator_75,Tanker,PAN,2020
9003076,400003076,Owner_76,Operator_76,Container,IND,1992
9003077,400003077,Owner_77,Operator_77,Container,SGP,2014
9003078,400003078,Owner_78,Operator_78,Fishing,SGP,2014
9003079,400003079,Owner_79,Operator_79,Container,SGP,2004
9003080,400003080,Owner_80,Operator_80,Cargo,MHL,1996
9003081,400003081,Owner_81,Operator_81,Tanker,MHL,1990
9003082,400003082,Owner_82,Operator_82,Container,IND,2019
9003083,400003083,Owner_83,Operator_83,Bulk Carrier,IND,2014
9003084,400003084,Owner_84,Operator_84,Container,LBR,2019
9003085,400003085,Owner_85,Operator_85,Bulk Carrier,PAN,2025
9003086,400003086,Owner_86,Operator_86,Container,IND,1995
9003087,400003087,Owner_87,Operator_87,Bulk Carrier,LBR,2010
9003088,400003088,Owner_88,Operator_88,Tanker,PAN,1995
9003089,400003089,Owner_89,Operator_89,Cargo,LBR,2025
9003090,400003090,Owner_90,Operator_90,Container,SGP,1997
9003091,400003091,Owner_91,Operator_91,Cargo,MHL,2001
9003092,400003092,Owner_92,Operator_92,Cargo,LBR,2021
9003093,400003093,Owner_93,Operator_93,Tanker,MHL,2014
9003094,400003094,Owner_94,Operator_94,Container,PAN,2022
9003095,400003095,Owner_95,Operator_95,Container,LBR,2000
9003096,400003096,Owner_96,Operator_96,Container,LBR,1992
9003097,400003097,Owner_97,Operator_97,Cargo,LBR,1997
9003098,400003098,Owner_98,Operator_98,Cargo,LBR,2004
9003099,400003099,Owner_99,Operator_99,Tanker,PAN,2021
9003100,400003100,Owner_100,Operator_100,Bulk Carrier,MHL,2002
9003101,400003101,Owner_101,Operator_101,Bulk Carrier,LBR,2001
9003102,400003102,Owner_102,Operator_102,Container,LBR,1999
9003103,400003103,Owner_103,Operator_103,Tanker,MHL,1992
9003104,400003104,Owner_104,Operator_104,Cargo,IND,2025
9003105,400003105,Owner_105,Operator_105,Cargo,SGP,2025
9003106,400003106,Owner_106,Operator_106,Fishing,MHL,1998
9003107,400003107,Owner_107,Operator_107,Cargo,MHL,2020
9003108,400003108,Owner_108,Operator_108,Container,SGP,2014
9003109,400003109,Owner_109,Operator_109,Container,LBR,2010
9003110,400003110,Owner_110,Operator_110,Cargo,MHL,2002
9003111,400003111,Owner_111,Operator_111,Cargo,MHL,1990
9003112,400003112,Owner_112,Operator_112,Tanker,MHL,2009
9003113,400003113,Owner_113,Operator_113,Fishing,MHL,2010
9003114,400003114,Owner_114,Operator_114,Tanker,LBR,2016
9003115,400003115,Owner_115,Operator_115,Cargo,MHL,2005
9003116,400003116,Owner_116,Operator_116,Cargo,IND,1994
9003117,400003117,Owner_117,Operator_117,Bulk Carrier,IND,2018
9003118,400003118,Owner_118,Operator_118,Tanker,IND,2013
9003119,400003119,Owner_119,Operator_119,Bulk Carrier,IND,1998
9003120,400003120,Owner_120,Operator_120,Cargo,IND,1990
9003121,400003121,Owner_121,Operator_121,Bulk Carrier,IND,1994
9003122,400003122,Owner_122,Operator_122,Tanker,MHL,2023
9003123,400003123,Owner_123,Operator_123,Fishing,LBR,2000
9003124,400003124,Owner_124,Operator_124,Bulk Carrier,MHL,2010
9003125,400003125,Owner_125,Operator_125,Container,SGP,1998
9003126,400003126,Owner_126,Operator_126,Tanker,LBR,2017
9003127,400003127,Owner_127,Operator_127,Fishing,LBR,2021
9003128,400003128,Owner_128,Operator_128,Bulk Carrier,MHL,2011
9003129,400003129,Owner_129,Operator_129,Tanker,SGP,2001
9003130,400003130,Owner_130,Operator_130,Fishing,MHL,2019
9003131,400003131,Owner_131,Operator_131,Bulk Carrier,SGP,2009
9003132,400003132,Owner_132,Operator_132,Cargo,IND,1998
9003133,400003133,Owner_133,Operator_133,Container,LBR,2017
9003134,400003134,Owner_134,Operator_134,Container,SGP,2015
9003135,400003135,Owner_135,Operator_135,Container,LBR,2023
9003136,400003136,Owner_136,Operator_136,Fishing,IND,1990
9003137,400003137,Owner_137,Operator_137,Fishing,SGP,1997
9003138,400003138,Owner_138,Operator_138,Cargo,IND,2006
9003139,400003139,Owner_139,Operator_139,Bulk Carrier,IND,2023
9003140,400003140,Owner_140,Operator_140,Container,SGP,2011
9003141,400003141,Owner_141,Operator_141,Tanker,SGP,1993
9003142,400003142,Owner_142,Operator_142,Cargo,MHL,2003
9003143,400003143,Owner_143,Operator_143,Bulk Carrier,SGP,2005
9003144,400003144,Owner_144,Operator_144,Cargo,LBR,1997
9003145,400003145,Owner_145,Operator_145,Fishing,LBR,2015
9003146,400003146,Owner_146,Operator_146,Bulk Carrier,MHL,1996
9003147,400003147,Owner_147,Operator_147,Container,SGP,1990
9003148,400003148,Owner_148,Operator_148,Cargo,LBR,2001
9003149,400003149,Owner_149,Operator_149,Container,IND,1998
9003150,400003150,Owner_150,Operator_150,Bulk Carrier,LBR,1990
9003151,400003151,Owner_151,Operator_151,Container,IND,2006
9003152,400003152,Owner_152,Operator_152,Container,LBR,2024
9003153,400003153,Owner_153,Operator_153,Cargo,IND,2014
9003154,400003154,Owner_154,Operator_154,Fishing,LBR,1990
9003155,400003155,Owner_155,Operator_155,Container,PAN,2002
9003156,400003156,Owner_156,Operator_156,Bulk Carrier,PAN,1999
9003157,400003157,Owner_157,Operator_157,Tanker,IND,2000
9003158,400003158,Owner_158,Operator_158,Bulk Carrier,IND,2020
9003159,400003159,Owner_159,Operator_159,Container,PAN,1992
9003160,400003160,Owner_160,Operator_160,Tanker,MHL,2016
9003161,400003161,Owner_161,Operator_161,Container,MHL,1995
9003162,400003162,Owner_162,Operator_162,Container,MHL,2004
9003163,400003163,Owner_163,Operator_163,Tanker,PAN,2009
9003164,400003164,Owner_164,Operator_164,Cargo,MHL,2025
9003165,400003165,Owner_165,Operator_165,Container,IND,2013
9003166,400003166,Owner_166,Operator_166,Tanker,PAN,2000
9003167,400003167,Owner_167,Operator_167,Container,PAN,2013
9003168,400003168,Owner_168,Operator_168,Bulk Carrier,IND,2008
9003169,400003169,Owner_169,Operator_169,Cargo,SGP,2005
9003170,400003170,Owner_170,Operator_170,Fishing,IND,1995
9003171,400003171,Owner_171,Operator_171,Fishing,MHL,1991
9003172,400003172,Owner_172,Operator_172,Container,LBR,1999
9003173,400003173,Owner_173,Operator_173,Fishing,SGP,1993
9003174,400003174,Owner_174,Operator_174,Tanker,MHL,1993
9003175,400003175,Owner_175,Operator_175,Cargo,MHL,2001
9003176,400003176,Owner_176,Operator_176,Fishing,PAN,1998
9003177,400003177,Owner_177,Operator_177,Cargo,SGP,2015
9003178,400003178,Owner_178,Operator_178,Cargo,MHL,2011
9003179,400003179,Owner_179,Operator_179,Tanker,MHL,2011
9003180,400003180,Owner_180,Operator_180,Tanker,IND,2013
9003181,400003181,Owner_181,Operator_181,Bulk Carrier,IND,2010
9003182,400003182,Owner_182,Operator_182,Fishing,LBR,1998
9003183,400003183,Owner_183,Operator_183,Cargo,LBR,2017
9003184,400003184,Owner_184,Operator_184,Bulk Carrier,IND,2007
9003185,400003185,Owner_185,Operator_185,Cargo,MHL,1998
9003186,400003186,Owner_186,Operator_186,Tanker,LBR,2012
9003187,400003187,Owner_187,Operator_187,Tanker,PAN,2019
9003188,400003188,Owner_188,Operator_188,Bulk Carrier,SGP,1998
9003189,400003189,Owner_189,Operator_189,Cargo,PAN,2005
9003190,400003190,Owner_190,Operator_190,Fishing,SGP,2007
9003191,400003191,Owner_191,Operator_191,Cargo,SGP,2013
9003192,400003192,Owner_192,Operator_192,Container,PAN,2007
9003193,400003193,Owner_193,Operator_193,Tanker,SGP,2018
9003194,400003194,Owner_194,Operator_194,Bulk Carrier,SGP,2007
9003195,400003195,Owner_195,Operator_195,Bulk Carrier,MHL,2011
9003196,400003196,Owner_196,Operator_196,Tanker,IND,1998
9003197,400003197,Owner_197,Operator_197,Bulk Carrier,SGP,2022
9003198,400003198,Owner_198,Operator_198,Tanker,MHL,1999
9003199,400003199,Owner_199,Operator_199,Bulk Carrier,LBR,2016
9003200,400003200,Owner_200,Operator_0,Container,SGP,2021
9003201,400003201,Owner_201,Operator_1,Fishing,SGP,1992
9003202,400003202,Owner_202,Operator_2,Bulk Carrier,MHL,2022
9003203,400003203,Owner_203,Operator_3,Container,LBR,2023
9003204,400003204,Owner_204,Operator_4,Container,MHL,2011
9003205,400003205,Owner_205,Operator_5,Bulk Carrier,MHL,1998
9003206,400003206,Owner_206,Operator_6,Cargo,MHL,2012
9003207,400003207,Owner_207,Operator_7,Bulk Carrier,LBR,2002
9003208,400003208,Owner_208,Operator_8,Container,PAN,2018
9003209,400003209,Owner_209,Operator_9,Tanker,MHL,2020
9003210,400003210,Owner_210,Operator_10,Fishing,LBR,1998
9003211,400003211,Owner_211,Operator_11,Tanker,IND,2008
9003212,400003212,Owner_212,Operator_12,Fishing,LBR,2012
9003213,400003213,Owner_213,Operator_13,Fishing,IND,2025
9003214,400003214,Owner_214,Operator_14,Tanker,MHL,2022
9003215,400003215,Owner_215,Operator_15,Container,SGP,1997
9003216,400003216,Owner_216,Operator_16,Tanker,PAN,2005
9003217,400003217,Owner_217,Operator_17,Tanker,IND,2013
9003218,400003218,Owner_218,Operator_18,Fishing,PAN,2014
9003219,400003219,Owner_219,Operator_19,Fishing,LBR,2011
9003220,400003220,Owner_220,Operator_20,Cargo,LBR,1995
9003221,400003221,Owner_221,Operator_21,Cargo,IND,2006
9003222,400003222,Owner_222,Operator_22,Container,PAN,2013
9003223,400003223,Owner_223,Operator_23,Fishing,SGP,2006
9003224,400003224,Owner_224,Operator_24,Fishing,MHL,2003
9003225,400003225,Owner_225,Operator_25,Fishing,IND,1993
9003226,400003226,Owner_226,Operator_26,Container,IND,2000
9003227,400003227,Owner_227,Operator_27,Fishing,LBR,1995
9003228,400003228,Owner_228,Operator_28,Fishing,SGP,1992
9003229,400003229,Owner_229,Operator_29,Bulk Carrier,IND,2019
9003230,400003230,Owner_230,Operator_30,Tanker,MHL,2009
9003231,400003231,Owner_231,Operator_31,Fishing,LBR,2000
9003232,400003232,Owner_232,Operator_32,Fishing,IND,2024
9003233,400003233,Owner_233,Operator_33,Container,MHL,1998
9003234,400003234,Owner_234,Operator_34,Bulk Carrier,IND,1997
9003235,400003235,Owner_235,Operator_35,Bulk Carrier,MHL,2023
9003236,400003236,Owner_236,Operator_36,Tanker,LBR,1990
9003237,400003237,Owner_237,Operator_37,Fishing,MHL,2011
9003238,400003238,Owner_238,Operator_38,Bulk Carrier,MHL,2014
9003239,400003239,Owner_239,Operator_39,Container,LBR,2025
9003240,400003240,Owner_240,Operator_40,Cargo,PAN,1999
9003241,400003241,Owner_241,Operator_41,Fishing,PAN,2015
9003242,400003242,Owner_242,Operator_42,Bulk Carrier,IND,2013
9003243,400003243,Owner_243,Operator_43,Tanker,SGP,2016
9003244,400003244,Owner_244,Operator_44,Fishing,PAN,1991
9003245,400003245,Owner_245,Operator_45,Tanker,LBR,2024
9003246,400003246,Owner_246,Operator_46,Bulk Carrier,LBR,2013
9003247,400003247,Owner_247,Operator_47,Bulk Carrier,LBR,1999
9003248,400003248,Owner_248,Operator_48,Container,IND,2004
9003249,400003249,Owner_249,Operator_49,Tanker,IND,2001
9003250,400003250,Owner_250,Operator_50,Cargo,PAN,1996
9003251,400003251,Owner_251,Operator_51,Fishing,PAN,2000
9003252,400003252,Owner_252,Operator_52,Tanker,IND,2013
9003253,400003253,Owner_253,Operator_53,Cargo,MHL,2012
9003254,400003254,Owner_254,Operator_54,Bulk Carrier,PAN,2024
9003255,400003255,Owner_255,Operator_55,Tanker,PAN,1993
9003256,400003256,Owner_256,Operator_56,Tanker,SGP,2015
9003257,400003257,Owner_257,Operator_57,Container,LBR,1999
9003258,400003258,Owner_258,Operator_58,Container,MHL,2022
9003259,400003259,Owner_259,Operator_59,Container,IND,2010
9003260,400003260,Owner_260,Operator_60,Bulk Carrier,LBR,1994
9003261,400003261,Owner_261,Operator_61,Fishing,LBR,2025
9003262,400003262,Owner_262,Operator_62,Container,LBR,1996
9003263,400003263,Owner_263,Operator_63,Cargo,SGP,2016
9003264,400003264,Owner_264,Operator_64,Fishing,IND,2023
9003265,400003265,Owner_265,Operator_65,Container,LBR,2022
9003266,400003266,Owner_266,Operator_66,Cargo,LBR,2023
9003267,400003267,Owner_267,Operator_67,Bulk Carrier,SGP,2015
9003268,400003268,Owner_268,Operator_68,Fishing,MHL,2010
9003269,400003269,Owner_269,Operator_69,Bulk Carrier,IND,1996
9003270,400003270,Owner_270,Operator_70,Tanker,SGP,1995
9003271,400003271,Owner_271,Operator_71,Cargo,LBR,1996
9003272,400003272,Owner_272,Operator_72,Cargo,PAN,2006
9003273,400003273,Owner_273,Operator_73,Fishing,PAN,1991
9003274,400003274,Owner_274,Operator_74,Container,PAN,2022
9003275,400003275,Owner_275,Operator_75,Bulk Carrier,IND,2025
9003276,400003276,Owner_276,Operator_76,Tanker,PAN,2001
9003277,400003277,Owner_277,Operator_77,Fishing,LBR,2004
9003278,400003278,Owner_278,Operator_78,Bulk Carrier,LBR,2016
9003279,400003279,Owner_279,Operator_79,Fishing,PAN,2010
9003280,400003280,Owner_280,Operator_80,Container,IND,2009
9003281,400003281,Owner_281,Operator_81,Container,LBR,2017
9003282,400003282,Owner_282,Operator_82,Cargo,IND,2012
9003283,400003283,Owner_283,Operator_83,Cargo,MHL,2023
9003284,400003284,Owner_284,Operator_84,Container,LBR,2006
9003285,400003285,Owner_285,Operator_85,Bulk Carrier,LBR,2023
9003286,400003286,Owner_286,Operator_86,Fishing,LBR,2004
9003287,400003287,Owner_287,Operator_87,Cargo,LBR,2005
9003288,400003288,Owner_288,Operator_88,Bulk Carrier,IND,2013
9003289,400003289,Owner_289,Operator_89,Tanker,SGP,2011
9003290,400003290,Owner_290,Operator_90,Container,MHL,2011
9003291,400003291,Owner_291,Operator_91,Fishing,MHL,2006
9003292,400003292,Owner_292,Operator_92,Fishing,SGP,2018
9003293,400003293,Owner_293,Operator_93,Bulk Carrier,IND,2003
9003294,400003294,Owner_294,Operator_94,Bulk Carrier,IND,1999
9003295,400003295,Owner_295,Operator_95,Tanker,IND,1996
9003296,400003296,Owner_296,Operator_96,Fishing,IND,1998
9003297,400003297,Owner_297,Operator_97,Bulk Carrier,SGP,1997
9003298,400003298,Owner_298,Operator_98,Tanker,LBR,1998
9003299,400003299,Owner_299,Operator_99,Tanker,IND,2009
9003300,400003300,Owner_0,Operator_100,Bulk Carrier,LBR,1993
9003301,400003301,Owner_1,Operator_101,Bulk Carrier,SGP,2012
9003302,400003302,Owner_2,Operator_102,Tanker,LBR,2023
9003303,400003303,Owner_3,Operator_103,Cargo,LBR,2017
9003304,400003304,Owner_4,Operator_104,Tanker,SGP,2025
9003305,400003305,Owner_5,Operator_105,Container,PAN,2012
9003306,400003306,Owner_6,Operator_106,Tanker,PAN,2008
9003307,400003307,Owner_7,Operator_107,Cargo,MHL,2010
9003308,400003308,Owner_8,Operator_108,Bulk Carrier,MHL,1990
9003309,400003309,Owner_9,Operator_109,Tanker,PAN,2013
9003310,400003310,Owner_10,Operator_110,Tanker,MHL,1999
9003311,400003311,Owner_11,Operator_111,Tanker,MHL,2019
9003312,400003312,Owner_12,Operator_112,Cargo,MHL,2022
9003313,400003313,Owner_13,Operator_113,Container,IND,1995
9003314,400003314,Owner_14,Operator_114,Tanker,MHL,1990
9003315,400003315,Owner_15,Operator_115,Fishing,IND,1997
9003316,400003316,Owner_16,Operator_116,Tanker,IND,2025
9003317,400003317,Owner_17,Operator_117,Bulk Carrier,PAN,2004
9003318,400003318,Owner_18,Operator_118,Fishing,IND,2023
9003319,400003319,Owner_19,Operator_119,Container,MHL,2010
9003320,400003320,Owner_20,Operator_120,Cargo,LBR,1999
9003321,400003321,Owner_21,Operator_121,Container,LBR,1996
9003322,400003322,Owner_22,Operator_122,Bulk Carrier,MHL,1991
9003323,400003323,Owner_23,Operator_123,Fishing,MHL,2010
9003324,400003324,Owner_24,Operator_124,Bulk Carrier,LBR,2009
9003325,400003325,Owner_25,Operator_125,Tanker,IND,2008
9003326,400003326,Owner_26,Operator_126,Fishing,LBR,1997
9003327,400003327,Owner_27,Operator_127,Cargo,SGP,2007
9003328,400003328,Owner_28,Operator_128,Container,LBR,1996
9003329,400003329,Owner_29,Operator_129,Fishing,MHL,2007
9003330,400003330,Owner_30,Operator_130,Fishing,IND,2020
9003331,400003331,Owner_31,Operator_131,Fishing,LBR,2007
9003332,400003332,Owner_32,Operator_132,Tanker,IND,2009
9003333,400003333,Owner_33,Operator_133,Tanker,IND,2003
9003334,400003334,Owner_34,Operator_134,Cargo,IND,2011
9003335,400003335,Owner_35,Operator_135,Bulk Carrier,IND,2005
9003336,400003336,Owner_36,Operator_136,Cargo,MHL,1993
9003337,400003337,Owner_37,Operator_137,Cargo,IND,1996
9003338,400003338,Owner_38,Operator_138,Fishing,PAN,2018
9003339,400003339,Owner_39,Operator_139,Cargo,SGP,1994
9003340,400003340,Owner_40,Operator_140,Fishing,SGP,1996
9003341,400003341,Owner_41,Operator_141,Tanker,SGP,2005
9003342,400003342,Owner_42,Operator_142,Container,MHL,2003
9003343,400003343,Owner_43,Operator_143,Tanker,IND,1996
9003344,400003344,Owner_44,Operator_144,Fishing,LBR,2022
9003345,400003345,Owner_45,Operator_145,Container,PAN,1990
9003346,400003346,Owner_46,Operator_146,Cargo,PAN,2016
9003347,400003347,Owner_47,Operator_147,Tanker,MHL,2021
9003348,400003348,Owner_48,Operator_148,Cargo,IND,2020
9003349,400003349,Owner_49,Operator_149,Container,PAN,2019
9003350,400003350,Owner_50,Operator_150,Tanker,MHL,1991
9003351,400003351,Owner_51,Operator_151,Bulk Carrier,PAN,2004
9003352,400003352,Owner_52,Operator_152,Container,SGP,2024
9003353,400003353,Owner_53,Operator_153,Tanker,SGP,1995
9003354,400003354,Owner_54,Operator_154,Cargo,IND,2019
9003355,400003355,Owner_55,Operator_155,Fishing,SGP,2024
9003356,400003356,Owner_56,Operator_156,Tanker,MHL,2018
9003357,400003357,Owner_57,Operator_157,Bulk Carrier,SGP,2015
9003358,400003358,Owner_58,Operator_158,Container,IND,2002
9003359,400003359,Owner_59,Operator_159,Tanker,PAN,1998
9003360,400003360,Owner_60,Operator_160,Tanker,PAN,2016
9003361,400003361,Owner_61,Operator_161,Bulk Carrier,IND,2001
9003362,400003362,Owner_62,Operator_162,Tanker,PAN,1995
9003363,400003363,Owner_63,Operator_163,Bulk Carrier,LBR,1990
9003364,400003364,Owner_64,Operator_164,Fishing,PAN,2016
9003365,400003365,Owner_65,Operator_165,Container,MHL,2016
9003366,400003366,Owner_66,Operator_166,Tanker,MHL,2015
9003367,400003367,Owner_67,Operator_167,Tanker,IND,2016
9003368,400003368,Owner_68,Operator_168,Cargo,SGP,2010
9003369,400003369,Owner_69,Operator_169,Tanker,PAN,2006
9003370,400003370,Owner_70,Operator_170,Container,MHL,2012
9003371,400003371,Owner_71,Operator_171,Fishing,SGP,2018
9003372,400003372,Owner_72,Operator_172,Container,PAN,2017
9003373,400003373,Owner_73,Operator_173,Fishing,MHL,1997
9003374,400003374,Owner_74,Operator_174,Cargo,PAN,1998
9003375,400003375,Owner_75,Operator_175,Fishing,IND,2005
9003376,400003376,Owner_76,Operator_176,Cargo,LBR,1991
9003377,400003377,Owner_77,Operator_177,Cargo,PAN,2021
9003378,400003378,Owner_78,Operator_178,Cargo,LBR,1996
9003379,400003379,Owner_79,Operator_179,Container,IND,2010
9003380,400003380,Owner_80,Operator_180,Tanker,PAN,2020
9003381,400003381,Owner_81,Operator_181,Tanker,PAN,2000
9003382,400003382,Owner_82,Operator_182,Cargo,MHL,2022
9003383,400003383,Owner_83,Operator_183,Fishing,MHL,2021
9003384,400003384,Owner_84,Operator_184,Cargo,SGP,1991
9003385,400003385,Owner_85,Operator_185,Fishing,SGP,2000
9003386,400003386,Owner_86,Operator_186,Bulk Carrier,LBR,2016
9003387,400003387,Owner_87,Operator_187,Bulk Carrier,LBR,2013
9003388,400003388,Owner_88,Operator_188,Fishing,MHL,1992
9003389,400003389,Owner_89,Operator_189,Tanker,PAN,1999
9003390,400003390,Owner_90,Operator_190,Tanker,PAN,2014
9003391,400003391,Owner_91,Operator_191,Fishing,IND,2017
9003392,400003392,Owner_92,Operator_192,Fishing,LBR,2017
9003393,400003393,Owner_93,Operator_193,Cargo,LBR,1996
9003394,400003394,Owner_94,Operator_194,Fishing,PAN,2025
9003395,400003395,Owner_95,Operator_195,Tanker,IND,2014
9003396,400003396,Owner_96,Operator_196,Cargo,PAN,2011
9003397,400003397,Owner_97,Operator_197,Bulk Carrier,IND,2019
9003398,400003398,Owner_98,Operator_198,Fishing,IND,1997
9003399,400003399,Owner_99,Operator_199,Tanker,MHL,1992
9003400,400003400,Owner_100,Operator_0,Bulk Carrier,SGP,2020
9003401,400003401,Owner_101,Operator_1,Cargo,SGP,2016
9003402,400003402,Owner_102,Operator_2,Bulk Carrier,PAN,1994
9003403,400003403,Owner_103,Operator_3,Tanker,MHL,2022
9003404,400003404,Owner_104,Operator_4,Tanker,MHL,2002
9003405,400003405,Owner_105,Operator_5,Bulk Carrier,PAN,2003
9003406,400003406,Owner_106,Operator_6,Bulk Carrier,MHL,2007
9003407,400003407,Owner_107,Operator_7,Fishing,PAN,2022
9003408,400003408,Owner_108,Operator_8,Fishing,PAN,2022
9003409,400003409,Owner_109,Operator_9,Cargo,PAN,1999
9003410,400003410,Owner_110,Operator_10,Cargo,SGP,2011
9003411,400003411,Owner_111,Operator_11,Bulk Carrier,LBR,2013
9003412,400003412,Owner_112,Operator_12,Container,PAN,2019
9003413,400003413,Owner_113,Operator_13,Container,LBR,2007
9003414,400003414,Owner_114,Operator_14,Tanker,SGP,1992
9003415,400003415,Owner_115,Operator_15,Container,IND,1994
9003416,400003416,Owner_116,Operator_16,Container,IND,1996
9003417,400003417,Owner_117,Operator_17,Container,SGP,2012
9003418,400003418,Owner_118,Operator_18,Tanker,MHL,2018
9003419,400003419,Owner_119,Operator_19,Fishing,IND,2011
9003420,400003420,Owner_120,Operator_20,Fishing,PAN,2010
9003421,400003421,Owner_121,Operator_21,Tanker,LBR,1991
9003422,400003422,Owner_122,Operator_22,Bulk Carrier,PAN,2021
9003423,400003423,Owner_123,Operator_23,Bulk Carrier,IND,2006
9003424,400003424,Owner_124,Operator_24,Tanker,PAN,2017
9003425,400003425,Owner_125,Operator_25,Bulk Carrier,MHL,2017
9003426,400003426,Owner_126,Operator_26,Fishing,IND,2020
9003427,400003427,Owner_127,Operator_27,Fishing,IND,2005
9003428,400003428,Owner_128,Operator_28,Tanker,SGP,1995
9003429,400003429,Owner_129,Operator_29,Tanker,PAN,1999
9003430,400003430,Owner_130,Operator_30,Container,PAN,2016
9003431,400003431,Owner_131,Operator_31,Container,IND,2018
9003432,400003432,Owner_132,Operator_32,Container,SGP,2013
9003433,400003433,Owner_133,Operator_33,Bulk Carrier,SGP,2009
9003434,400003434,Owner_134,Operator_34,Bulk Carrier,LBR,2022
9003435,400003435,Owner_135,Operator_35,Bulk Carrier,LBR,2023
9003436,400003436,Owner_136,Operator_36,Cargo,MHL,2004
9003437,400003437,Owner_137,Operator_37,Cargo,SGP,2001
9003438,400003438,Owner_138,Operator_38,Container,SGP,1991
9003439,400003439,Owner_139,Operator_39,Cargo,MHL,1992
9003440,400003440,Owner_140,Operator_40,Bulk Carrier,IND,2010
9003441,400003441,Owner_141,Operator_41,Tanker,SGP,2007
9003442,400003442,Owner_142,Operator_42,Cargo,SGP,2022
9003443,400003443,Owner_143,Operator_43,Container,MHL,2004
9003444,400003444,Owner_144,Operator_44,Cargo,MHL,2008
9003445,400003445,Owner_145,Operator_45,Cargo,IND,1998
9003446,400003446,Owner_146,Operator_46,Cargo,PAN,1991
9003447,400003447,Owner_147,Operator_47,Fishing,SGP,2012
9003448,400003448,Owner_148,Operator_48,Bulk Carrier,PAN,2005
9003449,400003449,Owner_149,Operator_49,Cargo,MHL,2020
9003450,400003450,Owner_150,Operator_50,Bulk Carrier,SGP,2025
9003451,400003451,Owner_151,Operator_51,Container,IND,2018
9003452,400003452,Owner_152,Operator_52,Tanker,LBR,2002
9003453,400003453,Owner_153,Operator_53,Container,MHL,1990
9003454,400003454,Owner_154,Operator_54,Cargo,LBR,2007
9003455,400003455,Owner_155,Operator_55,Container,MHL,1995
9003456,400003456,Owner_156,Operator_56,Container,IND,2012
9003457,400003457,Owner_157,Operator_57,Bulk Carrier,LBR,2022
9003458,400003458,Owner_158,Operator_58,Fishing,MHL,1996
9003459,400003459,Owner_159,Operator_59,Cargo,IND,2013
9003460,400003460,Owner_160,Operator_60,Tanker,MHL,2002
9003461,400003461,Owner_161,Operator_61,Fishing,IND,2023
9003462,400003462,Owner_162,Operator_62,Bulk Carrier,LBR,2019
9003463,400003463,Owner_163,Operator_63,Cargo,MHL,2002
9003464,400003464,Owner_164,Operator_64,Container,SGP,2000
9003465,400003465,Owner_165,Operator_65,Fishing,SGP,2010
9003466,400003466,Owner_166,Operator_66,Container,MHL,2005
9003467,400003467,Owner_167,Operator_67,Container,SGP,2010
9003468,400003468,Owner_168,Operator_68,Bulk Carrier,MHL,1992
9003469,400003469,Owner_169,Operator_69,Cargo,LBR,2010
9003470,400003470,Owner_170,Operator_70,Cargo,PAN,1992
9003471,400003471,Owner_171,Operator_71,Bulk Carrier,MHL,2017
9003472,400003472,Owner_172,Operator_72,Bulk Carrier,MHL,1993
9003473,400003473,Owner_173,Operator_73,Cargo,PAN,2020
9003474,400003474,Owner_174,Operator_74,Container,MHL,2007
9003475,400003475,Owner_175,Operator_75,Fishing,LBR,2020
9003476,400003476,Owner_176,Operator_76,Container,MHL,2025
9003477,400003477,Owner_177,Operator_77,Tanker,PAN,1992
9003478,400003478,Owner_178,Operator_78,Bulk Carrier,MHL,1990
9003479,400003479,Owner_179,Operator_79,Bulk Carrier,SGP,2022
9003480,400003480,Owner_180,Operator_80,Fishing,IND,2009
9003481,400003481,Owner_181,Operator_81,Fishing,LBR,2023
9003482,400003482,Owner_182,Operator_82,Tanker,MHL,2011
9003483,400003483,Owner_183,Operator_83,Fishing,LBR,2003
9003484,400003484,Owner_184,Operator_84,Container,IND,2015
9003485,400003485,Owner_185,Operator_85,Tanker,IND,2025
9003486,400003486,Owner_186,Operator_86,Container,SGP,2024
9003487,400003487,Owner_187,Operator_87,Cargo,IND,2004
9003488,400003488,Owner_188,Operator_88,Bulk Carrier,SGP,1990
9003489,400003489,Owner_189,Operator_89,Cargo,LBR,2023
9003490,400003490,Owner_190,Operator_90,Tanker,MHL,2000
9003491,400003491,Owner_191,Operator_91,Cargo,PAN,1993
9003492,400003492,Owner_192,Operator_92,Container,IND,2007
9003493,400003493,Owner_193,Operator_93,Tanker,MHL,2017
9003494,400003494,Owner_194,Operator_94,Cargo,PAN,2016
9003495,400003495,Owner_195,Operator_95,Fishing,SGP,2002
9003496,400003496,Owner_196,Operator_96,Container,IND,2007
9003497,400003497,Owner_197,Operator_97,Cargo,SGP,2012
9003498,400003498,Owner_198,Operator_98,Bulk Carrier,IND,2002
9003499,400003499,Owner_199,Operator_99,Cargo,PAN,2022
9003500,400003500,Owner_200,Operator_100,Tanker,IND,2004
9003501,400003501,Owner_201,Operator_101,Container,LBR,2020
9003502,400003502,Owner_202,Operator_102,Fishing,MHL,2015
9003503,400003503,Owner_203,Operator_103,Fishing,PAN,2000
9003504,400003504,Owner_204,Operator_104,Bulk Carrier,PAN,1997
9003505,400003505,Owner_205,Operator_105,Fishing,SGP,1992
9003506,400003506,Owner_206,Operator_106,Fishing,SGP,2018
9003507,400003507,Owner_207,Operator_107,Bulk Carrier,IND,1990
9003508,400003508,Owner_208,Operator_108,Container,IND,2004
9003509,400003509,Owner_209,Operator_109,Tanker,SGP,2013
9003510,400003510,Owner_210,Operator_110,Tanker,SGP,1994
9003511,400003511,Owner_211,Operator_111,Tanker,IND,1997
9003512,400003512,Owner_212,Operator_112,Container,PAN,1991
9003513,400003513,Owner_213,Operator_113,Cargo,MHL,2002
9003514,400003514,Owner_214,Operator_114,Bulk Carrier,LBR,1996
9003515,400003515,Owner_215,Operator_115,Bulk Carrier,IND,1991
9003516,400003516,Owner_216,Operator_116,Fishing,PAN,2010
9003517,400003517,Owner_217,Operator_117,Fishing,MHL,1993
9003518,400003518,Owner_218,Operator_118,Bulk Carrier,IND,2010
9003519,400003519,Owner_219,Operator_119,Tanker,PAN,1998
9003520,400003520,Owner_220,Operator_120,Tanker,PAN,1991
9003521,400003521,Owner_221,Operator_121,Bulk Carrier,IND,1992
9003522,400003522,Owner_222,Operator_122,Cargo,IND,2019
9003523,400003523,Owner_223,Operator_123,Bulk Carrier,LBR,2024
9003524,400003524,Owner_224,Operator_124,Container,PAN,2024
9003525,400003525,Owner_225,Operator_125,Bulk Carrier,MHL,2003
9003526,400003526,Owner_226,Operator_126,Fishing,PAN,2001
9003527,400003527,Owner_227,Operator_127,Fishing,SGP,2010
9003528,400003528,Owner_228,Operator_128,Tanker,SGP,1992
9003529,400003529,Owner_229,Operator_129,Bulk Carrier,LBR,1999
9003530,400003530,Owner_230,Operator_130,Bulk Carrier,SGP,1996
9003531,400003531,Owner_231,Operator_131,Fishing,PAN,2016
9003532,400003532,Owner_232,Operator_132,Container,IND,2000
9003533,400003533,Owner_233,Operator_133,Fishing,LBR,1994
9003534,400003534,Owner_234,Operator_134,Container,PAN,2001
9003535,400003535,Owner_235,Operator_135,Bulk Carrier,IND,1998
9003536,400003536,Owner_236,Operator_136,Bulk Carrier,LBR,2020
9003537,400003537,Owner_237,Operator_137,Tanker,PAN,1996
9003538,400003538,Owner_238,Operator_138,Fishing,MHL,2023
9003539,400003539,Owner_239,Operator_139,Container,PAN,2017
9003540,400003540,Owner_240,Operator_140,Container,SGP,2016
9003541,400003541,Owner_241,Operator_141,Fishing,IND,2004
9003542,400003542,Owner_242,Operator_142,Fishing,MHL,2012
9003543,400003543,Owner_243,Operator_143,Bulk Carrier,IND,2021
9003544,400003544,Owner_244,Operator_144,Cargo,SGP,2001
9003545,400003545,Owner_245,Operator_145,Fishing,IND,2021
9003546,400003546,Owner_246,Operator_146,Cargo,LBR,1992
9003547,400003547,Owner_247,Operator_147,Tanker,IND,2024
9003548,400003548,Owner_248,Operator_148,Fishing,LBR,2003
9003549,400003549,Owner_249,Operator_149,Fishing,LBR,2022
9003550,400003550,Owner_250,Operator_150,Container,SGP,2008
9003551,400003551,Owner_251,Operator_151,Container,PAN,2006
9003552,400003552,Owner_252,Operator_152,Container,IND,2025
9003553,400003553,Owner_253,Operator_153,Fishing,PAN,2025
9003554,400003554,Owner_254,Operator_154,Container,IND,2025
9003555,400003555,Owner_255,Operator_155,Bulk Carrier,LBR,2013
9003556,400003556,Owner_256,Operator_156,Tanker,IND,2012
9003557,400003557,Owner_257,Operator_157,Bulk Carrier,MHL,2002
9003558,400003558,Owner_258,Operator_158,Fishing,SGP,2006
9003559,400003559,Owner_259,Operator_159,Container,LBR,2000
9003560,400003560,Owner_260,Operator_160,Tanker,MHL,1990
9003561,400003561,Owner_261,Operator_161,Bulk Carrier,MHL,1995
9003562,400003562,Owner_262,Operator_162,Cargo,LBR,2003
9003563,400003563,Owner_263,Operator_163,Container,PAN,2010
9003564,400003564,Owner_264,Operator_164,Bulk Carrier,SGP,2007
9003565,400003565,Owner_265,Operator_165,Bulk Carrier,PAN,1997
9003566,400003566,Owner_266,Operator_166,Tanker,LBR,1990
9003567,400003567,Owner_267,Operator_167,Fishing,MHL,2019
9003568,400003568,Owner_268,Operator_168,Bulk Carrier,IND,2007
9003569,400003569,Owner_269,Operator_169,Tanker,MHL,1999
9003570,400003570,Owner_270,Operator_170,Container,LBR,2008
9003571,400003571,Owner_271,Operator_171,Tanker,IND,2018
9003572,400003572,Owner_272,Operator_172,Cargo,IND,2007
9003573,400003573,Owner_273,Operator_173,Fishing,LBR,1995
9003574,400003574,Owner_274,Operator_174,Bulk Carrier,IND,2011
9003575,400003575,Owner_275,Operator_175,Bulk Carrier,LBR,2020
9003576,400003576,Owner_276,Operator_176,Bulk Carrier,SGP,2019
9003577,400003577,Owner_277,Operator_177,Bulk Carrier,IND,2019
9003578,400003578,Owner_278,Operator_178,Tanker,SGP,2016
9003579,400003579,Owner_279,Operator_179,Fishing,PAN,1992
9003580,400003580,Owner_280,Operator_180,Fishing,IND,2008
9003581,400003581,Owner_281,Operator_181,Cargo,SGP,2023
9003582,400003582,Owner_282,Operator_182,Tanker,IND,2020
9003583,400003583,Owner_283,Operator_183,Cargo,SGP,2006
9003584,400003584,Owner_284,Operator_184,Cargo,LBR,2006
9003585,400003585,Owner_285,Operator_185,Fishing,PAN,2004
9003586,400003586,Owner_286,Operator_186,Bulk Carrier,MHL,2019
9003587,400003587,Owner_287,Operator_187,Bulk Carrier,MHL,2022
9003588,400003588,Owner_288,Operator_188,Bulk Carrier,SGP,1990
9003589,400003589,Owner_289,Operator_189,Bulk Carrier,SGP,2018
9003590,400003590,Owner_290,Operator_190,Bulk Carrier,LBR,1990
9003591,400003591,Owner_291,Operator_191,Bulk Carrier,MHL,2019
9003592,400003592,Owner_292,Operator_192,Bulk Carrier,PAN,2010
9003593,400003593,Owner_293,Operator_193,Fishing,IND,2015
9003594,400003594,Owner_294,Operator_194,Tanker,IND,1995
9003595,400003595,Owner_295,Operator_195,Tanker,MHL,1998
9003596,400003596,Owner_296,Operator_196,Container,LBR,2014
9003597,400003597,Owner_297,Operator_197,Fishing,PAN,2024
9003598,400003598,Owner_298,Operator_198,Fishing,IND,2005
9003599,400003599,Owner_299,Operator_199,Cargo,IND,2004
9003600,400003600,Owner_0,Operator_0,Cargo,SGP,2014
9003601,400003601,Owner_1,Operator_1,Cargo,IND,2001
9003602,400003602,Owner_2,Operator_2,Container,LBR,2018
9003603,400003603,Owner_3,Operator_3,Bulk Carrier,IND,2020
9003604,400003604,Owner_4,Operator_4,Bulk Carrier,SGP,2004
9003605,400003605,Owner_5,Operator_5,Container,LBR,2000
9003606,400003606,Owner_6,Operator_6,Fishing,SGP,1997
9003607,400003607,Owner_7,Operator_7,Container,LBR,2015
9003608,400003608,Owner_8,Operator_8,Bulk Carrier,PAN,1995
9003609,400003609,Owner_9,Operator_9,Tanker,LBR,1992
9003610,400003610,Owner_10,Operator_10,Container,SGP,2022
9003611,400003611,Owner_11,Operator_11,Bulk Carrier,IND,2010
9003612,400003612,Owner_12,Operator_12,Tanker,PAN,2017
9003613,400003613,Owner_13,Operator_13,Tanker,IND,2000
9003614,400003614,Owner_14,Operator_14,Container,PAN,2001
9003615,400003615,Owner_15,Operator_15,Bulk Carrier,IND,1990
9003616,400003616,Owner_16,Operator_16,Fishing,SGP,2019
9003617,400003617,Owner_17,Operator_17,Bulk Carrier,SGP,2015
9003618,400003618,Owner_18,Operator_18,Bulk Carrier,SGP,1996
9003619,400003619,Owner_19,Operator_19,Tanker,MHL,1990
9003620,400003620,Owner_20,Operator_20,Cargo,MHL,2009
9003621,400003621,Owner_21,Operator_21,Fishing,MHL,2001
9003622,400003622,Owner_22,Operator_22,Container,MHL,2005
9003623,400003623,Owner_23,Operator_23,Tanker,SGP,2006
9003624,400003624,Owner_24,Operator_24,Bulk Carrier,LBR,1998
9003625,400003625,Owner_25,Operator_25,Fishing,PAN,1991
9003626,400003626,Owner_26,Operator_26,Fishing,SGP,2003
9003627,400003627,Owner_27,Operator_27,Container,IND,2016
9003628,400003628,Owner_28,Operator_28,Fishing,IND,1992
9003629,400003629,Owner_29,Operator_29,Bulk Carrier,LBR,2010
9003630,400003630,Owner_30,Operator_30,Fishing,LBR,2015
9003631,400003631,Owner_31,Operator_31,Container,MHL,2008
9003632,400003632,Owner_32,Operator_32,Cargo,SGP,1998
9003633,400003633,Owner_33,Operator_33,Container,PAN,1997
9003634,400003634,Owner_34,Operator_34,Cargo,PAN,2003
9003635,400003635,Owner_35,Operator_35,Cargo,PAN,1993
9003636,400003636,Owner_36,Operator_36,Fishing,LBR,2011
9003637,400003637,Owner_37,Operator_37,Tanker,LBR,1990
9003638,400003638,Owner_38,Operator_38,Cargo,PAN,2022
9003639,400003639,Owner_39,Operator_39,Container,LBR,2000
9003640,400003640,Owner_40,Operator_40,Tanker,LBR,2010
9003641,400003641,Owner_41,Operator_41,Cargo,PAN,2018
9003642,400003642,Owner_42,Operator_42,Cargo,MHL,1993
9003643,400003643,Owner_43,Operator_43,Tanker,PAN,2001
9003644,400003644,Owner_44,Operator_44,Bulk Carrier,IND,2011
9003645,400003645,Owner_45,Operator_45,Container,SGP,2016
9003646,400003646,Owner_46,Operator_46,Fishing,MHL,2000
9003647,400003647,Owner_47,Operator_47,Cargo,IND,1990
9003648,400003648,Owner_48,Operator_48,Container,SGP,2025
9003649,400003649,Owner_49,Operator_49,Cargo,IND,2009
9003650,400003650,Owner_50,Operator_50,Tanker,IND,2020
9003651,400003651,Owner_51,Operator_51,Cargo,LBR,2021
9003652,400003652,Owner_52,Operator_52,Bulk Carrier,MHL,1994
9003653,400003653,Owner_53,Operator_53,Bulk Carrier,IND,2014
9003654,400003654,Owner_54,Operator_54,Cargo,LBR,2005
9003655,400003655,Owner_55,Operator_55,Tanker,LBR,2015
9003656,400003656,Owner_56,Operator_56,Cargo,IND,2009
9003657,400003657,Owner_57,Operator_57,Container,MHL,1998
9003658,400003658,Owner_58,Operator_58,Fishing,LBR,1991
9003659,400003659,Owner_59,Operator_59,Fishing,MHL,2011
9003660,400003660,Owner_60,Operator_60,Container,IND,2004
9003661,400003661,Owner_61,Operator_61,Fishing,SGP,1997
9003662,400003662,Owner_62,Operator_62,Tanker,LBR,2024
9003663,400003663,Owner_63,Operator_63,Tanker,LBR,2018
9003664,400003664,Owner_64,Operator_64,Fishing,PAN,2005
9003665,400003665,Owner_65,Operator_65,Bulk Carrier,IND,2004
9003666,400003666,Owner_66,Operator_66,Fishing,PAN,2014
9003667,400003667,Owner_67,Operator_67,Container,IND,2019
9003668,400003668,Owner_68,Operator_68,Bulk Carrier,PAN,1994
9003669,400003669,Owner_69,Operator_69,Tanker,PAN,2003
9003670,400003670,Owner_70,Operator_70,Tanker,MHL,1991
9003671,400003671,Owner_71,Operator_71,Cargo,IND,2008
9003672,400003672,Owner_72,Operator_72,Tanker,SGP,2005
9003673,400003673,Owner_73,Operator_73,Tanker,IND,2014
9003674,400003674,Owner_74,Operator_74,Cargo,LBR,2018
9003675,400003675,Owner_75,Operator_75,Fishing,MHL,1994
9003676,400003676,Owner_76,Operator_76,Fishing,LBR,2009
9003677,400003677,Owner_77,Operator_77,Fishing,LBR,2003
9003678,400003678,Owner_78,Operator_78,Bulk Carrier,IND,1996
9003679,400003679,Owner_79,Operator_79,Container,SGP,1999
9003680,400003680,Owner_80,Operator_80,Fishing,LBR,1996
9003681,400003681,Owner_81,Operator_81,Cargo,MHL,2019
9003682,400003682,Owner_82,Operator_82,Cargo,PAN,1996
9003683,400003683,Owner_83,Operator_83,Container,LBR,2010
9003684,400003684,Owner_84,Operator_84,Tanker,MHL,2015
9003685,400003685,Owner_85,Operator_85,Cargo,PAN,2009
9003686,400003686,Owner_86,Operator_86,Cargo,IND,2019
9003687,400003687,Owner_87,Operator_87,Tanker,LBR,2018
9003688,400003688,Owner_88,Operator_88,Cargo,PAN,2007
9003689,400003689,Owner_89,Operator_89,Container,MHL,2002
9003690,400003690,Owner_90,Operator_90,Tanker,PAN,2021
9003691,400003691,Owner_91,Operator_91,Tanker,LBR,2009
9003692,400003692,Owner_92,Operator_92,Tanker,LBR,2018
9003693,400003693,Owner_93,Operator_93,Fishing,SGP,2007
9003694,400003694,Owner_94,Operator_94,Cargo,PAN,2017
9003695,400003695,Owner_95,Operator_95,Container,IND,2024
9003696,400003696,Owner_96,Operator_96,Cargo,PAN,1991
9003697,400003697,Owner_97,Operator_97,Fishing,MHL,2000
9003698,400003698,Owner_98,Operator_98,Cargo,SGP,2012
9003699,400003699,Owner_99,Operator_99,Container,MHL,2018
9003700,400003700,Owner_100,Operator_100,Tanker,IND,2000
9003701,400003701,Owner_101,Operator_101,Fishing,PAN,1993
9003702,400003702,Owner_102,Operator_102,Bulk Carrier,PAN,2023
9003703,400003703,Owner_103,Operator_103,Container,IND,2021
9003704,400003704,Owner_104,Operator_104,Fishing,IND,2001
9003705,400003705,Owner_105,Operator_105,Bulk Carrier,SGP,2004
9003706,400003706,Owner_106,Operator_106,Cargo,PAN,1992
9003707,400003707,Owner_107,Operator_107,Cargo,IND,2023
9003708,400003708,Owner_108,Operator_108,Tanker,LBR,2023
9003709,400003709,Owner_109,Operator_109,Fishing,PAN,1992
9003710,400003710,Owner_110,Operator_110,Cargo,IND,1996
9003711,400003711,Owner_111,Operator_111,Bulk Carrier,MHL,2003
9003712,400003712,Owner_112,Operator_112,Cargo,LBR,1997
9003713,400003713,Owner_113,Operator_113,Bulk Carrier,PAN,2015
9003714,400003714,Owner_114,Operator_114,Container,LBR,2009
9003715,400003715,Owner_115,Operator_115,Fishing,LBR,1990
9003716,400003716,Owner_116,Operator_116,Tanker,MHL,2024
9003717,400003717,Owner_117,Operator_117,Bulk Carrier,IND,2015
9003718,400003718,Owner_118,Operator_118,Bulk Carrier,PAN,2024
9003719,400003719,Owner_119,Operator_119,Tanker,SGP,2019
9003720,400003720,Owner_120,Operator_120,Cargo,MHL,1999
9003721,400003721,Owner_121,Operator_121,Cargo,IND,2022
9003722,400003722,Owner_122,Operator_122,Cargo,LBR,2004
9003723,400003723,Owner_123,Operator_123,Tanker,LBR,1994
9003724,400003724,Owner_124,Operator_124,Bulk Carrier,SGP,2005
9003725,400003725,Owner_125,Operator_125,Fishing,LBR,1999
9003726,400003726,Owner_126,Operator_126,Bulk Carrier,MHL,1992
9003727,400003727,Owner_127,Operator_127,Cargo,IND,1998
9003728,400003728,Owner_128,Operator_128,Bulk Carrier,PAN,1999
9003729,400003729,Owner_129,Operator_129,Bulk Carrier,SGP,1993
9003730,400003730,Owner_130,Operator_130,Cargo,IND,1991
9003731,400003731,Owner_131,Operator_131,Bulk Carrier,SGP,2003
9003732,400003732,Owner_132,Operator_132,Bulk Carrier,MHL,2013
9003733,400003733,Owner_133,Operator_133,Bulk Carrier,LBR,2007
9003734,400003734,Owner_134,Operator_134,Bulk Carrier,PAN,2011
9003735,400003735,Owner_135,Operator_135,Cargo,IND,1992
9003736,400003736,Owner_136,Operator_136,Cargo,PAN,2020
9003737,400003737,Owner_137,Operator_137,Cargo,LBR,2009
9003738,400003738,Owner_138,Operator_138,Cargo,MHL,1991
9003739,400003739,Owner_139,Operator_139,Container,LBR,1997
9003740,400003740,Owner_140,Operator_140,Tanker,PAN,1993
9003741,400003741,Owner_141,Operator_141,Tanker,SGP,2010
9003742,400003742,Owner_142,Operator_142,Container,IND,1994
9003743,400003743,Owner_143,Operator_143,Tanker,MHL,2019
9003744,400003744,Owner_144,Operator_144,Tanker,IND,2014
9003745,400003745,Owner_145,Operator_145,Bulk Carrier,PAN,2022
9003746,400003746,Owner_146,Operator_146,Container,LBR,1999
9003747,400003747,Owner_147,Operator_147,Cargo,IND,2023
9003748,400003748,Owner_148,Operator_148,Cargo,LBR,1991
9003749,400003749,Owner_149,Operator_149,Bulk Carrier,MHL,2004
9003750,400003750,Owner_150,Operator_150,Bulk Carrier,LBR,2023
9003751,400003751,Owner_151,Operator_151,Fishing,MHL,2010
9003752,400003752,Owner_152,Operator_152,Cargo,MHL,2005
9003753,400003753,Owner_153,Operator_153,Fishing,IND,2005
9003754,400003754,Owner_154,Operator_154,Fishing,SGP,2002
9003755,400003755,Owner_155,Operator_155,Fishing,PAN,2013
9003756,400003756,Owner_156,Operator_156,Fishing,LBR,2017
9003757,400003757,Owner_157,Operator_157,Fishing,PAN,2010
9003758,400003758,Owner_158,Operator_158,Tanker,MHL,2004
9003759,400003759,Owner_159,Operator_159,Bulk Carrier,MHL,2004
9003760,400003760,Owner_160,Operator_160,Bulk Carrier,MHL,2001
9003761,400003761,Owner_161,Operator_161,Container,IND,1991
9003762,400003762,Owner_162,Operator_162,Tanker,MHL,2015
9003763,400003763,Owner_163,Operator_163,Tanker,IND,2006
9003764,400003764,Owner_164,Operator_164,Container,SGP,2014
9003765,400003765,Owner_165,Operator_165,Container,IND,2011
9003766,400003766,Owner_166,Operator_166,Container,MHL,2012
9003767,400003767,Owner_167,Operator_167,Fishing,LBR,2009
9003768,400003768,Owner_168,Operator_168,Cargo,PAN,2016
9003769,400003769,Owner_169,Operator_169,Cargo,LBR,2020
9003770,400003770,Owner_170,Operator_170,Fishing,MHL,2011
9003771,400003771,Owner_171,Operator_171,Tanker,SGP,2018
9003772,400003772,Owner_172,Operator_172,Container,LBR,2022
9003773,400003773,Owner_173,Operator_173,Container,PAN,2012
9003774,400003774,Owner_174,Operator_174,Container,SGP,2021
9003775,400003775,Owner_175,Operator_175,Tanker,PAN,1998
9003776,400003776,Owner_176,Operator_176,Fishing,MHL,2023
9003777,400003777,Owner_177,Operator_177,Tanker,IND,2017
9003778,400003778,Owner_178,Operator_178,Cargo,LBR,2007
9003779,400003779,Owner_179,Operator_179,Container,MHL,2009
9003780,400003780,Owner_180,Operator_180,Bulk Carrier,MHL,1994
9003781,400003781,Owner_181,Operator_181,Fishing,LBR,1992
9003782,400003782,Owner_182,Operator_182,Fishing,SGP,2014
9003783,400003783,Owner_183,Operator_183,Container,IND,2021
9003784,400003784,Owner_184,Operator_184,Container,LBR,2019
9003785,400003785,Owner_185,Operator_185,Tanker,LBR,2001
9003786,400003786,Owner_186,Operator_186,Fishing,MHL,1996
9003787,400003787,Owner_187,Operator_187,Fishing,IND,1991
9003788,400003788,Owner_188,Operator_188,Bulk Carrier,PAN,2021
9003789,400003789,Owner_189,Operator_189,Bulk Carrier,PAN,2022
9003790,400003790,Owner_190,Operator_190,Container,IND,2002
9003791,400003791,Owner_191,Operator_191,Fishing,SGP,1997
9003792,400003792,Owner_192,Operator_192,Tanker,PAN,2019
9003793,400003793,Owner_193,Operator_193,Cargo,LBR,2013
9003794,400003794,Owner_194,Operator_194,Tanker,SGP,1996
9003795,400003795,Owner_195,Operator_195,Fishing,MHL,2019
9003796,400003796,Owner_196,Operator_196,Fishing,PAN,1993
9003797,400003797,Owner_197,Operator_197,Cargo,MHL,2018
9003798,400003798,Owner_198,Operator_198,Cargo,PAN,2006
9003799,400003799,Owner_199,Operator_199,Tanker,SGP,2022
9003800,400003800,Owner_200,Operator_0,Tanker,MHL,2016
9003801,400003801,Owner_201,Operator_1,Tanker,PAN,2006
9003802,400003802,Owner_202,Operator_2,Container,PAN,1999
9003803,400003803,Owner_203,Operator_3,Bulk Carrier,LBR,1997
9003804,400003804,Owner_204,Operator_4,Fishing,MHL,1990
9003805,400003805,Owner_205,Operator_5,Bulk Carrier,IND,2015
9003806,400003806,Owner_206,Operator_6,Tanker,MHL,2016
9003807,400003807,Owner_207,Operator_7,Container,LBR,2016
9003808,400003808,Owner_208,Operator_8,Container,LBR,1997
9003809,400003809,Owner_209,Operator_9,Container,PAN,1998
9003810,400003810,Owner_210,Operator_10,Fishing,LBR,2003
9003811,400003811,Owner_211,Operator_11,Tanker,MHL,2020
9003812,400003812,Owner_212,Operator_12,Cargo,IND,1990
9003813,400003813,Owner_213,Operator_13,Bulk Carrier,SGP,1997
9003814,400003814,Owner_214,Operator_14,Cargo,SGP,2005
9003815,400003815,Owner_215,Operator_15,Cargo,MHL,2024
9003816,400003816,Owner_216,Operator_16,Container,IND,2007
9003817,400003817,Owner_217,Operator_17,Bulk Carrier,PAN,1995
9003818,400003818,Owner_218,Operator_18,Fishing,SGP,1991
9003819,400003819,Owner_219,Operator_19,Bulk Carrier,SGP,2011
9003820,400003820,Owner_220,Operator_20,Bulk Carrier,LBR,2001
9003821,400003821,Owner_221,Operator_21,Fishing,IND,1995
9003822,400003822,Owner_222,Operator_22,Container,LBR,2006
9003823,400003823,Owner_223,Operator_23,Fishing,LBR,1992
9003824,400003824,Owner_224,Operator_24,Bulk Carrier,IND,2000
9003825,400003825,Owner_225,Operator_25,Bulk Carrier,IND,2014
9003826,400003826,Owner_226,Operator_26,Bulk Carrier,SGP,1991
9003827,400003827,Owner_227,Operator_27,Container,IND,1992
9003828,400003828,Owner_228,Operator_28,Bulk Carrier,PAN,2007
9003829,400003829,Owner_229,Operator_29,Bulk Carrier,LBR,2001
9003830,400003830,Owner_230,Operator_30,Container,MHL,2023
9003831,400003831,Owner_231,Operator_31,Fishing,SGP,1993
9003832,400003832,Owner_232,Operator_32,Container,LBR,1997
9003833,400003833,Owner_233,Operator_33,Container,IND,2013
9003834,400003834,Owner_234,Operator_34,Container,LBR,2010
9003835,400003835,Owner_235,Operator_35,Fishing,MHL,2021
9003836,400003836,Owner_236,Operator_36,Cargo,IND,2008
9003837,400003837,Owner_237,Operator_37,Bulk Carrier,MHL,2013
9003838,400003838,Owner_238,Operator_38,Cargo,LBR,2024
9003839,400003839,Owner_239,Operator_39,Tanker,IND,2014
9003840,400003840,Owner_240,Operator_40,Cargo,SGP,1999
9003841,400003841,Owner_241,Operator_41,Cargo,PAN,1999
9003842,400003842,Owner_242,Operator_42,Bulk Carrier,IND,2024
9003843,400003843,Owner_243,Operator_43,Cargo,SGP,1993
9003844,400003844,Owner_244,Operator_44,Fishing,IND,2017
9003845,400003845,Owner_245,Operator_45,Container,MHL,2021
9003846,400003846,Owner_246,Operator_46,Container,MHL,2003
9003847,400003847,Owner_247,Operator_47,Cargo,IND,1998
9003848,400003848,Owner_248,Operator_48,Bulk Carrier,LBR,2019
9003849,400003849,Owner_249,Operator_49,Tanker,IND,2010
9003850,400003850,Owner_250,Operator_50,Container,SGP,1995
9003851,400003851,Owner_251,Operator_51,Tanker,LBR,2000
9003852,400003852,Owner_252,Operator_52,Bulk Carrier,LBR,2002
9003853,400003853,Owner_253,Operator_53,Fishing,IND,2024
9003854,400003854,Owner_254,Operator_54,Container,IND,2018
9003855,400003855,Owner_255,Operator_55,Bulk Carrier,SGP,2004
9003856,400003856,Owner_256,Operator_56,Container,PAN,2014
9003857,400003857,Owner_257,Operator_57,Bulk Carrier,LBR,2025
9003858,400003858,Owner_258,Operator_58,Tanker,SGP,1997
9003859,400003859,Owner_259,Operator_59,Container,PAN,2007
9003860,400003860,Owner_260,Operator_60,Fishing,LBR,2012
9003861,400003861,Owner_261,Operator_61,Bulk Carrier,LBR,2023
9003862,400003862,Owner_262,Operator_62,Cargo,LBR,2007
9003863,400003863,Owner_263,Operator_63,Cargo,MHL,2009
9003864,400003864,Owner_264,Operator_64,Container,IND,1990
9003865,400003865,Owner_265,Operator_65,Cargo,MHL,1994
9003866,400003866,Owner_266,Operator_66,Fishing,IND,2017
9003867,400003867,Owner_267,Operator_67,Container,LBR,2018
9003868,400003868,Owner_268,Operator_68,Container,PAN,2024
9003869,400003869,Owner_269,Operator_69,Bulk Carrier,LBR,2015
9003870,400003870,Owner_270,Operator_70,Container,IND,1991
9003871,400003871,Owner_271,Operator_71,Container,MHL,1991
9003872,400003872,Owner_272,Operator_72,Cargo,LBR,2017
9003873,400003873,Owner_273,Operator_73,Fishing,PAN,2001
9003874,400003874,Owner_274,Operator_74,Tanker,IND,2020
9003875,400003875,Owner_275,Operator_75,Tanker,IND,1996
9003876,400003876,Owner_276,Operator_76,Cargo,LBR,2003
9003877,400003877,Owner_277,Operator_77,Tanker,MHL,2013
9003878,400003878,Owner_278,Operator_78,Fishing,LBR,2023
9003879,400003879,Owner_279,Operator_79,Tanker,PAN,2009
9003880,400003880,Owner_280,Operator_80,Cargo,SGP,1993
9003881,400003881,Owner_281,Operator_81,Tanker,MHL,2006
9003882,400003882,Owner_282,Operator_82,Tanker,LBR,2017
9003883,400003883,Owner_283,Operator_83,Container,MHL,2004
9003884,400003884,Owner_284,Operator_84,Bulk Carrier,PAN,2006
9003885,400003885,Owner_285,Operator_85,Tanker,SGP,2011
9003886,400003886,Owner_286,Operator_86,Tanker,LBR,2013
9003887,400003887,Owner_287,Operator_87,Tanker,MHL,1995
9003888,400003888,Owner_288,Operator_88,Cargo,MHL,2010
9003889,400003889,Owner_289,Operator_89,Container,LBR,2014
9003890,400003890,Owner_290,Operator_90,Cargo,SGP,2004
9003891,400003891,Owner_291,Operator_91,Bulk Carrier,IND,2000
9003892,400003892,Owner_292,Operator_92,Cargo,MHL,2011
9003893,400003893,Owner_293,Operator_93,Bulk Carrier,IND,2009
9003894,400003894,Owner_294,Operator_94,Tanker,SGP,1993
9003895,400003895,Owner_295,Operator_95,Tanker,LBR,2002
9003896,400003896,Owner_296,Operator_96,Tanker,IND,2019
9003897,400003897,Owner_297,Operator_97,Tanker,SGP,1995
9003898,400003898,Owner_298,Operator_98,Fishing,MHL,2024
9003899,400003899,Owner_299,Operator_99,Bulk Carrier,MHL,2020
9003900,400003900,Owner_0,Operator_100,Container,MHL,2021
9003901,400003901,Owner_1,Operator_101,Container,IND,2004
9003902,400003902,Owner_2,Operator_102,Fishing,PAN,2023
9003903,400003903,Owner_3,Operator_103,Tanker,MHL,2006
9003904,400003904,Owner_4,Operator_104,Container,PAN,2006
9003905,400003905,Owner_5,Operator_105,Container,PAN,2016
9003906,400003906,Owner_6,Operator_106,Container,MHL,2008
9003907,400003907,Owner_7,Operator_107,Container,IND,2019
9003908,400003908,Owner_8,Operator_108,Fishing,IND,2021
9003909,400003909,Owner_9,Operator_109,Bulk Carrier,PAN,1997
9003910,400003910,Owner_10,Operator_110,Cargo,IND,2015
9003911,400003911,Owner_11,Operator_111,Container,MHL,2005
9003912,400003912,Owner_12,Operator_112,Bulk Carrier,PAN,2023
9003913,400003913,Owner_13,Operator_113,Tanker,IND,1996
9003914,400003914,Owner_14,Operator_114,Tanker,SGP,1990
9003915,400003915,Owner_15,Operator_115,Fishing,PAN,1990
9003916,400003916,Owner_16,Operator_116,Container,SGP,2005
9003917,400003917,Owner_17,Operator_117,Fishing,LBR,2001
9003918,400003918,Owner_18,Operator_118,Container,IND,2021
9003919,400003919,Owner_19,Operator_119,Bulk Carrier,PAN,2011
9003920,400003920,Owner_20,Operator_120,Tanker,PAN,1996
9003921,400003921,Owner_21,Operator_121,Cargo,LBR,1990
9003922,400003922,Owner_22,Operator_122,Tanker,IND,2025
9003923,400003923,Owner_23,Operator_123,Container,IND,2018
9003924,400003924,Owner_24,Operator_124,Tanker,MHL,2010
9003925,400003925,Owner_25,Operator_125,Fishing,MHL,2021
9003926,400003926,Owner_26,Operator_126,Bulk Carrier,LBR,2010
9003927,400003927,Owner_27,Operator_127,Tanker,IND,2000
9003928,400003928,Owner_28,Operator_128,Fishing,PAN,1998
9003929,400003929,Owner_29,Operator_129,Bulk Carrier,SGP,2025
9003930,400003930,Owner_30,Operator_130,Cargo,SGP,2023
9003931,400003931,Owner_31,Operator_131,Fishing,MHL,2025
9003932,400003932,Owner_32,Operator_132,Cargo,IND,2001
9003933,400003933,Owner_33,Operator_133,Cargo,SGP,1995
9003934,400003934,Owner_34,Operator_134,Fishing,PAN,2023
9003935,400003935,Owner_35,Operator_135,Fishing,PAN,2017
9003936,400003936,Owner_36,Operator_136,Container,PAN,2017
9003937,400003937,Owner_37,Operator_137,Bulk Carrier,PAN,2024
9003938,400003938,Owner_38,Operator_138,Tanker,MHL,2009
9003939,400003939,Owner_39,Operator_139,Cargo,LBR,2009
9003940,400003940,Owner_40,Operator_140,Fishing,IND,1991
9003941,400003941,Owner_41,Operator_141,Fishing,PAN,2005
9003942,400003942,Owner_42,Operator_142,Bulk Carrier,MHL,2010
9003943,400003943,Owner_43,Operator_143,Tanker,IND,2010
9003944,400003944,Owner_44,Operator_144,Bulk Carrier,MHL,1996
9003945,400003945,Owner_45,Operator_145,Fishing,LBR,2010
9003946,400003946,Owner_46,Operator_146,Bulk Carrier,MHL,2005
9003947,400003947,Owner_47,Operator_147,Bulk Carrier,MHL,1995
9003948,400003948,Owner_48,Operator_148,Container,PAN,2014
9003949,400003949,Owner_49,Operator_149,Fishing,MHL,2022
9003950,400003950,Owner_50,Operator_150,Fishing,PAN,1997
9003951,400003951,Owner_51,Operator_151,Bulk Carrier,LBR,2006
9003952,400003952,Owner_52,Operator_152,Bulk Carrier,PAN,1995
9003953,400003953,Owner_53,Operator_153,Fishing,IND,2012
9003954,400003954,Owner_54,Operator_154,Tanker,PAN,2009
9003955,400003955,Owner_55,Operator_155,Fishing,LBR,2007
9003956,400003956,Owner_56,Operator_156,Fishing,SGP,2004
9003957,400003957,Owner_57,Operator_157,Container,LBR,2018
9003958,400003958,Owner_58,Operator_158,Cargo,LBR,2008
9003959,400003959,Owner_59,Operator_159,Tanker,LBR,1991
9003960,400003960,Owner_60,Operator_160,Tanker,MHL,2022
9003961,400003961,Owner_61,Operator_161,Cargo,IND,2021
9003962,400003962,Owner_62,Operator_162,Fishing,IND,2006
9003963,400003963,Owner_63,Operator_163,Bulk Carrier,LBR,2002
9003964,400003964,Owner_64,Operator_164,Cargo,LBR,2007
9003965,400003965,Owner_65,Operator_165,Container,IND,1994
9003966,400003966,Owner_66,Operator_166,Bulk Carrier,MHL,2011
9003967,400003967,Owner_67,Operator_167,Cargo,MHL,2023
9003968,400003968,Owner_68,Operator_168,Tanker,MHL,1996
9003969,400003969,Owner_69,Operator_169,Cargo,LBR,2007
9003970,400003970,Owner_70,Operator_170,Cargo,PAN,2006
9003971,400003971,Owner_71,Operator_171,Bulk Carrier,SGP,2017
9003972,400003972,Owner_72,Operator_172,Fishing,LBR,2019
9003973,400003973,Owner_73,Operator_173,Container,LBR,2004
9003974,400003974,Owner_74,Operator_174,Bulk Carrier,LBR,2024
9003975,400003975,Owner_75,Operator_175,Bulk Carrier,MHL,2025
9003976,400003976,Owner_76,Operator_176,Container,IND,2014
9003977,400003977,Owner_77,Operator_177,Bulk Carrier,PAN,1998
9003978,400003978,Owner_78,Operator_178,Bulk Carrier,SGP,2019
9003979,400003979,Owner_79,Operator_179,Tanker,LBR,2007
9003980,400003980,Owner_80,Operator_180,Cargo,LBR,1998
9003981,400003981,Owner_81,Operator_181,Fishing,LBR,2010
9003982,400003982,Owner_82,Operator_182,Container,SGP,1993
9003983,400003983,Owner_83,Operator_183,Container,IND,1999
9003984,400003984,Owner_84,Operator_184,Fishing,IND,2002
9003985,400003985,Owner_85,Operator_185,Fishing,IND,2003
9003986,400003986,Owner_86,Operator_186,Fishing,PAN,2021
9003987,400003987,Owner_87,Operator_187,Bulk Carrier,LBR,2006
9003988,400003988,Owner_88,Operator_188,Cargo,SGP,2023
9003989,400003989,Owner_89,Operator_189,Cargo,SGP,1991
9003990,400003990,Owner_90,Operator_190,Container,IND,2021
9003991,400003991,Owner_91,Operator_191,Cargo,PAN,2001
9003992,400003992,Owner_92,Operator_192,Tanker,LBR,1997
9003993,400003993,Owner_93,Operator_193,Fishing,PAN,2008
9003994,400003994,Owner_94,Operator_194,Fishing,PAN,1999
9003995,400003995,Owner_95,Operator_195,Tanker,IND,2002
9003996,400003996,Owner_96,Operator_196,Bulk Carrier,MHL,2023
9003997,400003997,Owner_97,Operator_197,Container,PAN,2010
9003998,400003998,Owner_98,Operator_198,Tanker,MHL,1994
9003999,400003999,Owner_99,Operator_199,Cargo,IND,2024
9004000,400004000,Owner_100,Operator_0,Fishing,IND,1993
9004001,400004001,Owner_101,Operator_1,Tanker,MHL,2012
9004002,400004002,Owner_102,Operator_2,Tanker,IND,2003
9004003,400004003,Owner_103,Operator_3,Cargo,SGP,1997
9004004,400004004,Owner_104,Operator_4,Cargo,LBR,1992
9004005,400004005,Owner_105,Operator_5,Fishing,SGP,1999
9004006,400004006,Owner_106,Operator_6,Bulk Carrier,MHL,1998
9004007,400004007,Owner_107,Operator_7,Container,LBR,2020
9004008,400004008,Owner_108,Operator_8,Container,PAN,2001
9004009,400004009,Owner_109,Operator_9,Container,PAN,2003
9004010,400004010,Owner_110,Operator_10,Bulk Carrier,SGP,1990
9004011,400004011,Owner_111,Operator_11,Cargo,LBR,2005
9004012,400004012,Owner_112,Operator_12,Container,PAN,1992
9004013,400004013,Owner_113,Operator_13,Tanker,MHL,2002
9004014,400004014,Owner_114,Operator_14,Cargo,IND,2004
9004015,400004015,Owner_115,Operator_15,Tanker,PAN,1994
9004016,400004016,Owner_116,Operator_16,Cargo,MHL,1996
9004017,400004017,Owner_117,Operator_17,Bulk Carrier,PAN,2003
9004018,400004018,Owner_118,Operator_18,Cargo,PAN,1995
9004019,400004019,Owner_119,Operator_19,Fishing,MHL,1996
9004020,400004020,Owner_120,Operator_20,Tanker,MHL,2014
9004021,400004021,Owner_121,Operator_21,Bulk Carrier,MHL,2000
9004022,400004022,Owner_122,Operator_22,Bulk Carrier,PAN,2012
9004023,400004023,Owner_123,Operator_23,Container,PAN,2000
9004024,400004024,Owner_124,Operator_24,Container,PAN,2020
9004025,400004025,Owner_125,Operator_25,Cargo,PAN,2004
9004026,400004026,Owner_126,Operator_26,Fishing,LBR,1997
9004027,400004027,Owner_127,Operator_27,Tanker,SGP,2001
9004028,400004028,Owner_128,Operator_28,Tanker,SGP,2024
9004029,400004029,Owner_129,Operator_29,Tanker,MHL,2009
9004030,400004030,Owner_130,Operator_30,Container,LBR,2007
9004031,400004031,Owner_131,Operator_31,Cargo,PAN,1999
9004032,400004032,Owner_132,Operator_32,Container,PAN,2003
9004033,400004033,Owner_133,Operator_33,Bulk Carrier,LBR,2021
9004034,400004034,Owner_134,Operator_34,Cargo,PAN,2010
9004035,400004035,Owner_135,Operator_35,Fishing,IND,1997
9004036,400004036,Owner_136,Operator_36,Bulk Carrier,SGP,2007
9004037,400004037,Owner_137,Operator_37,Tanker,SGP,2008
9004038,400004038,Owner_138,Operator_38,Bulk Carrier,IND,1996
9004039,400004039,Owner_139,Operator_39,Container,LBR,2022
9004040,400004040,Owner_140,Operator_40,Tanker,LBR,2012
9004041,400004041,Owner_141,Operator_41,Bulk Carrier,IND,2003
9004042,400004042,Owner_142,Operator_42,Cargo,PAN,1996
9004043,400004043,Owner_143,Operator_43,Fishing,PAN,2010
9004044,400004044,Owner_144,Operator_44,Container,IND,1991
9004045,400004045,Owner_145,Operator_45,Cargo,LBR,2008
9004046,400004046,Owner_146,Operator_46,Tanker,SGP,1999
9004047,400004047,Owner_147,Operator_47,Bulk Carrier,LBR,2012
9004048,400004048,Owner_148,Operator_48,Fishing,IND,2001
9004049,400004049,Owner_149,Operator_49,Bulk Carrier,IND,2020
9004050,400004050,Owner_150,Operator_50,Tanker,PAN,1991
9004051,400004051,Owner_151,Operator_51,Tanker,IND,2000
9004052,400004052,Owner_152,Operator_52,Cargo,PAN,2015
9004053,400004053,Owner_153,Operator_53,Bulk Carrier,LBR,2017
9004054,400004054,Owner_154,Operator_54,Bulk Carrier,PAN,2023
9004055,400004055,Owner_155,Operator_55,Tanker,PAN,2019
9004056,400004056,Owner_156,Operator_56,Container,LBR,2003
9004057,400004057,Owner_157,Operator_57,Cargo,MHL,2005
9004058,400004058,Owner_158,Operator_58,Fishing,SGP,1994
9004059,400004059,Owner_159,Operator_59,Container,SGP,2006
9004060,400004060,Owner_160,Operator_60,Container,MHL,2023
9004061,400004061,Owner_161,Operator_61,Container,IND,1998
9004062,400004062,Owner_162,Operator_62,Fishing,PAN,1999
9004063,400004063,Owner_163,Operator_63,Bulk Carrier,PAN,2004
9004064,400004064,Owner_164,Operator_64,Cargo,IND,2023
9004065,400004065,Owner_165,Operator_65,Cargo,LBR,1996
9004066,400004066,Owner_166,Operator_66,Bulk Carrier,MHL,2000
9004067,400004067,Owner_167,Operator_67,Container,MHL,2011
9004068,400004068,Owner_168,Operator_68,Cargo,MHL,2022
9004069,400004069,Owner_169,Operator_69,Bulk Carrier,PAN,2002
9004070,400004070,Owner_170,Operator_70,Cargo,MHL,2020
9004071,400004071,Owner_171,Operator_71,Container,SGP,1992
9004072,400004072,Owner_172,Operator_72,Tanker,MHL,1997
9004073,400004073,Owner_173,Operator_73,Fishing,MHL,2022
9004074,400004074,Owner_174,Operator_74,Container,MHL,2008
9004075,400004075,Owner_175,Operator_75,Cargo,MHL,2007
9004076,400004076,Owner_176,Operator_76,Fishing,IND,2008
9004077,400004077,Owner_177,Operator_77,Fishing,MHL,2001
9004078,400004078,Owner_178,Operator_78,Cargo,IND,2025
9004079,400004079,Owner_179,Operator_79,Container,SGP,2005
9004080,400004080,Owner_180,Operator_80,Fishing,MHL,1996
9004081,400004081,Owner_181,Operator_81,Container,PAN,2000
9004082,400004082,Owner_182,Operator_82,Tanker,IND,2012
9004083,400004083,Owner_183,Operator_83,Container,MHL,2019
9004084,400004084,Owner_184,Operator_84,Container,SGP,1997
9004085,400004085,Owner_185,Operator_85,Cargo,IND,2018
9004086,400004086,Owner_186,Operator_86,Bulk Carrier,PAN,2015
9004087,400004087,Owner_187,Operator_87,Tanker,SGP,2021
9004088,400004088,Owner_188,Operator_88,Cargo,PAN,2024
9004089,400004089,Owner_189,Operator_89,Cargo,LBR,2012
9004090,400004090,Owner_190,Operator_90,Container,MHL,1996
9004091,400004091,Owner_191,Operator_91,Tanker,MHL,1999
9004092,400004092,Owner_192,Operator_92,Fishing,SGP,1999
9004093,400004093,Owner_193,Operator_93,Fishing,LBR,1997
9004094,400004094,Owner_194,Operator_94,Container,MHL,2016
9004095,400004095,Owner_195,Operator_95,Tanker,MHL,2022
9004096,400004096,Owner_196,Operator_96,Container,MHL,2023
9004097,400004097,Owner_197,Operator_97,Tanker,PAN,2012
9004098,400004098,Owner_198,Operator_98,Container,SGP,2000
9004099,400004099,Owner_199,Operator_99,Tanker,LBR,2025
9004100,400004100,Owner_200,Operator_100,Bulk Carrier,SGP,2025
9004101,400004101,Owner_201,Operator_101,Container,IND,2000
9004102,400004102,Owner_202,Operator_102,Cargo,LBR,2006
9004103,400004103,Owner_203,Operator_103,Tanker,LBR,2020
9004104,400004104,Owner_204,Operator_104,Tanker,IND,2011
9004105,400004105,Owner_205,Operator_105,Container,SGP,2002
9004106,400004106,Owner_206,Operator_106,Tanker,PAN,1993
9004107,400004107,Owner_207,Operator_107,Tanker,IND,1998
9004108,400004108,Owner_208,Operator_108,Cargo,SGP,2023
9004109,400004109,Owner_209,Operator_109,Bulk Carrier,LBR,1993
9004110,400004110,Owner_210,Operator_110,Fishing,SGP,2017
9004111,400004111,Owner_211,Operator_111,Bulk Carrier,IND,2006
9004112,400004112,Owner_212,Operator_112,Cargo,LBR,1999
9004113,400004113,Owner_213,Operator_113,Bulk Carrier,SGP,2006
9004114,400004114,Owner_214,Operator_114,Container,MHL,2008
9004115,400004115,Owner_215,Operator_115,Bulk Carrier,IND,2016
9004116,400004116,Owner_216,Operator_116,Container,LBR,1999
9004117,400004117,Owner_217,Operator_117,Tanker,SGP,2013
9004118,400004118,Owner_218,Operator_118,Cargo,MHL,1996
9004119,400004119,Owner_219,Operator_119,Tanker,LBR,2003
9004120,400004120,Owner_220,Operator_120,Cargo,LBR,2021
9004121,400004121,Owner_221,Operator_121,Tanker,MHL,2012
9004122,400004122,Owner_222,Operator_122,Container,LBR,1990
9004123,400004123,Owner_223,Operator_123,Bulk Carrier,LBR,2018
9004124,400004124,Owner_224,Operator_124,Container,MHL,1996
9004125,400004125,Owner_225,Operator_125,Container,SGP,1999
9004126,400004126,Owner_226,Operator_126,Fishing,PAN,1997
9004127,400004127,Owner_227,Operator_127,Tanker,SGP,2018
9004128,400004128,Owner_228,Operator_128,Tanker,MHL,2012
9004129,400004129,Owner_229,Operator_129,Bulk Carrier,LBR,1991
9004130,400004130,Owner_230,Operator_130,Cargo,PAN,2019
9004131,400004131,Owner_231,Operator_131,Container,IND,2010
9004132,400004132,Owner_232,Operator_132,Bulk Carrier,LBR,1991
9004133,400004133,Owner_233,Operator_133,Fishing,SGP,1995
9004134,400004134,Owner_234,Operator_134,Tanker,MHL,2019
9004135,400004135,Owner_235,Operator_135,Cargo,MHL,1991
9004136,400004136,Owner_236,Operator_136,Fishing,PAN,2013
9004137,400004137,Owner_237,Operator_137,Tanker,SGP,1995
9004138,400004138,Owner_238,Operator_138,Container,SGP,2023
9004139,400004139,Owner_239,Operator_139,Cargo,SGP,2003
9004140,400004140,Owner_240,Operator_140,Cargo,SGP,2000
9004141,400004141,Owner_241,Operator_141,Tanker,SGP,1995
9004142,400004142,Owner_242,Operator_142,Cargo,IND,2024
9004143,400004143,Owner_243,Operator_143,Tanker,IND,1991
9004144,400004144,Owner_244,Operator_144,Bulk Carrier,LBR,2019
9004145,400004145,Owner_245,Operator_145,Container,PAN,2007
9004146,400004146,Owner_246,Operator_146,Container,SGP,2009
9004147,400004147,Owner_247,Operator_147,Cargo,IND,1997
9004148,400004148,Owner_248,Operator_148,Fishing,PAN,2018
9004149,400004149,Owner_249,Operator_149,Cargo,MHL,2021
9004150,400004150,Owner_250,Operator_150,Container,PAN,2009
9004151,400004151,Owner_251,Operator_151,Bulk Carrier,LBR,2001
9004152,400004152,Owner_252,Operator_152,Fishing,MHL,1995
9004153,400004153,Owner_253,Operator_153,Tanker,PAN,2025
9004154,400004154,Owner_254,Operator_154,Tanker,IND,2012
9004155,400004155,Owner_255,Operator_155,Bulk Carrier,MHL,2024
9004156,400004156,Owner_256,Operator_156,Tanker,LBR,1991
9004157,400004157,Owner_257,Operator_157,Container,LBR,2017
9004158,400004158,Owner_258,Operator_158,Fishing,MHL,1996
9004159,400004159,Owner_259,Operator_159,Container,SGP,2017
9004160,400004160,Owner_260,Operator_160,Cargo,LBR,2001
9004161,400004161,Owner_261,Operator_161,Cargo,LBR,2025
9004162,400004162,Owner_262,Operator_162,Container,SGP,2011
9004163,400004163,Owner_263,Operator_163,Cargo,IND,1994
9004164,400004164,Owner_264,Operator_164,Container,LBR,2008
9004165,400004165,Owner_265,Operator_165,Fishing,MHL,1992
9004166,400004166,Owner_266,Operator_166,Cargo,IND,2012
9004167,400004167,Owner_267,Operator_167,Cargo,MHL,2009
9004168,400004168,Owner_268,Operator_168,Tanker,LBR,2005
9004169,400004169,Owner_269,Operator_169,Bulk Carrier,MHL,2015
9004170,400004170,Owner_270,Operator_170,Tanker,PAN,2009
9004171,400004171,Owner_271,Operator_171,Bulk Carrier,LBR,2008
9004172,400004172,Owner_272,Operator_172,Container,LBR,2002
9004173,400004173,Owner_273,Operator_173,Fishing,LBR,2021
9004174,400004174,Owner_274,Operator_174,Bulk Carrier,IND,1994
9004175,400004175,Owner_275,Operator_175,Tanker,SGP,1999
9004176,400004176,Owner_276,Operator_176,Bulk Carrier,SGP,2011
9004177,400004177,Owner_277,Operator_177,Bulk Carrier,MHL,2018
9004178,400004178,Owner_278,Operator_178,Fishing,IND,2024
9004179,400004179,Owner_279,Operator_179,Cargo,IND,2006
9004180,400004180,Owner_280,Operator_180,Cargo,PAN,2022
9004181,400004181,Owner_281,Operator_181,Tanker,SGP,2015
9004182,400004182,Owner_282,Operator_182,Fishing,IND,2009
9004183,400004183,Owner_283,Operator_183,Bulk Carrier,IND,2017
9004184,400004184,Owner_284,Operator_184,Tanker,PAN,2011
9004185,400004185,Owner_285,Operator_185,Tanker,IND,2017
9004186,400004186,Owner_286,Operator_186,Tanker,PAN,1999
9004187,400004187,Owner_287,Operator_187,Container,IND,1996
9004188,400004188,Owner_288,Operator_188,Container,MHL,2001
9004189,400004189,Owner_289,Operator_189,Container,PAN,2018
9004190,400004190,Owner_290,Operator_190,Container,IND,1992
9004191,400004191,Owner_291,Operator_191,Fishing,LBR,2004
9004192,400004192,Owner_292,Operator_192,Tanker,IND,1999
9004193,400004193,Owner_293,Operator_193,Bulk Carrier,IND,2000
9004194,400004194,Owner_294,Operator_194,Tanker,PAN,2010
9004195,400004195,Owner_295,Operator_195,Cargo,IND,2002
9004196,400004196,Owner_296,Operator_196,Cargo,SGP,2009
9004197,400004197,Owner_297,Operator_197,Tanker,LBR,2020
9004198,400004198,Owner_298,Operator_198,Tanker,PAN,1992
9004199,400004199,Owner_299,Operator_199,Fishing,SGP,1994
9004200,400004200,Owner_0,Operator_0,Container,MHL,2020
9004201,400004201,Owner_1,Operator_1,Bulk Carrier,LBR,2024
9004202,400004202,Owner_2,Operator_2,Bulk Carrier,IND,2016
9004203,400004203,Owner_3,Operator_3,Container,MHL,2013
9004204,400004204,Owner_4,Operator_4,Tanker,LBR,2014
9004205,400004205,Owner_5,Operator_5,Fishing,IND,2003
9004206,400004206,Owner_6,Operator_6,Bulk Carrier,IND,1995
9004207,400004207,Owner_7,Operator_7,Container,IND,2004
9004208,400004208,Owner_8,Operator_8,Container,PAN,2004
9004209,400004209,Owner_9,Operator_9,Container,PAN,2002
9004210,400004210,Owner_10,Operator_10,Cargo,IND,2016
9004211,400004211,Owner_11,Operator_11,Tanker,SGP,1991
9004212,400004212,Owner_12,Operator_12,Cargo,MHL,2017
9004213,400004213,Owner_13,Operator_13,Bulk Carrier,PAN,2023
9004214,400004214,Owner_14,Operator_14,Fishing,PAN,2018
9004215,400004215,Owner_15,Operator_15,Container,IND,2017
9004216,400004216,Owner_16,Operator_16,Container,SGP,2022
9004217,400004217,Owner_17,Operator_17,Container,LBR,2009
9004218,400004218,Owner_18,Operator_18,Bulk Carrier,MHL,2011
9004219,400004219,Owner_19,Operator_19,Cargo,MHL,2018
9004220,400004220,Owner_20,Operator_20,Bulk Carrier,IND,2000
9004221,400004221,Owner_21,Operator_21,Tanker,PAN,2014
9004222,400004222,Owner_22,Operator_22,Tanker,IND,2013
9004223,400004223,Owner_23,Operator_23,Container,MHL,2014
9004224,400004224,Owner_24,Operator_24,Tanker,LBR,1991
9004225,400004225,Owner_25,Operator_25,Cargo,MHL,2002
9004226,400004226,Owner_26,Operator_26,Container,PAN,2021
9004227,400004227,Owner_27,Operator_27,Bulk Carrier,PAN,2014
9004228,400004228,Owner_28,Operator_28,Tanker,PAN,2010
9004229,400004229,Owner_29,Operator_29,Fishing,SGP,1993
9004230,400004230,Owner_30,Operator_30,Fishing,SGP,2011
9004231,400004231,Owner_31,Operator_31,Cargo,SGP,2001
9004232,400004232,Owner_32,Operator_32,Container,SGP,2022
9004233,400004233,Owner_33,Operator_33,Cargo,MHL,1992
9004234,400004234,Owner_34,Operator_34,Tanker,PAN,2009
9004235,400004235,Owner_35,Operator_35,Tanker,PAN,2009
9004236,400004236,Owner_36,Operator_36,Cargo,SGP,1997
9004237,400004237,Owner_37,Operator_37,Fishing,IND,1996
9004238,400004238,Owner_38,Operator_38,Tanker,SGP,2002
9004239,400004239,Owner_39,Operator_39,Tanker,MHL,1995
9004240,400004240,Owner_40,Operator_40,Container,SGP,1997
9004241,400004241,Owner_41,Operator_41,Tanker,MHL,2013
9004242,400004242,Owner_42,Operator_42,Bulk Carrier,IND,1998
9004243,400004243,Owner_43,Operator_43,Cargo,SGP,2011
9004244,400004244,Owner_44,Operator_44,Bulk Carrier,LBR,2019
9004245,400004245,Owner_45,Operator_45,Cargo,IND,2005
9004246,400004246,Owner_46,Operator_46,Cargo,LBR,2024
9004247,400004247,Owner_47,Operator_47,Tanker,MHL,2000
9004248,400004248,Owner_48,Operator_48,Container,PAN,2005
9004249,400004249,Owner_49,Operator_49,Fishing,IND,1999
9004250,400004250,Owner_50,Operator_50,Tanker,IND,2020
9004251,400004251,Owner_51,Operator_51,Cargo,PAN,2013
9004252,400004252,Owner_52,Operator_52,Container,IND,2001
9004253,400004253,Owner_53,Operator_53,Tanker,MHL,2000
9004254,400004254,Owner_54,Operator_54,Bulk Carrier,SGP,2011
9004255,400004255,Owner_55,Operator_55,Tanker,MHL,2015
9004256,400004256,Owner_56,Operator_56,Cargo,LBR,2020
9004257,400004257,Owner_57,Operator_57,Fishing,PAN,2020
9004258,400004258,Owner_58,Operator_58,Cargo,PAN,2006
9004259,400004259,Owner_59,Operator_59,Tanker,SGP,2020
9004260,400004260,Owner_60,Operator_60,Tanker,PAN,2021
9004261,400004261,Owner_61,Operator_61,Fishing,LBR,1992
9004262,400004262,Owner_62,Operator_62,Tanker,PAN,2012
9004263,400004263,Owner_63,Operator_63,Bulk Carrier,LBR,2022
9004264,400004264,Owner_64,Operator_64,Container,MHL,1991
9004265,400004265,Owner_65,Operator_65,Container,SGP,1995
9004266,400004266,Owner_66,Operator_66,Cargo,PAN,1990
9004267,400004267,Owner_67,Operator_67,Bulk Carrier,LBR,2022
9004268,400004268,Owner_68,Operator_68,Fishing,PAN,2020
9004269,400004269,Owner_69,Operator_69,Fishing,IND,2023
9004270,400004270,Owner_70,Operator_70,Container,IND,2002
9004271,400004271,Owner_71,Operator_71,Cargo,LBR,2024
9004272,400004272,Owner_72,Operator_72,Cargo,SGP,1997
9004273,400004273,Owner_73,Operator_73,Container,IND,2007
9004274,400004274,Owner_74,Operator_74,Container,MHL,2024
9004275,400004275,Owner_75,Operator_75,Cargo,PAN,2020
9004276,400004276,Owner_76,Operator_76,Fishing,IND,2013
9004277,400004277,Owner_77,Operator_77,Cargo,LBR,2004
9004278,400004278,Owner_78,Operator_78,Cargo,PAN,2014
9004279,400004279,Owner_79,Operator_79,Cargo,SGP,2020
9004280,400004280,Owner_80,Operator_80,Bulk Carrier,LBR,1990
9004281,400004281,Owner_81,Operator_81,Cargo,LBR,1990
9004282,400004282,Owner_82,Operator_82,Container,PAN,2011
9004283,400004283,Owner_83,Operator_83,Tanker,MHL,2002
9004284,400004284,Owner_84,Operator_84,Container,LBR,2013
9004285,400004285,Owner_85,Operator_85,Tanker,SGP,2023
9004286,400004286,Owner_86,Operator_86,Container,IND,2023
9004287,400004287,Owner_87,Operator_87,Bulk Carrier,LBR,2016
9004288,400004288,Owner_88,Operator_88,Tanker,SGP,2003
9004289,400004289,Owner_89,Operator_89,Bulk Carrier,LBR,2005
9004290,400004290,Owner_90,Operator_90,Container,LBR,2005
9004291,400004291,Owner_91,Operator_91,Cargo,IND,2003
9004292,400004292,Owner_92,Operator_92,Cargo,PAN,2018
9004293,400004293,Owner_93,Operator_93,Tanker,IND,1991
9004294,400004294,Owner_94,Operator_94,Bulk Carrier,PAN,1990
9004295,400004295,Owner_95,Operator_95,Container,MHL,2002
9004296,400004296,Owner_96,Operator_96,Cargo,MHL,1999
9004297,400004297,Owner_97,Operator_97,Fishing,IND,2021
9004298,400004298,Owner_98,Operator_98,Container,MHL,2003
9004299,400004299,Owner_99,Operator_99,Cargo,PAN,2024
9004300,400004300,Owner_100,Operator_100,Fishing,MHL,2001
9004301,400004301,Owner_101,Operator_101,Container,PAN,2012
9004302,400004302,Owner_102,Operator_102,Cargo,SGP,2017
9004303,400004303,Owner_103,Operator_103,Container,PAN,2000
9004304,400004304,Owner_104,Operator_104,Container,PAN,2011
9004305,400004305,Owner_105,Operator_105,Cargo,LBR,2010
9004306,400004306,Owner_106,Operator_106,Fishing,PAN,1995
9004307,400004307,Owner_107,Operator_107,Fishing,IND,1993
9004308,400004308,Owner_108,Operator_108,Cargo,LBR,2023
9004309,400004309,Owner_109,Operator_109,Container,LBR,2021
9004310,400004310,Owner_110,Operator_110,Bulk Carrier,SGP,2020
9004311,400004311,Owner_111,Operator_111,Container,SGP,2008
9004312,400004312,Owner_112,Operator_112,Bulk Carrier,SGP,1993
9004313,400004313,Owner_113,Operator_113,Container,MHL,2011
9004314,400004314,Owner_114,Operator_114,Cargo,IND,1998
9004315,400004315,Owner_115,Operator_115,Bulk Carrier,SGP,2013
9004316,400004316,Owner_116,Operator_116,Container,IND,1992
9004317,400004317,Owner_117,Operator_117,Bulk Carrier,PAN,1993
9004318,400004318,Owner_118,Operator_118,Cargo,LBR,2013
9004319,400004319,Owner_119,Operator_119,Tanker,PAN,2019
9004320,400004320,Owner_120,Operator_120,Tanker,IND,1990
9004321,400004321,Owner_121,Operator_121,Container,PAN,2016
9004322,400004322,Owner_122,Operator_122,Container,MHL,2020
9004323,400004323,Owner_123,Operator_123,Fishing,LBR,1997
9004324,400004324,Owner_124,Operator_124,Fishing,SGP,2005
9004325,400004325,Owner_125,Operator_125,Cargo,MHL,1999
9004326,400004326,Owner_126,Operator_126,Fishing,LBR,2019
9004327,400004327,Owner_127,Operator_127,Container,IND,2012
9004328,400004328,Owner_128,Operator_128,Fishing,LBR,2004
9004329,400004329,Owner_129,Operator_129,Bulk Carrier,IND,2008
9004330,400004330,Owner_130,Operator_130,Tanker,MHL,1990
9004331,400004331,Owner_131,Operator_131,Cargo,MHL,1991
9004332,400004332,Owner_132,Operator_132,Bulk Carrier,SGP,2012
9004333,400004333,Owner_133,Operator_133,Cargo,LBR,2002
9004334,400004334,Owner_134,Operator_134,Tanker,SGP,2014
9004335,400004335,Owner_135,Operator_135,Bulk Carrier,SGP,2008
9004336,400004336,Owner_136,Operator_136,Container,SGP,2017
9004337,400004337,Owner_137,Operator_137,Container,LBR,2008
9004338,400004338,Owner_138,Operator_138,Bulk Carrier,IND,1996
9004339,400004339,Owner_139,Operator_139,Tanker,PAN,1999
9004340,400004340,Owner_140,Operator_140,Fishing,LBR,2014
9004341,400004341,Owner_141,Operator_141,Bulk Carrier,IND,2012
9004342,400004342,Owner_142,Operator_142,Cargo,IND,2000
9004343,400004343,Owner_143,Operator_143,Bulk Carrier,MHL,2012
9004344,400004344,Owner_144,Operator_144,Tanker,IND,2012
9004345,400004345,Owner_145,Operator_145,Container,LBR,2025
9004346,400004346,Owner_146,Operator_146,Tanker,IND,2009
9004347,400004347,Owner_147,Operator_147,Cargo,LBR,1990
9004348,400004348,Owner_148,Operator_148,Fishing,IND,2025
9004349,400004349,Owner_149,Operator_149,Cargo,PAN,2025
9004350,400004350,Owner_150,Operator_150,Tanker,LBR,1990
9004351,400004351,Owner_151,Operator_151,Fishing,MHL,2015
9004352,400004352,Owner_152,Operator_152,Tanker,IND,2010
9004353,400004353,Owner_153,Operator_153,Bulk Carrier,IND,2017
9004354,400004354,Owner_154,Operator_154,Container,MHL,2002
9004355,400004355,Owner_155,Operator_155,Cargo,LBR,2019
9004356,400004356,Owner_156,Operator_156,Container,PAN,1991
9004357,400004357,Owner_157,Operator_157,Container,IND,2000
9004358,400004358,Owner_158,Operator_158,Container,SGP,1995
9004359,400004359,Owner_159,Operator_159,Container,MHL,2007
9004360,400004360,Owner_160,Operator_160,Container,SGP,1999
9004361,400004361,Owner_161,Operator_161,Container,IND,2025
9004362,400004362,Owner_162,Operator_162,Bulk Carrier,LBR,2002
9004363,400004363,Owner_163,Operator_163,Cargo,MHL,1995
9004364,400004364,Owner_164,Operator_164,Bulk Carrier,MHL,2007
9004365,400004365,Owner_165,Operator_165,Bulk Carrier,LBR,2025
9004366,400004366,Owner_166,Operator_166,Container,IND,2003
9004367,400004367,Owner_167,Operator_167,Bulk Carrier,MHL,2007
9004368,400004368,Owner_168,Operator_168,Bulk Carrier,PAN,2022
9004369,400004369,Owner_169,Operator_169,Cargo,SGP,2013
9004370,400004370,Owner_170,Operator_170,Bulk Carrier,PAN,2013
9004371,400004371,Owner_171,Operator_171,Bulk Carrier,PAN,2004
9004372,400004372,Owner_172,Operator_172,Fishing,IND,1996
9004373,400004373,Owner_173,Operator_173,Tanker,IND,2017
9004374,400004374,Owner_174,Operator_174,Bulk Carrier,MHL,2007
9004375,400004375,Owner_175,Operator_175,Container,LBR,2002
9004376,400004376,Owner_176,Operator_176,Tanker,SGP,2007
9004377,400004377,Owner_177,Operator_177,Fishing,LBR,1997
9004378,400004378,Owner_178,Operator_178,Tanker,PAN,2009
9004379,400004379,Owner_179,Operator_179,Tanker,LBR,2015
9004380,400004380,Owner_180,Operator_180,Tanker,IND,2025
9004381,400004381,Owner_181,Operator_181,Bulk Carrier,MHL,2003
9004382,400004382,Owner_182,Operator_182,Container,IND,1993
9004383,400004383,Owner_183,Operator_183,Container,SGP,2013
9004384,400004384,Owner_184,Operator_184,Fishing,SGP,1994
9004385,400004385,Owner_185,Operator_185,Bulk Carrier,MHL,2018
9004386,400004386,Owner_186,Operator_186,Cargo,PAN,2015
9004387,400004387,Owner_187,Operator_187,Bulk Carrier,IND,2003
9004388,400004388,Owner_188,Operator_188,Fishing,MHL,2001
9004389,400004389,Owner_189,Operator_189,Cargo,PAN,2018
9004390,400004390,Owner_190,Operator_190,Bulk Carrier,SGP,2014
9004391,400004391,Owner_191,Operator_191,Tanker,MHL,2002
9004392,400004392,Owner_192,Operator_192,Fishing,PAN,2016
9004393,400004393,Owner_193,Operator_193,Cargo,SGP,2008
9004394,400004394,Owner_194,Operator_194,Cargo,IND,2022
9004395,400004395,Owner_195,Operator_195,Container,IND,2014
9004396,400004396,Owner_196,Operator_196,Fishing,IND,1996
9004397,400004397,Owner_197,Operator_197,Bulk Carrier,PAN,2014
9004398,400004398,Owner_198,Operator_198,Cargo,MHL,2005
9004399,400004399,Owner_199,Operator_199,Bulk Carrier,PAN,2008
9004400,400004400,Owner_200,Operator_0,Container,LBR,1998
9004401,400004401,Owner_201,Operator_1,Cargo,PAN,2022
9004402,400004402,Owner_202,Operator_2,Bulk Carrier,PAN,2022
9004403,400004403,Owner_203,Operator_3,Bulk Carrier,IND,2022
9004404,400004404,Owner_204,Operator_4,Bulk Carrier,LBR,2025
9004405,400004405,Owner_205,Operator_5,Bulk Carrier,MHL,2000
9004406,400004406,Owner_206,Operator_6,Cargo,PAN,1996
9004407,400004407,Owner_207,Operator_7,Cargo,IND,2006
9004408,400004408,Owner_208,Operator_8,Container,LBR,2018
9004409,400004409,Owner_209,Operator_9,Container,PAN,1995
9004410,400004410,Owner_210,Operator_10,Cargo,IND,2012
9004411,400004411,Owner_211,Operator_11,Container,MHL,2019
9004412,400004412,Owner_212,Operator_12,Bulk Carrier,MHL,2002
9004413,400004413,Owner_213,Operator_13,Cargo,IND,2005
9004414,400004414,Owner_214,Operator_14,Cargo,LBR,2005
9004415,400004415,Owner_215,Operator_15,Fishing,IND,1993
9004416,400004416,Owner_216,Operator_16,Fishing,SGP,1990
9004417,400004417,Owner_217,Operator_17,Container,LBR,2006
9004418,400004418,Owner_218,Operator_18,Container,PAN,2020
9004419,400004419,Owner_219,Operator_19,Fishing,LBR,1999
9004420,400004420,Owner_220,Operator_20,Bulk Carrier,PAN,2004
9004421,400004421,Owner_221,Operator_21,Fishing,LBR,1998
9004422,400004422,Owner_222,Operator_22,Cargo,SGP,1999
9004423,400004423,Owner_223,Operator_23,Bulk Carrier,PAN,2001
9004424,400004424,Owner_224,Operator_24,Container,SGP,2010
9004425,400004425,Owner_225,Operator_25,Fishing,LBR,2004
9004426,400004426,Owner_226,Operator_26,Container,SGP,2010
9004427,400004427,Owner_227,Operator_27,Fishing,MHL,2018
9004428,400004428,Owner_228,Operator_28,Fishing,SGP,2021
9004429,400004429,Owner_229,Operator_29,Container,PAN,2025
9004430,400004430,Owner_230,Operator_30,Bulk Carrier,LBR,1995
9004431,400004431,Owner_231,Operator_31,Cargo,LBR,2006
9004432,400004432,Owner_232,Operator_32,Fishing,LBR,1996
9004433,400004433,Owner_233,Operator_33,Cargo,SGP,2004
9004434,400004434,Owner_234,Operator_34,Fishing,LBR,2000
9004435,400004435,Owner_235,Operator_35,Tanker,LBR,2002
9004436,400004436,Owner_236,Operator_36,Container,SGP,1998
9004437,400004437,Owner_237,Operator_37,Fishing,MHL,1998
9004438,400004438,Owner_238,Operator_38,Tanker,LBR,1991
9004439,400004439,Owner_239,Operator_39,Container,SGP,2023
9004440,400004440,Owner_240,Operator_40,Tanker,SGP,1999
9004441,400004441,Owner_241,Operator_41,Fishing,IND,2019
9004442,400004442,Owner_242,Operator_42,Tanker,PAN,2013
9004443,400004443,Owner_243,Operator_43,Cargo,SGP,2020
9004444,400004444,Owner_244,Operator_44,Fishing,LBR,2025
9004445,400004445,Owner_245,Operator_45,Tanker,IND,2005
9004446,400004446,Owner_246,Operator_46,Cargo,IND,2012
9004447,400004447,Owner_247,Operator_47,Tanker,IND,1998
9004448,400004448,Owner_248,Operator_48,Cargo,MHL,2013
9004449,400004449,Owner_249,Operator_49,Fishing,LBR,2011
9004450,400004450,Owner_250,Operator_50,Container,LBR,2014
9004451,400004451,Owner_251,Operator_51,Bulk Carrier,PAN,2003
9004452,400004452,Owner_252,Operator_52,Tanker,SGP,2002
9004453,400004453,Owner_253,Operator_53,Bulk Carrier,IND,2019
9004454,400004454,Owner_254,Operator_54,Fishing,LBR,2016
9004455,400004455,Owner_255,Operator_55,Bulk Carrier,LBR,2021
9004456,400004456,Owner_256,Operator_56,Tanker,IND,2005
9004457,400004457,Owner_257,Operator_57,Fishing,IND,2015
9004458,400004458,Owner_258,Operator_58,Fishing,MHL,2020
9004459,400004459,Owner_259,Operator_59,Bulk Carrier,SGP,2000
9004460,400004460,Owner_260,Operator_60,Cargo,IND,2017
9004461,400004461,Owner_261,Operator_61,Cargo,LBR,2024
9004462,400004462,Owner_262,Operator_62,Bulk Carrier,IND,2008
9004463,400004463,Owner_263,Operator_63,Bulk Carrier,LBR,2014
9004464,400004464,Owner_264,Operator_64,Bulk Carrier,LBR,2010
9004465,400004465,Owner_265,Operator_65,Cargo,IND,1996
9004466,400004466,Owner_266,Operator_66,Bulk Carrier,MHL,2022
9004467,400004467,Owner_267,Operator_67,Fishing,SGP,2011
9004468,400004468,Owner_268,Operator_68,Fishing,MHL,2001
9004469,400004469,Owner_269,Operator_69,Container,MHL,2014
9004470,400004470,Owner_270,Operator_70,Bulk Carrier,SGP,2000
9004471,400004471,Owner_271,Operator_71,Container,PAN,2014
9004472,400004472,Owner_272,Operator_72,Container,LBR,2014
9004473,400004473,Owner_273,Operator_73,Tanker,IND,2012
9004474,400004474,Owner_274,Operator_74,Container,PAN,1999
9004475,400004475,Owner_275,Operator_75,Tanker,IND,2024
9004476,400004476,Owner_276,Operator_76,Bulk Carrier,MHL,1993
9004477,400004477,Owner_277,Operator_77,Fishing,PAN,2024
9004478,400004478,Owner_278,Operator_78,Cargo,PAN,1998
9004479,400004479,Owner_279,Operator_79,Tanker,LBR,1996
9004480,400004480,Owner_280,Operator_80,Container,SGP,1994
9004481,400004481,Owner_281,Operator_81,Bulk Carrier,IND,2002
9004482,400004482,Owner_282,Operator_82,Tanker,IND,2011
9004483,400004483,Owner_283,Operator_83,Cargo,IND,1998
9004484,400004484,Owner_284,Operator_84,Tanker,LBR,2006
9004485,400004485,Owner_285,Operator_85,Cargo,MHL,2014
9004486,400004486,Owner_286,Operator_86,Tanker,IND,2013
9004487,400004487,Owner_287,Operator_87,Fishing,MHL,2010
9004488,400004488,Owner_288,Operator_88,Container,IND,2011
9004489,400004489,Owner_289,Operator_89,Tanker,PAN,2011
9004490,400004490,Owner_290,Operator_90,Tanker,SGP,2006
9004491,400004491,Owner_291,Operator_91,Tanker,IND,1998
9004492,400004492,Owner_292,Operator_92,Bulk Carrier,IND,1990
9004493,400004493,Owner_293,Operator_93,Container,LBR,2000
9004494,400004494,Owner_294,Operator_94,Bulk Carrier,LBR,2010
9004495,400004495,Owner_295,Operator_95,Bulk Carrier,PAN,2014
9004496,400004496,Owner_296,Operator_96,Tanker,SGP,1991
9004497,400004497,Owner_297,Operator_97,Tanker,MHL,2020
9004498,400004498,Owner_298,Operator_98,Tanker,MHL,1993
9004499,400004499,Owner_299,Operator_99,Container,PAN,1997
9004500,400004500,Owner_0,Operator_100,Cargo,PAN,1997
9004501,400004501,Owner_1,Operator_101,Fishing,LBR,2023
9004502,400004502,Owner_2,Operator_102,Cargo,LBR,2018
9004503,400004503,Owner_3,Operator_103,Tanker,SGP,1998
9004504,400004504,Owner_4,Operator_104,Container,PAN,2018
9004505,400004505,Owner_5,Operator_105,Cargo,SGP,2012
9004506,400004506,Owner_6,Operator_106,Fishing,SGP,2000
9004507,400004507,Owner_7,Operator_107,Fishing,PAN,1995
9004508,400004508,Owner_8,Operator_108,Container,MHL,2016
9004509,400004509,Owner_9,Operator_109,Bulk Carrier,MHL,2013
9004510,400004510,Owner_10,Operator_110,Bulk Carrier,PAN,2022
9004511,400004511,Owner_11,Operator_111,Container,SGP,2003
9004512,400004512,Owner_12,Operator_112,Cargo,LBR,2009
9004513,400004513,Owner_13,Operator_113,Tanker,SGP,1998
9004514,400004514,Owner_14,Operator_114,Bulk Carrier,MHL,1994
9004515,400004515,Owner_15,Operator_115,Container,SGP,1996
9004516,400004516,Owner_16,Operator_116,Bulk Carrier,MHL,2010
9004517,400004517,Owner_17,Operator_117,Bulk Carrier,MHL,1995
9004518,400004518,Owner_18,Operator_118,Tanker,LBR,2019
9004519,400004519,Owner_19,Operator_119,Cargo,PAN,1992
9004520,400004520,Owner_20,Operator_120,Cargo,IND,1992
9004521,400004521,Owner_21,Operator_121,Tanker,LBR,2004
9004522,400004522,Owner_22,Operator_122,Cargo,LBR,1997
9004523,400004523,Owner_23,Operator_123,Bulk Carrier,PAN,2015
9004524,400004524,Owner_24,Operator_124,Bulk Carrier,LBR,1993
9004525,400004525,Owner_25,Operator_125,Container,MHL,1998
9004526,400004526,Owner_26,Operator_126,Tanker,IND,1995
9004527,400004527,Owner_27,Operator_127,Container,SGP,2008
9004528,400004528,Owner_28,Operator_128,Bulk Carrier,PAN,1994
9004529,400004529,Owner_29,Operator_129,Fishing,LBR,2005
9004530,400004530,Owner_30,Operator_130,Bulk Carrier,SGP,2002
9004531,400004531,Owner_31,Operator_131,Container,PAN,2019
9004532,400004532,Owner_32,Operator_132,Container,PAN,2022
9004533,400004533,Owner_33,Operator_133,Container,MHL,2000
9004534,400004534,Owner_34,Operator_134,Fishing,LBR,2012
9004535,400004535,Owner_35,Operator_135,Bulk Carrier,LBR,2014
9004536,400004536,Owner_36,Operator_136,Cargo,MHL,1992
9004537,400004537,Owner_37,Operator_137,Fishing,SGP,2010
9004538,400004538,Owner_38,Operator_138,Tanker,PAN,2010
9004539,400004539,Owner_39,Operator_139,Cargo,IND,2006
9004540,400004540,Owner_40,Operator_140,Cargo,MHL,1993
9004541,400004541,Owner_41,Operator_141,Cargo,LBR,2023
9004542,400004542,Owner_42,Operator_142,Bulk Carrier,SGP,1990
9004543,400004543,Owner_43,Operator_143,Bulk Carrier,IND,1995
9004544,400004544,Owner_44,Operator_144,Cargo,SGP,2010
9004545,400004545,Owner_45,Operator_145,Fishing,SGP,2006
9004546,400004546,Owner_46,Operator_146,Container,IND,2023
9004547,400004547,Owner_47,Operator_147,Bulk Carrier,MHL,2000
9004548,400004548,Owner_48,Operator_148,Container,SGP,2025
9004549,400004549,Owner_49,Operator_149,Fishing,MHL,2000
9004550,400004550,Owner_50,Operator_150,Fishing,LBR,2002
9004551,400004551,Owner_51,Operator_151,Cargo,PAN,2025
9004552,400004552,Owner_52,Operator_152,Cargo,IND,1997
9004553,400004553,Owner_53,Operator_153,Cargo,IND,1990
9004554,400004554,Owner_54,Operator_154,Fishing,MHL,2025
9004555,400004555,Owner_55,Operator_155,Container,LBR,2017
9004556,400004556,Owner_56,Operator_156,Fishing,LBR,2010
9004557,400004557,Owner_57,Operator_157,Container,LBR,1994
9004558,400004558,Owner_58,Operator_158,Tanker,SGP,1994
9004559,400004559,Owner_59,Operator_159,Fishing,LBR,2001
9004560,400004560,Owner_60,Operator_160,Cargo,MHL,1998
9004561,400004561,Owner_61,Operator_161,Fishing,SGP,2024
9004562,400004562,Owner_62,Operator_162,Container,PAN,2005
9004563,400004563,Owner_63,Operator_163,Tanker,IND,1998
9004564,400004564,Owner_64,Operator_164,Fishing,SGP,2020
9004565,400004565,Owner_65,Operator_165,Tanker,SGP,1998
9004566,400004566,Owner_66,Operator_166,Container,LBR,2020
9004567,400004567,Owner_67,Operator_167,Fishing,MHL,2012
9004568,400004568,Owner_68,Operator_168,Cargo,MHL,2022
9004569,400004569,Owner_69,Operator_169,Fishing,LBR,2023
9004570,400004570,Owner_70,Operator_170,Fishing,LBR,2016
9004571,400004571,Owner_71,Operator_171,Tanker,SGP,2018
9004572,400004572,Owner_72,Operator_172,Cargo,SGP,2020
9004573,400004573,Owner_73,Operator_173,Tanker,IND,2017
9004574,400004574,Owner_74,Operator_174,Tanker,MHL,2003
9004575,400004575,Owner_75,Operator_175,Fishing,IND,1995
9004576,400004576,Owner_76,Operator_176,Tanker,LBR,1995
9004577,400004577,Owner_77,Operator_177,Bulk Carrier,PAN,2021
9004578,400004578,Owner_78,Operator_178,Bulk Carrier,SGP,1992
9004579,400004579,Owner_79,Operator_179,Bulk Carrier,PAN,2014
9004580,400004580,Owner_80,Operator_180,Container,LBR,2008
9004581,400004581,Owner_81,Operator_181,Fishing,PAN,2011
9004582,400004582,Owner_82,Operator_182,Fishing,PAN,1997
9004583,400004583,Owner_83,Operator_183,Fishing,LBR,2012
9004584,400004584,Owner_84,Operator_184,Bulk Carrier,PAN,1993
9004585,400004585,Owner_85,Operator_185,Container,LBR,1999
9004586,400004586,Owner_86,Operator_186,Tanker,SGP,2023
9004587,400004587,Owner_87,Operator_187,Bulk Carrier,IND,1997
9004588,400004588,Owner_88,Operator_188,Container,MHL,2012
9004589,400004589,Owner_89,Operator_189,Cargo,PAN,2012
9004590,400004590,Owner_90,Operator_190,Fishing,IND,2011
9004591,400004591,Owner_91,Operator_191,Fishing,SGP,2001
9004592,400004592,Owner_92,Operator_192,Fishing,SGP,2012
9004593,400004593,Owner_93,Operator_193,Tanker,MHL,2024
9004594,400004594,Owner_94,Operator_194,Fishing,MHL,1997
9004595,400004595,Owner_95,Operator_195,Container,MHL,2002
9004596,400004596,Owner_96,Operator_196,Cargo,IND,1997
9004597,400004597,Owner_97,Operator_197,Fishing,LBR,2023
9004598,400004598,Owner_98,Operator_198,Bulk Carrier,IND,2021
9004599,400004599,Owner_99,Operator_199,Container,IND,2010
9004600,400004600,Owner_100,Operator_0,Container,MHL,2000
9004601,400004601,Owner_101,Operator_1,Cargo,SGP,2003
9004602,400004602,Owner_102,Operator_2,Fishing,LBR,2015
9004603,400004603,Owner_103,Operator_3,Tanker,IND,1996
9004604,400004604,Owner_104,Operator_4,Cargo,PAN,2005
9004605,400004605,Owner_105,Operator_5,Container,SGP,2013
9004606,400004606,Owner_106,Operator_6,Fishing,MHL,1991
9004607,400004607,Owner_107,Operator_7,Tanker,IND,1998
9004608,400004608,Owner_108,Operator_8,Bulk Carrier,IND,2022
9004609,400004609,Owner_109,Operator_9,Tanker,SGP,2007
9004610,400004610,Owner_110,Operator_10,Bulk Carrier,LBR,1995
9004611,400004611,Owner_111,Operator_11,Bulk Carrier,IND,2013
9004612,400004612,Owner_112,Operator_12,Tanker,LBR,1995
9004613,400004613,Owner_113,Operator_13,Cargo,LBR,1992
9004614,400004614,Owner_114,Operator_14,Bulk Carrier,MHL,2008
9004615,400004615,Owner_115,Operator_15,Tanker,IND,2002
9004616,400004616,Owner_116,Operator_16,Container,SGP,2001
9004617,400004617,Owner_117,Operator_17,Cargo,SGP,2011
9004618,400004618,Owner_118,Operator_18,Container,MHL,1995
9004619,400004619,Owner_119,Operator_19,Bulk Carrier,SGP,2001
9004620,400004620,Owner_120,Operator_20,Container,LBR,1998
9004621,400004621,Owner_121,Operator_21,Fishing,SGP,1999
9004622,400004622,Owner_122,Operator_22,Tanker,IND,2018
9004623,400004623,Owner_123,Operator_23,Container,SGP,1999
9004624,400004624,Owner_124,Operator_24,Bulk Carrier,LBR,2007
9004625,400004625,Owner_125,Operator_25,Tanker,MHL,1998
9004626,400004626,Owner_126,Operator_26,Bulk Carrier,MHL,1990
9004627,400004627,Owner_127,Operator_27,Bulk Carrier,SGP,2007
9004628,400004628,Owner_128,Operator_28,Fishing,PAN,1990
9004629,400004629,Owner_129,Operator_29,Bulk Carrier,LBR,2002
9004630,400004630,Owner_130,Operator_30,Container,IND,2015
9004631,400004631,Owner_131,Operator_31,Cargo,SGP,2004
9004632,400004632,Owner_132,Operator_32,Bulk Carrier,LBR,2006
9004633,400004633,Owner_133,Operator_33,Fishing,SGP,2006
9004634,400004634,Owner_134,Operator_34,Container,MHL,2011
9004635,400004635,Owner_135,Operator_35,Tanker,LBR,2013
9004636,400004636,Owner_136,Operator_36,Bulk Carrier,MHL,1994
9004637,400004637,Owner_137,Operator_37,Cargo,IND,1998
9004638,400004638,Owner_138,Operator_38,Fishing,PAN,2012
9004639,400004639,Owner_139,Operator_39,Container,SGP,2006
9004640,400004640,Owner_140,Operator_40,Fishing,IND,1990
9004641,400004641,Owner_141,Operator_41,Cargo,LBR,2023
9004642,400004642,Owner_142,Operator_42,Cargo,PAN,2008
9004643,400004643,Owner_143,Operator_43,Cargo,IND,2006
9004644,400004644,Owner_144,Operator_44,Container,SGP,2010
9004645,400004645,Owner_145,Operator_45,Bulk Carrier,SGP,1995
9004646,400004646,Owner_146,Operator_46,Tanker,SGP,1998
9004647,400004647,Owner_147,Operator_47,Fishing,SGP,2021
9004648,400004648,Owner_148,Operator_48,Bulk Carrier,PAN,2014
9004649,400004649,Owner_149,Operator_49,Container,SGP,2009
9004650,400004650,Owner_150,Operator_50,Fishing,LBR,2015
9004651,400004651,Owner_151,Operator_51,Tanker,PAN,2010
9004652,400004652,Owner_152,Operator_52,Tanker,MHL,2007
9004653,400004653,Owner_153,Operator_53,Fishing,IND,1993
9004654,400004654,Owner_154,Operator_54,Cargo,LBR,2003
9004655,400004655,Owner_155,Operator_55,Fishing,MHL,1999
9004656,400004656,Owner_156,Operator_56,Container,PAN,2022
9004657,400004657,Owner_157,Operator_57,Cargo,SGP,2012
9004658,400004658,Owner_158,Operator_58,Bulk Carrier,IND,2000
9004659,400004659,Owner_159,Operator_59,Tanker,MHL,2025
9004660,400004660,Owner_160,Operator_60,Fishing,SGP,2007
9004661,400004661,Owner_161,Operator_61,Container,LBR,1993
9004662,400004662,Owner_162,Operator_62,Cargo,PAN,2000
9004663,400004663,Owner_163,Operator_63,Bulk Carrier,PAN,1999
9004664,400004664,Owner_164,Operator_64,Bulk Carrier,PAN,1990
9004665,400004665,Owner_165,Operator_65,Bulk Carrier,PAN,2010
9004666,400004666,Owner_166,Operator_66,Cargo,SGP,1999
9004667,400004667,Owner_167,Operator_67,Container,MHL,1993
9004668,400004668,Owner_168,Operator_68,Bulk Carrier,LBR,2016
9004669,400004669,Owner_169,Operator_69,Container,IND,1995
9004670,400004670,Owner_170,Operator_70,Container,PAN,1992
9004671,400004671,Owner_171,Operator_71,Fishing,SGP,2017
9004672,400004672,Owner_172,Operator_72,Bulk Carrier,IND,2004
9004673,400004673,Owner_173,Operator_73,Cargo,SGP,2020
9004674,400004674,Owner_174,Operator_74,Tanker,MHL,1994
9004675,400004675,Owner_175,Operator_75,Cargo,IND,2007
9004676,400004676,Owner_176,Operator_76,Tanker,IND,1994
9004677,400004677,Owner_177,Operator_77,Tanker,MHL,2013
9004678,400004678,Owner_178,Operator_78,Cargo,PAN,1991
9004679,400004679,Owner_179,Operator_79,Cargo,SGP,2011
9004680,400004680,Owner_180,Operator_80,Tanker,IND,2016
9004681,400004681,Owner_181,Operator_81,Fishing,LBR,2025
9004682,400004682,Owner_182,Operator_82,Bulk Carrier,PAN,1990
9004683,400004683,Owner_183,Operator_83,Tanker,SGP,2015
9004684,400004684,Owner_184,Operator_84,Container,IND,2002
9004685,400004685,Owner_185,Operator_85,Cargo,IND,1991
9004686,400004686,Owner_186,Operator_86,Tanker,SGP,2009
9004687,400004687,Owner_187,Operator_87,Fishing,LBR,2020
9004688,400004688,Owner_188,Operator_88,Tanker,SGP,2019
9004689,400004689,Owner_189,Operator_89,Cargo,IND,2016
9004690,400004690,Owner_190,Operator_90,Tanker,IND,1998
9004691,400004691,Owner_191,Operator_91,Tanker,PAN,1992
9004692,400004692,Owner_192,Operator_92,Container,MHL,2000
9004693,400004693,Owner_193,Operator_93,Fishing,IND,2019
9004694,400004694,Owner_194,Operator_94,Bulk Carrier,PAN,2007
9004695,400004695,Owner_195,Operator_95,Container,IND,1991
9004696,400004696,Owner_196,Operator_96,Container,MHL,2000
9004697,400004697,Owner_197,Operator_97,Cargo,PAN,2014
9004698,400004698,Owner_198,Operator_98,Container,LBR,1995
9004699,400004699,Owner_199,Operator_99,Container,LBR,2016
9004700,400004700,Owner_200,Operator_100,Fishing,PAN,2008
9004701,400004701,Owner_201,Operator_101,Tanker,SGP,1995
9004702,400004702,Owner_202,Operator_102,Container,MHL,1990
9004703,400004703,Owner_203,Operator_103,Tanker,SGP,2008
9004704,400004704,Owner_204,Operator_104,Container,SGP,2023
9004705,400004705,Owner_205,Operator_105,Container,MHL,1999
9004706,400004706,Owner_206,Operator_106,Fishing,SGP,2012
9004707,400004707,Owner_207,Operator_107,Tanker,SGP,2004
9004708,400004708,Owner_208,Operator_108,Cargo,LBR,2024
9004709,400004709,Owner_209,Operator_109,Cargo,PAN,2000
9004710,400004710,Owner_210,Operator_110,Bulk Carrier,LBR,1997
9004711,400004711,Owner_211,Operator_111,Fishing,IND,2013
9004712,400004712,Owner_212,Operator_112,Bulk Carrier,MHL,1990
9004713,400004713,Owner_213,Operator_113,Bulk Carrier,PAN,1994
9004714,400004714,Owner_214,Operator_114,Tanker,PAN,1997
9004715,400004715,Owner_215,Operator_115,Fishing,SGP,2010
9004716,400004716,Owner_216,Operator_116,Cargo,IND,2014
9004717,400004717,Owner_217,Operator_117,Cargo,SGP,1990
9004718,400004718,Owner_218,Operator_118,Tanker,IND,1997
9004719,400004719,Owner_219,Operator_119,Container,SGP,2012
9004720,400004720,Owner_220,Operator_120,Fishing,LBR,2006
9004721,400004721,Owner_221,Operator_121,Fishing,IND,2006
9004722,400004722,Owner_222,Operator_122,Cargo,LBR,1998
9004723,400004723,Owner_223,Operator_123,Tanker,SGP,1990
9004724,400004724,Owner_224,Operator_124,Fishing,SGP,2008
9004725,400004725,Owner_225,Operator_125,Tanker,PAN,1990
9004726,400004726,Owner_226,Operator_126,Cargo,LBR,2004
9004727,400004727,Owner_227,Operator_127,Cargo,SGP,2008
9004728,400004728,Owner_228,Operator_128,Container,PAN,2025
9004729,400004729,Owner_229,Operator_129,Tanker,IND,1996
9004730,400004730,Owner_230,Operator_130,Bulk Carrier,MHL,2008
9004731,400004731,Owner_231,Operator_131,Cargo,IND,1996
9004732,400004732,Owner_232,Operator_132,Bulk Carrier,PAN,2000
9004733,400004733,Owner_233,Operator_133,Fishing,PAN,1996
9004734,400004734,Owner_234,Operator_134,Tanker,LBR,1992
9004735,400004735,Owner_235,Operator_135,Fishing,SGP,2023
9004736,400004736,Owner_236,Operator_136,Fishing,SGP,2024
9004737,400004737,Owner_237,Operator_137,Container,IND,2020
9004738,400004738,Owner_238,Operator_138,Tanker,IND,2016
9004739,400004739,Owner_239,Operator_139,Container,SGP,2008
9004740,400004740,Owner_240,Operator_140,Bulk Carrier,PAN,2021
9004741,400004741,Owner_241,Operator_141,Bulk Carrier,SGP,2014
9004742,400004742,Owner_242,Operator_142,Tanker,SGP,1990
9004743,400004743,Owner_243,Operator_143,Cargo,MHL,2024
9004744,400004744,Owner_244,Operator_144,Container,MHL,2020
9004745,400004745,Owner_245,Operator_145,Fishing,PAN,2014
9004746,400004746,Owner_246,Operator_146,Bulk Carrier,MHL,2017
9004747,400004747,Owner_247,Operator_147,Tanker,SGP,2025
9004748,400004748,Owner_248,Operator_148,Tanker,MHL,2002
9004749,400004749,Owner_249,Operator_149,Cargo,IND,2022
9004750,400004750,Owner_250,Operator_150,Cargo,MHL,2009
9004751,400004751,Owner_251,Operator_151,Bulk Carrier,PAN,1996
9004752,400004752,Owner_252,Operator_152,Cargo,MHL,2011
9004753,400004753,Owner_253,Operator_153,Cargo,MHL,1999
9004754,400004754,Owner_254,Operator_154,Fishing,MHL,2021
9004755,400004755,Owner_255,Operator_155,Bulk Carrier,PAN,2025
9004756,400004756,Owner_256,Operator_156,Tanker,PAN,1999
9004757,400004757,Owner_257,Operator_157,Container,LBR,2021
9004758,400004758,Owner_258,Operator_158,Bulk Carrier,PAN,2020
9004759,400004759,Owner_259,Operator_159,Fishing,IND,1994
9004760,400004760,Owner_260,Operator_160,Cargo,IND,2003
9004761,400004761,Owner_261,Operator_161,Tanker,SGP,2016
9004762,400004762,Owner_262,Operator_162,Tanker,MHL,2013
9004763,400004763,Owner_263,Operator_163,Container,IND,2008
9004764,400004764,Owner_264,Operator_164,Fishing,LBR,1999
9004765,400004765,Owner_265,Operator_165,Tanker,LBR,1993
9004766,400004766,Owner_266,Operator_166,Bulk Carrier,IND,2003
9004767,400004767,Owner_267,Operator_167,Fishing,MHL,2000
9004768,400004768,Owner_268,Operator_168,Container,MHL,2024
9004769,400004769,Owner_269,Operator_169,Bulk Carrier,PAN,1994
9004770,400004770,Owner_270,Operator_170,Container,PAN,2021
9004771,400004771,Owner_271,Operator_171,Container,MHL,2010
9004772,400004772,Owner_272,Operator_172,Tanker,SGP,2012
9004773,400004773,Owner_273,Operator_173,Container,IND,2024
9004774,400004774,Owner_274,Operator_174,Cargo,IND,2017
9004775,400004775,Owner_275,Operator_175,Fishing,MHL,2021
9004776,400004776,Owner_276,Operator_176,Fishing,IND,2016
9004777,400004777,Owner_277,Operator_177,Fishing,IND,2024
9004778,400004778,Owner_278,Operator_178,Cargo,LBR,2024
9004779,400004779,Owner_279,Operator_179,Fishing,MHL,1990
9004780,400004780,Owner_280,Operator_180,Container,PAN,1995
9004781,400004781,Owner_281,Operator_181,Fishing,MHL,2013
9004782,400004782,Owner_282,Operator_182,Cargo,IND,2006
9004783,400004783,Owner_283,Operator_183,Bulk Carrier,LBR,2023
9004784,400004784,Owner_284,Operator_184,Cargo,IND,2025
9004785,400004785,Owner_285,Operator_185,Container,PAN,2009
9004786,400004786,Owner_286,Operator_186,Container,PAN,1997
9004787,400004787,Owner_287,Operator_187,Tanker,IND,2015
9004788,400004788,Owner_288,Operator_188,Cargo,SGP,2022
9004789,400004789,Owner_289,Operator_189,Cargo,MHL,2004
9004790,400004790,Owner_290,Operator_190,Bulk Carrier,IND,2022
9004791,400004791,Owner_291,Operator_191,Tanker,SGP,2004
9004792,400004792,Owner_292,Operator_192,Tanker,PAN,1992
9004793,400004793,Owner_293,Operator_193,Fishing,MHL,2008
9004794,400004794,Owner_294,Operator_194,Bulk Carrier,PAN,1994
9004795,400004795,Owner_295,Operator_195,Container,PAN,2020
9004796,400004796,Owner_296,Operator_196,Bulk Carrier,SGP,2003
9004797,400004797,Owner_297,Operator_197,Cargo,SGP,1994
9004798,400004798,Owner_298,Operator_198,Cargo,IND,1999
9004799,400004799,Owner_299,Operator_199,Cargo,SGP,1998
9004800,400004800,Owner_0,Operator_0,Container,LBR,2009
9004801,400004801,Owner_1,Operator_1,Fishing,SGP,2022
9004802,400004802,Owner_2,Operator_2,Bulk Carrier,LBR,2007
9004803,400004803,Owner_3,Operator_3,Fishing,MHL,2013
9004804,400004804,Owner_4,Operator_4,Cargo,PAN,2012
9004805,400004805,Owner_5,Operator_5,Cargo,SGP,2014
9004806,400004806,Owner_6,Operator_6,Bulk Carrier,MHL,2018
9004807,400004807,Owner_7,Operator_7,Cargo,PAN,2007
9004808,400004808,Owner_8,Operator_8,Cargo,LBR,1994
9004809,400004809,Owner_9,Operator_9,Bulk Carrier,IND,2016
9004810,400004810,Owner_10,Operator_10,Bulk Carrier,IND,2002
9004811,400004811,Owner_11,Operator_11,Cargo,IND,1997
9004812,400004812,Owner_12,Operator_12,Tanker,LBR,2025
9004813,400004813,Owner_13,Operator_13,Container,PAN,1997
9004814,400004814,Owner_14,Operator_14,Tanker,MHL,2009
9004815,400004815,Owner_15,Operator_15,Fishing,SGP,2017
9004816,400004816,Owner_16,Operator_16,Cargo,SGP,1995
9004817,400004817,Owner_17,Operator_17,Fishing,LBR,2023
9004818,400004818,Owner_18,Operator_18,Fishing,MHL,2004
9004819,400004819,Owner_19,Operator_19,Fishing,SGP,1996
9004820,400004820,Owner_20,Operator_20,Fishing,LBR,2023
9004821,400004821,Owner_21,Operator_21,Tanker,MHL,2018
9004822,400004822,Owner_22,Operator_22,Container,PAN,2006
9004823,400004823,Owner_23,Operator_23,Fishing,SGP,1992
9004824,400004824,Owner_24,Operator_24,Cargo,LBR,1993
9004825,400004825,Owner_25,Operator_25,Fishing,LBR,2003
9004826,400004826,Owner_26,Operator_26,Container,LBR,2021
9004827,400004827,Owner_27,Operator_27,Container,SGP,1992
9004828,400004828,Owner_28,Operator_28,Bulk Carrier,IND,2010
9004829,400004829,Owner_29,Operator_29,Cargo,SGP,1992
9004830,400004830,Owner_30,Operator_30,Cargo,MHL,1993
9004831,400004831,Owner_31,Operator_31,Fishing,MHL,2005
9004832,400004832,Owner_32,Operator_32,Container,PAN,2024
9004833,400004833,Owner_33,Operator_33,Tanker,IND,2022
9004834,400004834,Owner_34,Operator_34,Container,SGP,1995
9004835,400004835,Owner_35,Operator_35,Tanker,SGP,2002
9004836,400004836,Owner_36,Operator_36,Bulk Carrier,PAN,1996
9004837,400004837,Owner_37,Operator_37,Bulk Carrier,IND,2023
9004838,400004838,Owner_38,Operator_38,Tanker,SGP,1993
9004839,400004839,Owner_39,Operator_39,Bulk Carrier,LBR,2000
9004840,400004840,Owner_40,Operator_40,Cargo,MHL,2014
9004841,400004841,Owner_41,Operator_41,Bulk Carrier,MHL,2002
9004842,400004842,Owner_42,Operator_42,Fishing,LBR,2024
9004843,400004843,Owner_43,Operator_43,Tanker,LBR,2013
9004844,400004844,Owner_44,Operator_44,Cargo,MHL,2007
9004845,400004845,Owner_45,Operator_45,Bulk Carrier,PAN,2022
9004846,400004846,Owner_46,Operator_46,Cargo,LBR,1999
9004847,400004847,Owner_47,Operator_47,Container,PAN,2002
9004848,400004848,Owner_48,Operator_48,Cargo,IND,2018
9004849,400004849,Owner_49,Operator_49,Fishing,IND,2010
9004850,400004850,Owner_50,Operator_50,Cargo,PAN,1994
9004851,400004851,Owner_51,Operator_51,Container,IND,2024
9004852,400004852,Owner_52,Operator_52,Bulk Carrier,IND,2024
9004853,400004853,Owner_53,Operator_53,Fishing,MHL,1998
9004854,400004854,Owner_54,Operator_54,Tanker,PAN,1998
9004855,400004855,Owner_55,Operator_55,Cargo,SGP,2022
9004856,400004856,Owner_56,Operator_56,Fishing,SGP,2022
9004857,400004857,Owner_57,Operator_57,Tanker,SGP,2020
9004858,400004858,Owner_58,Operator_58,Bulk Carrier,IND,1991
9004859,400004859,Owner_59,Operator_59,Container,MHL,2024
9004860,400004860,Owner_60,Operator_60,Cargo,LBR,1994
9004861,400004861,Owner_61,Operator_61,Tanker,IND,2022
9004862,400004862,Owner_62,Operator_62,Cargo,MHL,1998
9004863,400004863,Owner_63,Operator_63,Cargo,MHL,2025
9004864,400004864,Owner_64,Operator_64,Cargo,IND,2015
9004865,400004865,Owner_65,Operator_65,Fishing,IND,2016
9004866,400004866,Owner_66,Operator_66,Tanker,IND,2020
9004867,400004867,Owner_67,Operator_67,Container,PAN,2011
9004868,400004868,Owner_68,Operator_68,Bulk Carrier,IND,2025
9004869,400004869,Owner_69,Operator_69,Cargo,LBR,1994
9004870,400004870,Owner_70,Operator_70,Container,LBR,2021
9004871,400004871,Owner_71,Operator_71,Tanker,MHL,2002
9004872,400004872,Owner_72,Operator_72,Bulk Carrier,LBR,1996
9004873,400004873,Owner_73,Operator_73,Container,MHL,2017
9004874,400004874,Owner_74,Operator_74,Bulk Carrier,SGP,2021
9004875,400004875,Owner_75,Operator_75,Bulk Carrier,LBR,2012
9004876,400004876,Owner_76,Operator_76,Tanker,PAN,2016
9004877,400004877,Owner_77,Operator_77,Cargo,LBR,1990
9004878,400004878,Owner_78,Operator_78,Fishing,SGP,2005
9004879,400004879,Owner_79,Operator_79,Bulk Carrier,MHL,1993
9004880,400004880,Owner_80,Operator_80,Bulk Carrier,SGP,1997
9004881,400004881,Owner_81,Operator_81,Tanker,IND,1996
9004882,400004882,Owner_82,Operator_82,Container,SGP,2019
9004883,400004883,Owner_83,Operator_83,Fishing,MHL,2006
9004884,400004884,Owner_84,Operator_84,Container,LBR,1997
9004885,400004885,Owner_85,Operator_85,Tanker,SGP,2004
9004886,400004886,Owner_86,Operator_86,Bulk Carrier,SGP,1997
9004887,400004887,Owner_87,Operator_87,Bulk Carrier,LBR,2013
9004888,400004888,Owner_88,Operator_88,Fishing,LBR,2010
9004889,400004889,Owner_89,Operator_89,Bulk Carrier,LBR,1996
9004890,400004890,Owner_90,Operator_90,Fishing,IND,2002
9004891,400004891,Owner_91,Operator_91,Bulk Carrier,LBR,1992
9004892,400004892,Owner_92,Operator_92,Fishing,IND,2001
9004893,400004893,Owner_93,Operator_93,Container,IND,1994
9004894,400004894,Owner_94,Operator_94,Bulk Carrier,LBR,2015
9004895,400004895,Owner_95,Operator_95,Cargo,IND,1993
9004896,400004896,Owner_96,Operator_96,Fishing,LBR,1999
9004897,400004897,Owner_97,Operator_97,Fishing,MHL,1993
9004898,400004898,Owner_98,Operator_98,Container,LBR,2004
9004899,400004899,Owner_99,Operator_99,Fishing,IND,2009
9004900,400004900,Owner_100,Operator_100,Container,SGP,2022
9004901,400004901,Owner_101,Operator_101,Cargo,PAN,2002
9004902,400004902,Owner_102,Operator_102,Cargo,PAN,2006
9004903,400004903,Owner_103,Operator_103,Bulk Carrier,SGP,2012
9004904,400004904,Owner_104,Operator_104,Bulk Carrier,IND,1996
9004905,400004905,Owner_105,Operator_105,Tanker,LBR,2025
9004906,400004906,Owner_106,Operator_106,Bulk Carrier,PAN,2022
9004907,400004907,Owner_107,Operator_107,Fishing,MHL,2008
9004908,400004908,Owner_108,Operator_108,Cargo,IND,2018
9004909,400004909,Owner_109,Operator_109,Fishing,LBR,2007
9004910,400004910,Owner_110,Operator_110,Container,IND,2023
9004911,400004911,Owner_111,Operator_111,Bulk Carrier,SGP,2000
9004912,400004912,Owner_112,Operator_112,Bulk Carrier,SGP,2018
9004913,400004913,Owner_113,Operator_113,Tanker,IND,2011
9004914,400004914,Owner_114,Operator_114,Bulk Carrier,MHL,1994
9004915,400004915,Owner_115,Operator_115,Tanker,MHL,2001
9004916,400004916,Owner_116,Operator_116,Cargo,MHL,1991
9004917,400004917,Owner_117,Operator_117,Cargo,MHL,2001
9004918,400004918,Owner_118,Operator_118,Tanker,MHL,2015
9004919,400004919,Owner_119,Operator_119,Container,PAN,2004
9004920,400004920,Owner_120,Operator_120,Bulk Carrier,MHL,2004
9004921,400004921,Owner_121,Operator_121,Cargo,IND,1997
9004922,400004922,Owner_122,Operator_122,Bulk Carrier,LBR,2014
9004923,400004923,Owner_123,Operator_123,Fishing,PAN,2021
9004924,400004924,Owner_124,Operator_124,Cargo,LBR,2014
9004925,400004925,Owner_125,Operator_125,Fishing,IND,2023
9004926,400004926,Owner_126,Operator_126,Fishing,IND,2016
9004927,400004927,Owner_127,Operator_127,Cargo,SGP,2023
9004928,400004928,Owner_128,Operator_128,Cargo,IND,2010
9004929,400004929,Owner_129,Operator_129,Cargo,SGP,2021
9004930,400004930,Owner_130,Operator_130,Cargo,LBR,2017
9004931,400004931,Owner_131,Operator_131,Fishing,MHL,2007
9004932,400004932,Owner_132,Operator_132,Tanker,PAN,2012
9004933,400004933,Owner_133,Operator_133,Container,IND,2007
9004934,400004934,Owner_134,Operator_134,Cargo,SGP,2014
9004935,400004935,Owner_135,Operator_135,Fishing,IND,1994
9004936,400004936,Owner_136,Operator_136,Bulk Carrier,LBR,2003
9004937,400004937,Owner_137,Operator_137,Bulk Carrier,MHL,1991
9004938,400004938,Owner_138,Operator_138,Cargo,SGP,2020
9004939,400004939,Owner_139,Operator_139,Tanker,PAN,2025
9004940,400004940,Owner_140,Operator_140,Container,SGP,1992
9004941,400004941,Owner_141,Operator_141,Cargo,MHL,1997
9004942,400004942,Owner_142,Operator_142,Fishing,IND,2011
9004943,400004943,Owner_143,Operator_143,Tanker,MHL,1994
9004944,400004944,Owner_144,Operator_144,Container,IND,2011
9004945,400004945,Owner_145,Operator_145,Fishing,SGP,2018
9004946,400004946,Owner_146,Operator_146,Tanker,LBR,2013
9004947,400004947,Owner_147,Operator_147,Fishing,MHL,2023
9004948,400004948,Owner_148,Operator_148,Bulk Carrier,PAN,2001
9004949,400004949,Owner_149,Operator_149,Tanker,LBR,2022
9004950,400004950,Owner_150,Operator_150,Bulk Carrier,IND,1994
9004951,400004951,Owner_151,Operator_151,Fishing,MHL,2011
9004952,400004952,Owner_152,Operator_152,Fishing,PAN,2023
9004953,400004953,Owner_153,Operator_153,Bulk Carrier,LBR,2010
9004954,400004954,Owner_154,Operator_154,Container,IND,2020
9004955,400004955,Owner_155,Operator_155,Tanker,MHL,2017
9004956,400004956,Owner_156,Operator_156,Tanker,PAN,1998
9004957,400004957,Owner_157,Operator_157,Bulk Carrier,IND,2009
9004958,400004958,Owner_158,Operator_158,Container,LBR,1995
9004959,400004959,Owner_159,Operator_159,Bulk Carrier,SGP,2014
9004960,400004960,Owner_160,Operator_160,Bulk Carrier,LBR,2015
9004961,400004961,Owner_161,Operator_161,Bulk Carrier,MHL,2013
9004962,400004962,Owner_162,Operator_162,Tanker,SGP,1995
9004963,400004963,Owner_163,Operator_163,Tanker,LBR,1997
9004964,400004964,Owner_164,Operator_164,Cargo,SGP,2012
9004965,400004965,Owner_165,Operator_165,Container,LBR,1991
9004966,400004966,Owner_166,Operator_166,Tanker,MHL,2000
9004967,400004967,Owner_167,Operator_167,Tanker,LBR,1998
9004968,400004968,Owner_168,Operator_168,Container,IND,2023
9004969,400004969,Owner_169,Operator_169,Fishing,PAN,1998
9004970,400004970,Owner_170,Operator_170,Cargo,PAN,2025
9004971,400004971,Owner_171,Operator_171,Bulk Carrier,LBR,2020
9004972,400004972,Owner_172,Operator_172,Fishing,SGP,1990
9004973,400004973,Owner_173,Operator_173,Fishing,MHL,2021
9004974,400004974,Owner_174,Operator_174,Fishing,PAN,2016
9004975,400004975,Owner_175,Operator_175,Bulk Carrier,LBR,2008
9004976,400004976,Owner_176,Operator_176,Bulk Carrier,SGP,2019
9004977,400004977,Owner_177,Operator_177,Tanker,IND,2005
9004978,400004978,Owner_178,Operator_178,Container,SGP,1997
9004979,400004979,Owner_179,Operator_179,Tanker,PAN,2002
9004980,400004980,Owner_180,Operator_180,Container,PAN,2018
9004981,400004981,Owner_181,Operator_181,Bulk Carrier,MHL,2012
9004982,400004982,Owner_182,Operator_182,Container,PAN,2023
9004983,400004983,Owner_183,Operator_183,Fishing,PAN,2008
9004984,400004984,Owner_184,Operator_184,Tanker,SGP,2009
9004985,400004985,Owner_185,Operator_185,Tanker,PAN,2022
9004986,400004986,Owner_186,Operator_186,Fishing,SGP,2001
9004987,400004987,Owner_187,Operator_187,Fishing,MHL,1996
9004988,400004988,Owner_188,Operator_188,Fishing,IND,1999
9004989,400004989,Owner_189,Operator_189,Bulk Carrier,LBR,1998
9004990,400004990,Owner_190,Operator_190,Container,PAN,2004
9004991,400004991,Owner_191,Operator_191,Container,PAN,2019
9004992,400004992,Owner_192,Operator_192,Bulk Carrier,LBR,2007
9004993,400004993,Owner_193,Operator_193,Container,MHL,2016
9004994,400004994,Owner_194,Operator_194,Bulk Carrier,IND,1991
9004995,400004995,Owner_195,Operator_195,Fishing,IND,2011
9004996,400004996,Owner_196,Operator_196,Container,SGP,2001
9004997,400004997,Owner_197,Operator_197,Bulk Carrier,PAN,2023
9004998,400004998,Owner_198,Operator_198,Tanker,PAN,2020
9004999,400004999,Owner_199,Operator_199,Fishing,IND,2020
