spill_id,annotation_file,image_name,timestamp_utc,object_index,class_name,image_width,image_height,bbox_xmin,bbox_ymin,bbox_xmax,bbox_ymax,bbox_area_pixels,latitude,longitude,confidence,geolocation_status
SPILL_00001,oc-0001.xml,S1_20190101_034235_034350_VV_0.jpg,2019-01-01T03:42:35,1,oil,640,640,238,218,311,275,4161,,,,NOT_AVAILABLE
SPILL_00002,oc-0001.xml,S1_20190101_034235_034350_VV_0.jpg,2019-01-01T03:42:35,2,oil,640,640,151,392,221,436,3080,,,,NOT_AVAILABLE
SPILL_00003,oc-0001.xml,S1_20190101_034235_034350_VV_0.jpg,2019-01-01T03:42:35,3,oil,640,640,188,285,295,378,9951,,,,NOT_AVAILABLE
SPILL_00004,oc-0001.xml,S1_20190101_034235_034350_VV_0.jpg,2019-01-01T03:42:35,4,oil,640,640,199,281,274,311,2250,,,,NOT_AVAILABLE
SPILL_00005,oc-0001.xml,S1_20190101_034235_034350_VV_0.jpg,2019-01-01T03:42:35,5,oil,640,640,1,160,48,209,2303,,,,NOT_AVAILABLE
SPILL_00006,oc-0002.xml,S1_20190101_034235_034350_VV_4.jpg,2019-01-01T03:42:35,1,oil,640,640,331,427,373,552,5250,,,,NOT_AVAILABLE
SPILL_00007,oc-0002.xml,S1_20190101_034235_034350_VV_4.jpg,2019-01-01T03:42:35,2,oil,640,640,256,305,302,400,4370,,,,NOT_AVAILABLE
SPILL_00008,oc-0003.xml,S1_20190101_034235_034350_VV_5.jpg,2019-01-01T03:42:35,1,oil,640,640,281,219,373,408,17388,,,,NOT_AVAILABLE
SPILL_00009,oc-0004.xml,S1_20190104_155638_155818_VV_0.jpg,2019-01-04T15:56:38,1,oil,640,640,282,307,358,333,1976,,,,NOT_AVAILABLE
SPILL_00010,oc-0004.xml,S1_20190104_155638_155818_VV_0.jpg,2019-01-04T15:56:38,2,oil,640,640,490,418,520,443,750,,,,NOT_AVAILABLE
SPILL_00011,oc-0005.xml,S1_20190105_035928_040108_VV_0.jpg,2019-01-05T03:59:28,1,oil,640,640,275,279,377,402,12546,,,,NOT_AVAILABLE
SPILL_00012,oc-0006.xml,S1_20190105_154746_154926_VV_0.jpg,2019-01-05T15:47:46,1,oil,640,640,401,224,450,239,735,,,,NOT_AVAILABLE
SPILL_00013,oc-0006.xml,S1_20190105_154746_154926_VV_0.jpg,2019-01-05T15:47:46,2,oil,640,640,191,392,218,422,810,,,,NOT_AVAILABLE
SPILL_00014,oc-0007.xml,S1_20190110_155611_155635_VV_0.jpg,2019-01-10T15:56:11,1,oil,640,640,410,401,466,449,2688,,,,NOT_AVAILABLE
SPILL_00015,oc-0007.xml,S1_20190110_155611_155635_VV_0.jpg,2019-01-10T15:56:11,2,oil,640,640,265,602,323,640,2204,,,,NOT_AVAILABLE
SPILL_00016,oc-0007.xml,S1_20190110_155611_155635_VV_0.jpg,2019-01-10T15:56:11,3,oil,640,640,386,340,507,439,11979,,,,NOT_AVAILABLE
SPILL_00017,oc-0007.xml,S1_20190110_155611_155635_VV_0.jpg,2019-01-10T15:56:11,4,oil,640,640,569,298,592,310,276,,,,NOT_AVAILABLE
SPILL_00018,oc-0007.xml,S1_20190110_155611_155635_VV_0.jpg,2019-01-10T15:56:11,5,oil,640,640,576,472,639,551,4977,,,,NOT_AVAILABLE
SPILL_00019,oc-0007.xml,S1_20190110_155611_155635_VV_0.jpg,2019-01-10T15:56:11,6,oil,640,640,280,533,360,633,8000,,,,NOT_AVAILABLE
SPILL_00020,oc-0007.xml,S1_20190110_155611_155635_VV_0.jpg,2019-01-10T15:56:11,7,oil,640,640,360,576,407,637,2867,,,,NOT_AVAILABLE
SPILL_00021,oc-0008.xml,S1_20190110_155611_155635_VV_1.jpg,2019-01-10T15:56:11,1,oil,640,640,5,269,179,349,13920,,,,NOT_AVAILABLE
SPILL_00022,oc-0008.xml,S1_20190110_155611_155635_VV_1.jpg,2019-01-10T15:56:11,2,oil,640,640,338,102,366,138,1008,,,,NOT_AVAILABLE
SPILL_00023,oc-0008.xml,S1_20190110_155611_155635_VV_1.jpg,2019-01-10T15:56:11,3,oil,640,640,601,296,624,324,644,,,,NOT_AVAILABLE
SPILL_00024,oc-0008.xml,S1_20190110_155611_155635_VV_1.jpg,2019-01-10T15:56:11,4,oil,640,640,23,162,50,251,2403,,,,NOT_AVAILABLE
SPILL_00025,oc-0008.xml,S1_20190110_155611_155635_VV_1.jpg,2019-01-10T15:56:11,5,oil,640,640,295,449,314,466,323,,,,NOT_AVAILABLE
SPILL_00026,oc-0009.xml,S1_20190111_154836_155016_VV_1.jpg,2019-01-11T15:48:36,1,oil,640,640,285,281,362,357,5852,,,,NOT_AVAILABLE
SPILL_00027,oc-0010.xml,S1_20190113_034235_034350_VV_1.jpg,2019-01-13T03:42:35,1,oil,640,640,268,286,393,364,9750,,,,NOT_AVAILABLE
SPILL_00028,oc-0011.xml,S1_20190113_034235_034350_VV_2.jpg,2019-01-13T03:42:35,1,oil,640,640,101,372,209,440,7344,,,,NOT_AVAILABLE
SPILL_00029,oc-0011.xml,S1_20190113_034235_034350_VV_2.jpg,2019-01-13T03:42:35,2,oil,640,640,507,338,640,412,9842,,,,NOT_AVAILABLE
SPILL_00030,oc-0011.xml,S1_20190113_034235_034350_VV_2.jpg,2019-01-13T03:42:35,3,oil,640,640,431,422,544,589,18871,,,,NOT_AVAILABLE
SPILL_00031,oc-0011.xml,S1_20190113_034235_034350_VV_2.jpg,2019-01-13T03:42:35,4,oil,640,640,203,290,323,350,7200,,,,NOT_AVAILABLE
SPILL_00032,oc-0011.xml,S1_20190113_034235_034350_VV_2.jpg,2019-01-13T03:42:35,5,oil,640,640,564,377,640,479,7752,,,,NOT_AVAILABLE
SPILL_00033,oc-0011.xml,S1_20190113_034235_034350_VV_2.jpg,2019-01-13T03:42:35,6,oil,640,640,573,481,591,510,522,,,,NOT_AVAILABLE
SPILL_00034,oc-0011.xml,S1_20190113_034235_034350_VV_2.jpg,2019-01-13T03:42:35,7,oil,640,640,594,510,621,527,459,,,,NOT_AVAILABLE
SPILL_00035,oc-0012.xml,S1_20190113_034235_034350_VV_3.jpg,2019-01-13T03:42:35,1,oil,640,640,264,267,300,292,900,,,,NOT_AVAILABLE
SPILL_00036,oc-0012.xml,S1_20190113_034235_034350_VV_3.jpg,2019-01-13T03:42:35,2,oil,640,640,391,538,430,618,3120,,,,NOT_AVAILABLE
SPILL_00037,oc-0012.xml,S1_20190113_034235_034350_VV_3.jpg,2019-01-13T03:42:35,3,oil,640,640,237,35,293,90,3080,,,,NOT_AVAILABLE
SPILL_00038,oc-0012.xml,S1_20190113_034235_034350_VV_3.jpg,2019-01-13T03:42:35,4,oil,640,640,262,290,292,363,2190,,,,NOT_AVAILABLE
SPILL_00039,oc-0013.xml,S1_20190113_034235_034350_VV_5.jpg,2019-01-13T03:42:35,1,oil,640,640,339,369,404,405,2340,,,,NOT_AVAILABLE
SPILL_00040,oc-0013.xml,S1_20190113_034235_034350_VV_5.jpg,2019-01-13T03:42:35,2,oil,640,640,188,83,203,126,645,,,,NOT_AVAILABLE
SPILL_00041,oc-0013.xml,S1_20190113_034235_034350_VV_5.jpg,2019-01-13T03:42:35,3,oil,640,640,424,540,459,585,1575,,,,NOT_AVAILABLE
SPILL_00042,oc-0014.xml,S1_20190118_035040_035219_VV_0.jpg,2019-01-18T03:50:40,1,oil,640,640,305,290,347,365,3150,,,,NOT_AVAILABLE
SPILL_00043,oc-0015.xml,S1_20190119_034258_034438_VV_1.jpg,2019-01-19T03:42:58,1,oil,640,640,364,468,403,509,1599,,,,NOT_AVAILABLE
SPILL_00044,oc-0015.xml,S1_20190119_034258_034438_VV_1.jpg,2019-01-19T03:42:58,2,oil,640,640,356,433,442,464,2666,,,,NOT_AVAILABLE
SPILL_00045,oc-0015.xml,S1_20190119_034258_034438_VV_1.jpg,2019-01-19T03:42:58,3,oil,640,640,214,239,246,265,832,,,,NOT_AVAILABLE
SPILL_00046,oc-0015.xml,S1_20190119_034258_034438_VV_1.jpg,2019-01-19T03:42:58,4,oil,640,640,325,132,453,231,12672,,,,NOT_AVAILABLE
SPILL_00047,oc-0015.xml,S1_20190119_034258_034438_VV_1.jpg,2019-01-19T03:42:58,5,oil,640,640,219,313,429,428,24150,,,,NOT_AVAILABLE
SPILL_00048,oc-0015.xml,S1_20190119_034258_034438_VV_1.jpg,2019-01-19T03:42:58,6,oil,640,640,211,274,250,316,1638,,,,NOT_AVAILABLE
SPILL_00049,oc-0016.xml,S1_20190119_034258_034438_VV_2.jpg,2019-01-19T03:42:58,1,oil,640,640,188,39,253,71,2080,,,,NOT_AVAILABLE
SPILL_00050,oc-0016.xml,S1_20190119_034258_034438_VV_2.jpg,2019-01-19T03:42:58,2,oil,640,640,418,169,457,211,1638,,,,NOT_AVAILABLE
SPILL_00051,oc-0016.xml,S1_20190119_034258_034438_VV_2.jpg,2019-01-19T03:42:58,3,oil,640,640,359,327,407,372,2160,,,,NOT_AVAILABLE
SPILL_00052,oc-0016.xml,S1_20190119_034258_034438_VV_2.jpg,2019-01-19T03:42:58,4,oil,640,640,164,187,387,323,30328,,,,NOT_AVAILABLE
SPILL_00053,oc-0016.xml,S1_20190119_034258_034438_VV_2.jpg,2019-01-19T03:42:58,5,oil,640,640,210,551,356,614,9198,,,,NOT_AVAILABLE
SPILL_00054,oc-0016.xml,S1_20190119_034258_034438_VV_2.jpg,2019-01-19T03:42:58,6,oil,640,640,159,316,275,417,11716,,,,NOT_AVAILABLE
SPILL_00055,oc-0017.xml,S1_20190119_034258_034438_VV_4.jpg,2019-01-19T03:42:58,1,oil,640,640,422,494,489,560,4422,,,,NOT_AVAILABLE
SPILL_00056,oc-0017.xml,S1_20190119_034258_034438_VV_4.jpg,2019-01-19T03:42:58,2,oil,640,640,166,83,193,108,675,,,,NOT_AVAILABLE
SPILL_00057,oc-0017.xml,S1_20190119_034258_034438_VV_4.jpg,2019-01-19T03:42:58,3,oil,640,640,282,348,338,414,3696,,,,NOT_AVAILABLE
SPILL_00058,oc-0017.xml,S1_20190119_034258_034438_VV_4.jpg,2019-01-19T03:42:58,4,oil,640,640,163,127,239,169,3192,,,,NOT_AVAILABLE
SPILL_00059,oc-0018.xml,S1_20190119_034258_034438_VV_5.jpg,2019-01-19T03:42:58,1,oil,640,640,254,223,403,475,37548,,,,NOT_AVAILABLE
SPILL_00060,oc-0018.xml,S1_20190119_034258_034438_VV_5.jpg,2019-01-19T03:42:58,2,oil,640,640,427,574,501,631,4218,,,,NOT_AVAILABLE
SPILL_00061,oc-0018.xml,S1_20190119_034258_034438_VV_5.jpg,2019-01-19T03:42:58,3,oil,640,640,194,18,261,221,13601,,,,NOT_AVAILABLE
SPILL_00062,oc-0018.xml,S1_20190119_034258_034438_VV_5.jpg,2019-01-19T03:42:58,4,oil,640,640,265,79,299,185,3604,,,,NOT_AVAILABLE
SPILL_00063,oc-0019.xml,S1_20190119_034258_034438_VV_6.jpg,2019-01-19T03:42:58,1,oil,640,640,456,524,471,584,900,,,,NOT_AVAILABLE
SPILL_00064,oc-0019.xml,S1_20190119_034258_034438_VV_6.jpg,2019-01-19T03:42:58,2,oil,640,640,176,72,271,214,13490,,,,NOT_AVAILABLE
SPILL_00065,oc-0020.xml,S1_20190121_160449_160629_VV_0.jpg,2019-01-21T16:04:49,1,oil,640,640,309,309,347,343,1292,,,,NOT_AVAILABLE
SPILL_00066,oc-0021.xml,S1_20190122_155610_155635_VV_3.jpg,2019-01-22T15:56:10,1,oil,640,640,238,123,290,271,7696,,,,NOT_AVAILABLE
SPILL_00067,oc-0021.xml,S1_20190122_155610_155635_VV_3.jpg,2019-01-22T15:56:10,2,oil,640,640,453,506,469,527,336,,,,NOT_AVAILABLE
SPILL_00068,oc-0021.xml,S1_20190122_155610_155635_VV_3.jpg,2019-01-22T15:56:10,3,oil,640,640,221,285,243,347,1364,,,,NOT_AVAILABLE
SPILL_00069,oc-0021.xml,S1_20190122_155610_155635_VV_3.jpg,2019-01-22T15:56:10,4,oil,640,640,300,386,327,417,837,,,,NOT_AVAILABLE
SPILL_00070,oc-0022.xml,S1_20190122_155610_155635_VV_5.jpg,2019-01-22T15:56:10,1,oil,640,640,108,478,133,522,1100,,,,NOT_AVAILABLE
SPILL_00071,oc-0022.xml,S1_20190122_155610_155635_VV_5.jpg,2019-01-22T15:56:10,2,oil,640,640,489,132,532,165,1419,,,,NOT_AVAILABLE
SPILL_00072,oc-0023.xml,S1_20190122_155610_155635_VV_6.jpg,2019-01-22T15:56:10,1,oil,640,640,315,313,328,331,234,,,,NOT_AVAILABLE
SPILL_00073,oc-0024.xml,S1_20190123_035850_040029_VV_5.jpg,2019-01-23T03:58:50,1,oil,640,640,306,309,335,332,667,,,,NOT_AVAILABLE
SPILL_00074,oc-0025.xml,S1_20190123_035850_040029_VV_7.jpg,2019-01-23T03:58:50,1,oil,640,640,320,5,344,50,1080,,,,NOT_AVAILABLE
SPILL_00075,oc-0025.xml,S1_20190123_035850_040029_VV_7.jpg,2019-01-23T03:58:50,2,oil,640,640,26,84,623,420,200592,,,,NOT_AVAILABLE
SPILL_00076,oc-0026.xml,S1_20190123_035850_040029_VV_10.jpg,2019-01-23T03:58:50,1,oil,640,640,36,395,119,555,13280,,,,NOT_AVAILABLE
SPILL_00077,oc-0026.xml,S1_20190123_035850_040029_VV_10.jpg,2019-01-23T03:58:50,2,oil,640,640,132,214,158,228,364,,,,NOT_AVAILABLE
SPILL_00078,oc-0026.xml,S1_20190123_035850_040029_VV_10.jpg,2019-01-23T03:58:50,3,oil,640,640,290,259,413,548,35547,,,,NOT_AVAILABLE
SPILL_00079,oc-0026.xml,S1_20190123_035850_040029_VV_10.jpg,2019-01-23T03:58:50,4,oil,640,640,227,96,247,112,320,,,,NOT_AVAILABLE
SPILL_00080,oc-0027.xml,S1_20190124_035117_035258_VV_0.jpg,2019-01-24T03:51:17,1,oil,640,640,308,291,319,302,121,,,,NOT_AVAILABLE
SPILL_00081,oc-0027.xml,S1_20190124_035117_035258_VV_0.jpg,2019-01-24T03:51:17,2,oil,640,640,305,328,324,348,380,,,,NOT_AVAILABLE
SPILL_00082,oc-0027.xml,S1_20190124_035117_035258_VV_0.jpg,2019-01-24T03:51:17,3,oil,640,640,313,334,335,354,440,,,,NOT_AVAILABLE
SPILL_00083,oc-0028.xml,S1_20190125_034234_034349_VV_2.jpg,2019-01-25T03:42:34,1,oil,640,640,358,389,390,418,928,,,,NOT_AVAILABLE
SPILL_00084,oc-0028.xml,S1_20190125_034234_034349_VV_2.jpg,2019-01-25T03:42:34,2,oil,640,640,513,426,611,630,19992,,,,NOT_AVAILABLE
SPILL_00085,oc-0028.xml,S1_20190125_034234_034349_VV_2.jpg,2019-01-25T03:42:34,3,oil,640,640,484,236,530,303,3082,,,,NOT_AVAILABLE
SPILL_00086,oc-0029.xml,S1_20190125_034234_034349_VV_5.jpg,2019-01-25T03:42:34,1,oil,640,640,335,359,374,387,1092,,,,NOT_AVAILABLE
SPILL_00087,oc-0029.xml,S1_20190125_034234_034349_VV_5.jpg,2019-01-25T03:42:34,2,oil,640,640,307,308,358,344,1836,,,,NOT_AVAILABLE
SPILL_00088,oc-0029.xml,S1_20190125_034234_034349_VV_5.jpg,2019-01-25T03:42:34,3,oil,640,640,418,504,456,555,1938,,,,NOT_AVAILABLE
SPILL_00089,oc-0029.xml,S1_20190125_034234_034349_VV_5.jpg,2019-01-25T03:42:34,4,oil,640,640,193,103,339,204,14746,,,,NOT_AVAILABLE
SPILL_00090,oc-0029.xml,S1_20190125_034234_034349_VV_5.jpg,2019-01-25T03:42:34,5,oil,640,640,415,485,438,511,598,,,,NOT_AVAILABLE
SPILL_00091,oc-0030.xml,S1_20190125_034234_034349_VV_6.jpg,2019-01-25T03:42:34,1,oil,640,640,451,481,476,572,2275,,,,NOT_AVAILABLE
SPILL_00092,oc-0030.xml,S1_20190125_034234_034349_VV_6.jpg,2019-01-25T03:42:34,2,oil,640,640,175,83,244,190,7383,,,,NOT_AVAILABLE
SPILL_00093,oc-0031.xml,S1_20190128_155638_155818_VV_0.jpg,2019-01-28T15:56:38,1,oil,640,640,253,327,375,408,9882,,,,NOT_AVAILABLE
SPILL_00094,oc-0031.xml,S1_20190128_155638_155818_VV_0.jpg,2019-01-28T15:56:38,2,oil,640,640,270,242,357,277,3045,,,,NOT_AVAILABLE
SPILL_00095,oc-0032.xml,S1_20190129_035927_040107_VV_0.jpg,2019-01-29T03:59:27,1,oil,640,640,63,372,135,464,6624,,,,NOT_AVAILABLE
SPILL_00096,oc-0032.xml,S1_20190129_035927_040107_VV_0.jpg,2019-01-29T03:59:27,2,oil,640,640,480,525,510,640,3450,,,,NOT_AVAILABLE
SPILL_00097,oc-0032.xml,S1_20190129_035927_040107_VV_0.jpg,2019-01-29T03:59:27,3,oil,640,640,532,373,569,461,3256,,,,NOT_AVAILABLE
SPILL_00098,oc-0033.xml,S1_20190130_035040_035219_VV_4.jpg,2019-01-30T03:50:40,1,oil,640,640,468,259,499,295,1116,,,,NOT_AVAILABLE
SPILL_00099,oc-0033.xml,S1_20190130_035040_035219_VV_4.jpg,2019-01-30T03:50:40,2,oil,640,640,213,38,225,67,348,,,,NOT_AVAILABLE
SPILL_00100,oc-0034.xml,S1_20190130_035040_035219_VV_6.jpg,2019-01-30T03:50:40,1,oil,640,640,303,308,336,330,726,,,,NOT_AVAILABLE
SPILL_00101,oc-0034.xml,S1_20190130_035040_035219_VV_6.jpg,2019-01-30T03:50:40,2,oil,640,640,144,375,197,403,1484,,,,NOT_AVAILABLE
SPILL_00102,oc-0035.xml,S1_20190131_034257_034437_VV_0.jpg,2019-01-31T03:42:57,1,oil,640,640,200,18,257,245,12939,,,,NOT_AVAILABLE
SPILL_00103,oc-0035.xml,S1_20190131_034257_034437_VV_0.jpg,2019-01-31T03:42:57,2,oil,640,640,287,490,349,607,7254,,,,NOT_AVAILABLE
SPILL_00104,oc-0035.xml,S1_20190131_034257_034437_VV_0.jpg,2019-01-31T03:42:57,3,oil,640,640,178,129,205,196,1809,,,,NOT_AVAILABLE
SPILL_00105,oc-0035.xml,S1_20190131_034257_034437_VV_0.jpg,2019-01-31T03:42:57,4,oil,640,640,255,240,293,283,1634,,,,NOT_AVAILABLE
SPILL_00106,oc-0035.xml,S1_20190131_034257_034437_VV_0.jpg,2019-01-31T03:42:57,5,oil,640,640,351,356,429,620,20592,,,,NOT_AVAILABLE
SPILL_00107,oc-0036.xml,S1_20190201_033408_033548_VV_0.jpg,2019-02-01T03:34:08,1,oil,640,640,284,277,362,376,7722,,,,NOT_AVAILABLE
SPILL_00108,oc-0037.xml,S1_20190205_035116_035258_VV_0.jpg,2019-02-05T03:51:16,1,oil,640,640,355,347,366,365,198,,,,NOT_AVAILABLE
SPILL_00109,oc-0037.xml,S1_20190205_035116_035258_VV_0.jpg,2019-02-05T03:51:16,2,oil,640,640,282,293,355,343,3650,,,,NOT_AVAILABLE
SPILL_00110,oc-0038.xml,S1_20190205_153942_154057_VV_0.jpg,2019-02-05T15:39:42,1,oil,640,640,457,412,531,466,3996,,,,NOT_AVAILABLE
SPILL_00111,oc-0038.xml,S1_20190205_153942_154057_VV_0.jpg,2019-02-05T15:39:42,2,oil,640,640,106,175,127,188,273,,,,NOT_AVAILABLE
SPILL_00112,oc-0039.xml,S1_20190205_153942_154057_VV_1.jpg,2019-02-05T15:39:42,1,oil,640,640,267,340,364,382,4074,,,,NOT_AVAILABLE
SPILL_00113,oc-0039.xml,S1_20190205_153942_154057_VV_1.jpg,2019-02-05T15:39:42,2,oil,640,640,439,514,595,563,7644,,,,NOT_AVAILABLE
SPILL_00114,oc-0039.xml,S1_20190205_153942_154057_VV_1.jpg,2019-02-05T15:39:42,3,oil,640,640,365,453,491,488,4410,,,,NOT_AVAILABLE
SPILL_00115,oc-0039.xml,S1_20190205_153942_154057_VV_1.jpg,2019-02-05T15:39:42,4,oil,640,640,108,198,182,240,3108,,,,NOT_AVAILABLE
SPILL_00116,oc-0039.xml,S1_20190205_153942_154057_VV_1.jpg,2019-02-05T15:39:42,5,oil,640,640,374,383,412,420,1406,,,,NOT_AVAILABLE
SPILL_00117,oc-0039.xml,S1_20190205_153942_154057_VV_1.jpg,2019-02-05T15:39:42,6,oil,640,640,478,581,623,614,4785,,,,NOT_AVAILABLE
SPILL_00118,oc-0040.xml,S1_20190205_153942_154057_VV_2.jpg,2019-02-05T15:39:42,1,oil,640,640,152,358,218,379,1386,,,,NOT_AVAILABLE
SPILL_00119,oc-0040.xml,S1_20190205_153942_154057_VV_2.jpg,2019-02-05T15:39:42,2,oil,640,640,18,268,128,291,2530,,,,NOT_AVAILABLE
SPILL_00120,oc-0040.xml,S1_20190205_153942_154057_VV_2.jpg,2019-02-05T15:39:42,3,oil,640,640,210,370,230,382,240,,,,NOT_AVAILABLE
SPILL_00121,oc-0041.xml,S1_20190206_034234_034349_VV_0.jpg,2019-02-06T03:42:34,1,oil,640,640,297,285,345,360,3600,,,,NOT_AVAILABLE
SPILL_00122,oc-0042.xml,S1_20190206_153220_153335_VV_0.jpg,2019-02-06T15:32:20,1,oil,640,640,313,371,354,399,1148,,,,NOT_AVAILABLE
SPILL_00123,oc-0042.xml,S1_20190206_153220_153335_VV_0.jpg,2019-02-06T15:32:20,2,oil,640,640,292,255,373,305,4050,,,,NOT_AVAILABLE
SPILL_00124,oc-0042.xml,S1_20190206_153220_153335_VV_0.jpg,2019-02-06T15:32:20,3,oil,640,640,306,290,378,355,4680,,,,NOT_AVAILABLE
SPILL_00125,oc-0043.xml,S1_20190207_033454_033634_VV_0.jpg,2019-02-07T03:34:54,1,oil,640,640,261,261,369,393,14256,,,,NOT_AVAILABLE
SPILL_00126,oc-0044.xml,S1_20190207_033454_033634_VV_1.jpg,2019-02-07T03:34:54,1,oil,640,640,301,280,369,367,5916,,,,NOT_AVAILABLE
SPILL_00127,oc-0045.xml,S1_20190208_160405_160545_VV_0.jpg,2019-02-08T16:04:05,1,oil,640,640,266,285,353,361,6612,,,,NOT_AVAILABLE
SPILL_00128,oc-0046.xml,S1_20190209_155637_155817_VV_0.jpg,2019-02-09T15:56:37,1,oil,640,640,300,292,347,355,2961,,,,NOT_AVAILABLE
SPILL_00129,oc-0047.xml,S1_20190209_155637_155817_VV_1.jpg,2019-02-09T15:56:37,1,oil,640,640,225,393,297,458,4680,,,,NOT_AVAILABLE
SPILL_00130,oc-0047.xml,S1_20190209_155637_155817_VV_1.jpg,2019-02-09T15:56:37,2,oil,640,640,233,469,251,490,378,,,,NOT_AVAILABLE
SPILL_00131,oc-0047.xml,S1_20190209_155637_155817_VV_1.jpg,2019-02-09T15:56:37,3,oil,640,640,211,336,303,445,10028,,,,NOT_AVAILABLE
SPILL_00132,oc-0048.xml,S1_20190211_035040_035219_VV_0.jpg,2019-02-11T03:50:40,1,oil,640,640,118,269,456,387,39884,,,,NOT_AVAILABLE
SPILL_00133,oc-0048.xml,S1_20190211_035040_035219_VV_0.jpg,2019-02-11T03:50:40,2,oil,640,640,381,237,414,280,1419,,,,NOT_AVAILABLE
SPILL_00134,oc-0048.xml,S1_20190211_035040_035219_VV_0.jpg,2019-02-11T03:50:40,3,oil,640,640,216,251,297,305,4374,,,,NOT_AVAILABLE
SPILL_00135,oc-0049.xml,S1_20190211_035040_035219_VV_2.jpg,2019-02-11T03:50:40,1,oil,640,640,122,380,157,424,1540,,,,NOT_AVAILABLE
SPILL_00136,oc-0049.xml,S1_20190211_035040_035219_VV_2.jpg,2019-02-11T03:50:40,2,oil,640,640,483,217,518,227,350,,,,NOT_AVAILABLE
SPILL_00137,oc-0050.xml,S1_20190212_034257_034437_VV_1.jpg,2019-02-12T03:42:57,1,oil,640,640,212,492,250,543,1938,,,,NOT_AVAILABLE
SPILL_00138,oc-0050.xml,S1_20190212_034257_034437_VV_1.jpg,2019-02-12T03:42:57,2,oil,640,640,222,293,278,346,2968,,,,NOT_AVAILABLE
SPILL_00139,oc-0050.xml,S1_20190212_034257_034437_VV_1.jpg,2019-02-12T03:42:57,3,oil,640,640,225,102,270,253,6795,,,,NOT_AVAILABLE
SPILL_00140,oc-0050.xml,S1_20190212_034257_034437_VV_1.jpg,2019-02-12T03:42:57,4,oil,640,640,158,418,212,432,756,,,,NOT_AVAILABLE
SPILL_00141,oc-0050.xml,S1_20190212_034257_034437_VV_1.jpg,2019-02-12T03:42:57,5,oil,640,640,285,487,295,515,280,,,,NOT_AVAILABLE
SPILL_00142,oc-0051.xml,S1_20190212_034257_034437_VV_2.jpg,2019-02-12T03:42:57,1,oil,717,717,139,0,342,239,48517,,,,NOT_AVAILABLE
SPILL_00143,oc-0051.xml,S1_20190212_034257_034437_VV_2.jpg,2019-02-12T03:42:57,2,oil,717,717,276,284,693,717,180561,,,,NOT_AVAILABLE
SPILL_00144,oc-0051.xml,S1_20190212_034257_034437_VV_2.jpg,2019-02-12T03:42:57,3,oil,717,717,24,262,360,505,81648,,,,NOT_AVAILABLE
SPILL_00145,oc-0051.xml,S1_20190212_034257_034437_VV_2.jpg,2019-02-12T03:42:57,4,oil,717,717,283,33,445,418,62370,,,,NOT_AVAILABLE
SPILL_00146,oc-0052.xml,S1_20190212_034257_034437_VV_3.jpg,2019-02-12T03:42:57,1,oil,661,661,140,312,365,548,53100,,,,NOT_AVAILABLE
SPILL_00147,oc-0052.xml,S1_20190212_034257_034437_VV_3.jpg,2019-02-12T03:42:57,2,oil,661,661,237,407,339,661,25908,,,,NOT_AVAILABLE
SPILL_00148,oc-0052.xml,S1_20190212_034257_034437_VV_3.jpg,2019-02-12T03:42:57,3,oil,661,661,196,0,521,417,135525,,,,NOT_AVAILABLE
SPILL_00149,oc-0053.xml,S1_20190212_034257_034437_VV_8.jpg,2019-02-12T03:42:57,1,oil,640,640,326,304,396,403,6930,,,,NOT_AVAILABLE
SPILL_00150,oc-0053.xml,S1_20190212_034257_034437_VV_8.jpg,2019-02-12T03:42:57,2,oil,640,640,182,95,204,128,726,,,,NOT_AVAILABLE
SPILL_00151,oc-0053.xml,S1_20190212_034257_034437_VV_8.jpg,2019-02-12T03:42:57,3,oil,640,640,408,485,464,566,4536,,,,NOT_AVAILABLE
SPILL_00152,oc-0054.xml,S1_20190212_034257_034437_VV_9.jpg,2019-02-12T03:42:57,1,oil,640,640,423,509,453,544,1050,,,,NOT_AVAILABLE
SPILL_00153,oc-0054.xml,S1_20190212_034257_034437_VV_9.jpg,2019-02-12T03:42:57,2,oil,640,640,435,504,482,567,2961,,,,NOT_AVAILABLE
SPILL_00154,oc-0054.xml,S1_20190212_034257_034437_VV_9.jpg,2019-02-12T03:42:57,3,oil,640,640,176,86,231,187,5555,,,,NOT_AVAILABLE
SPILL_00155,oc-0055.xml,S1_20190213_033408_033548_VV_0.jpg,2019-02-13T03:34:08,1,oil,640,640,474,219,514,256,1480,,,,NOT_AVAILABLE
SPILL_00156,oc-0055.xml,S1_20190213_033408_033548_VV_0.jpg,2019-02-13T03:34:08,2,oil,640,640,368,151,395,265,3078,,,,NOT_AVAILABLE
SPILL_00157,oc-0055.xml,S1_20190213_033408_033548_VV_0.jpg,2019-02-13T03:34:08,3,oil,640,640,474,448,521,485,1739,,,,NOT_AVAILABLE
SPILL_00158,oc-0056.xml,S1_20190216_154835_155015_VV_0.jpg,2019-02-16T15:48:35,1,oil,640,640,286,181,318,224,1376,,,,NOT_AVAILABLE
SPILL_00159,oc-0056.xml,S1_20190216_154835_155015_VV_0.jpg,2019-02-16T15:48:35,2,oil,640,640,391,483,406,493,150,,,,NOT_AVAILABLE
SPILL_00160,oc-0057.xml,S1_20190217_035116_035258_VV_4.jpg,2019-02-17T03:51:16,1,oil,640,640,261,273,403,380,15194,,,,NOT_AVAILABLE
SPILL_00161,oc-0058.xml,S1_20190217_035116_035258_VV_5.jpg,2019-02-17T03:51:16,1,oil,640,640,283,285,353,362,5390,,,,NOT_AVAILABLE
SPILL_00162,oc-0059.xml,S1_20190218_034234_034349_VV_1.jpg,2019-02-18T03:42:34,1,oil,640,640,288,231,335,437,9682,,,,NOT_AVAILABLE
SPILL_00163,oc-0060.xml,S1_20190218_034234_034349_VV_6.jpg,2019-02-18T03:42:34,1,oil,640,640,292,309,359,339,2010,,,,NOT_AVAILABLE
SPILL_00164,oc-0060.xml,S1_20190218_034234_034349_VV_6.jpg,2019-02-18T03:42:34,2,oil,640,640,325,604,387,640,2232,,,,NOT_AVAILABLE
SPILL_00165,oc-0061.xml,S1_20190218_034234_034349_VV_10.jpg,2019-02-18T03:42:34,1,oil,640,640,309,312,336,332,540,,,,NOT_AVAILABLE
SPILL_00166,oc-0062.xml,S1_20190218_034234_034349_VV_11.jpg,2019-02-18T03:42:34,1,oil,640,640,532,302,623,446,13104,,,,NOT_AVAILABLE
SPILL_00167,oc-0062.xml,S1_20190218_034234_034349_VV_11.jpg,2019-02-18T03:42:34,2,oil,640,640,482,178,545,286,6804,,,,NOT_AVAILABLE
SPILL_00168,oc-0063.xml,S1_20190218_034234_034349_VV_12.jpg,2019-02-18T03:42:34,1,oil,640,640,344,356,388,410,2376,,,,NOT_AVAILABLE
SPILL_00169,oc-0063.xml,S1_20190218_034234_034349_VV_12.jpg,2019-02-18T03:42:34,2,oil,640,640,293,242,309,281,624,,,,NOT_AVAILABLE
SPILL_00170,oc-0063.xml,S1_20190218_034234_034349_VV_12.jpg,2019-02-18T03:42:34,3,oil,640,640,270,238,293,283,1035,,,,NOT_AVAILABLE
SPILL_00171,oc-0064.xml,S1_20190219_033454_033634_VV_0.jpg,2019-02-19T03:34:54,1,oil,825,825,109,270,240,683,54103,,,,NOT_AVAILABLE
SPILL_00172,oc-0065.xml,S1_20190220_160404_160544_VV_0.jpg,2019-02-20T16:04:04,1,oil,640,640,88,222,226,308,11868,,,,NOT_AVAILABLE
SPILL_00173,oc-0065.xml,S1_20190220_160404_160544_VV_0.jpg,2019-02-20T16:04:04,2,oil,640,640,525,399,567,425,1092,,,,NOT_AVAILABLE
SPILL_00174,oc-0065.xml,S1_20190220_160404_160544_VV_0.jpg,2019-02-20T16:04:04,3,oil,640,640,153,265,231,315,3900,,,,NOT_AVAILABLE
SPILL_00175,oc-0065.xml,S1_20190220_160404_160544_VV_0.jpg,2019-02-20T16:04:04,4,oil,640,640,197,275,283,306,2666,,,,NOT_AVAILABLE
SPILL_00176,oc-0066.xml,S1_20190221_155637_155817_VV_0.jpg,2019-02-21T15:56:37,1,oil,640,640,478,196,623,344,21460,,,,NOT_AVAILABLE
SPILL_00177,oc-0066.xml,S1_20190221_155637_155817_VV_0.jpg,2019-02-21T15:56:37,2,oil,640,640,346,474,475,615,18189,,,,NOT_AVAILABLE
SPILL_00178,oc-0067.xml,S1_20190221_155637_155817_VV_2.jpg,2019-02-21T15:56:37,1,oil,640,640,238,245,326,344,8712,,,,NOT_AVAILABLE
SPILL_00179,oc-0067.xml,S1_20190221_155637_155817_VV_2.jpg,2019-02-21T15:56:37,2,oil,640,640,263,299,308,361,2790,,,,NOT_AVAILABLE
SPILL_00180,oc-0067.xml,S1_20190221_155637_155817_VV_2.jpg,2019-02-21T15:56:37,3,oil,640,640,255,240,403,395,22940,,,,NOT_AVAILABLE
SPILL_00181,oc-0067.xml,S1_20190221_155637_155817_VV_2.jpg,2019-02-21T15:56:37,4,oil,640,640,335,317,364,363,1334,,,,NOT_AVAILABLE
SPILL_00182,oc-0068.xml,S1_20190222_035926_040106_VV_5.jpg,2019-02-22T03:59:26,1,oil,640,640,270,255,376,400,15370,,,,NOT_AVAILABLE
SPILL_00183,oc-0069.xml,S1_20190222_154745_154925_VV_0.jpg,2019-02-22T15:47:45,1,oil,640,640,315,187,499,321,24656,,,,NOT_AVAILABLE
SPILL_00184,oc-0069.xml,S1_20190222_154745_154925_VV_0.jpg,2019-02-22T15:47:45,2,oil,640,640,141,323,318,462,24603,,,,NOT_AVAILABLE
SPILL_00185,oc-0070.xml,S1_20190223_035040_035219_VV_6.jpg,2019-02-23T03:50:40,1,oil,640,640,377,406,563,565,29574,,,,NOT_AVAILABLE
SPILL_00186,oc-0070.xml,S1_20190223_035040_035219_VV_6.jpg,2019-02-23T03:50:40,2,oil,640,640,3,454,339,629,58800,,,,NOT_AVAILABLE
SPILL_00187,oc-0071.xml,S1_20190223_035040_035219_VV_7.jpg,2019-02-23T03:50:40,1,oil,640,640,319,1,458,143,19738,,,,NOT_AVAILABLE
SPILL_00188,oc-0071.xml,S1_20190223_035040_035219_VV_7.jpg,2019-02-23T03:50:40,2,oil,640,640,251,432,307,483,2856,,,,NOT_AVAILABLE
SPILL_00189,oc-0071.xml,S1_20190223_035040_035219_VV_7.jpg,2019-02-23T03:50:40,3,oil,640,640,274,6,311,19,481,,,,NOT_AVAILABLE
SPILL_00190,oc-0071.xml,S1_20190223_035040_035219_VV_7.jpg,2019-02-23T03:50:40,4,oil,640,640,342,336,362,381,900,,,,NOT_AVAILABLE
SPILL_00191,oc-0071.xml,S1_20190223_035040_035219_VV_7.jpg,2019-02-23T03:50:40,5,oil,640,640,304,279,323,343,1216,,,,NOT_AVAILABLE
SPILL_00192,oc-0071.xml,S1_20190223_035040_035219_VV_7.jpg,2019-02-23T03:50:40,6,oil,640,640,205,230,268,274,2772,,,,NOT_AVAILABLE
SPILL_00193,oc-0071.xml,S1_20190223_035040_035219_VV_7.jpg,2019-02-23T03:50:40,7,oil,640,640,16,228,58,300,3024,,,,NOT_AVAILABLE
SPILL_00194,oc-0072.xml,S1_20190223_035040_035219_VV_8.jpg,2019-02-23T03:50:40,1,oil,640,640,36,106,71,164,2030,,,,NOT_AVAILABLE
SPILL_00195,oc-0072.xml,S1_20190223_035040_035219_VV_8.jpg,2019-02-23T03:50:40,2,oil,640,640,602,519,630,546,756,,,,NOT_AVAILABLE
SPILL_00196,oc-0073.xml,S1_20190223_035040_035219_VV_9.jpg,2019-02-23T03:50:40,1,oil,640,640,348,243,406,306,3654,,,,NOT_AVAILABLE
SPILL_00197,oc-0073.xml,S1_20190223_035040_035219_VV_9.jpg,2019-02-23T03:50:40,2,oil,640,640,181,6,239,68,3596,,,,NOT_AVAILABLE
SPILL_00198,oc-0073.xml,S1_20190223_035040_035219_VV_9.jpg,2019-02-23T03:50:40,3,oil,640,640,553,263,640,312,4263,,,,NOT_AVAILABLE
SPILL_00199,oc-0073.xml,S1_20190223_035040_035219_VV_9.jpg,2019-02-23T03:50:40,4,oil,640,640,171,584,204,609,825,,,,NOT_AVAILABLE
SPILL_00200,oc-0073.xml,S1_20190223_035040_035219_VV_9.jpg,2019-02-23T03:50:40,5,oil,640,640,357,386,468,426,4440,,,,NOT_AVAILABLE
SPILL_00201,oc-0073.xml,S1_20190223_035040_035219_VV_9.jpg,2019-02-23T03:50:40,6,oil,640,640,477,539,542,640,6565,,,,NOT_AVAILABLE
SPILL_00202,oc-0074.xml,S1_20190223_154007_154147_VV_0.jpg,2019-02-23T15:40:07,1,oil,640,640,305,291,341,348,2052,,,,NOT_AVAILABLE
SPILL_00203,oc-0075.xml,S1_20190224_034257_034437_VV_0.jpg,2019-02-24T03:42:57,1,oil,640,640,272,315,445,359,7612,,,,NOT_AVAILABLE
SPILL_00204,oc-0075.xml,S1_20190224_034257_034437_VV_0.jpg,2019-02-24T03:42:57,2,oil,640,640,216,138,321,227,9345,,,,NOT_AVAILABLE
SPILL_00205,oc-0075.xml,S1_20190224_034257_034437_VV_0.jpg,2019-02-24T03:42:57,3,oil,640,640,229,343,285,370,1512,,,,NOT_AVAILABLE
SPILL_00206,oc-0075.xml,S1_20190224_034257_034437_VV_0.jpg,2019-02-24T03:42:57,4,oil,640,640,203,362,331,430,8704,,,,NOT_AVAILABLE
SPILL_00207,oc-0075.xml,S1_20190224_034257_034437_VV_0.jpg,2019-02-24T03:42:57,5,oil,640,640,244,174,416,330,26832,,,,NOT_AVAILABLE
SPILL_00208,oc-0075.xml,S1_20190224_034257_034437_VV_0.jpg,2019-02-24T03:42:57,6,oil,640,640,150,493,175,508,375,,,,NOT_AVAILABLE
SPILL_00209,oc-0076.xml,S1_20190224_034257_034437_VV_4.jpg,2019-02-24T03:42:57,1,oil,640,640,561,368,578,398,510,,,,NOT_AVAILABLE
SPILL_00210,oc-0076.xml,S1_20190224_034257_034437_VV_4.jpg,2019-02-24T03:42:57,2,oil,640,640,11,198,71,316,7080,,,,NOT_AVAILABLE
SPILL_00211,oc-0076.xml,S1_20190224_034257_034437_VV_4.jpg,2019-02-24T03:42:57,3,oil,640,640,95,1,231,24,3128,,,,NOT_AVAILABLE
SPILL_00212,oc-0077.xml,S1_20190224_034257_034437_VV_5.jpg,2019-02-24T03:42:57,1,oil,640,640,268,152,354,197,3870,,,,NOT_AVAILABLE
SPILL_00213,oc-0077.xml,S1_20190224_034257_034437_VV_5.jpg,2019-02-24T03:42:57,2,oil,640,640,351,484,380,507,667,,,,NOT_AVAILABLE
SPILL_00214,oc-0078.xml,S1_20190224_034257_034437_VV_6.jpg,2019-02-24T03:42:57,1,oil,640,640,240,151,264,191,960,,,,NOT_AVAILABLE
SPILL_00215,oc-0078.xml,S1_20190224_034257_034437_VV_6.jpg,2019-02-24T03:42:57,2,oil,640,640,220,84,252,151,2144,,,,NOT_AVAILABLE
SPILL_00216,oc-0078.xml,S1_20190224_034257_034437_VV_6.jpg,2019-02-24T03:42:57,3,oil,640,640,387,501,434,564,2961,,,,NOT_AVAILABLE
SPILL_00217,oc-0078.xml,S1_20190224_034257_034437_VV_6.jpg,2019-02-24T03:42:57,4,oil,640,640,242,178,301,241,3717,,,,NOT_AVAILABLE
SPILL_00218,oc-0078.xml,S1_20190224_034257_034437_VV_6.jpg,2019-02-24T03:42:57,5,oil,640,640,309,272,409,327,5500,,,,NOT_AVAILABLE
SPILL_00219,oc-0079.xml,S1_20190224_034257_034437_VV_7.jpg,2019-02-24T03:42:57,1,oil,640,640,128,214,150,242,616,,,,NOT_AVAILABLE
SPILL_00220,oc-0079.xml,S1_20190224_034257_034437_VV_7.jpg,2019-02-24T03:42:57,2,oil,640,640,50,42,153,108,6798,,,,NOT_AVAILABLE
SPILL_00221,oc-0079.xml,S1_20190224_034257_034437_VV_7.jpg,2019-02-24T03:42:57,3,oil,640,640,137,198,179,258,2520,,,,NOT_AVAILABLE
SPILL_00222,oc-0079.xml,S1_20190224_034257_034437_VV_7.jpg,2019-02-24T03:42:57,4,oil,640,640,423,492,511,624,11616,,,,NOT_AVAILABLE
SPILL_00223,oc-0080.xml,S1_20190224_034257_034437_VV_8.jpg,2019-02-24T03:42:57,1,oil,640,640,70,452,112,573,5082,,,,NOT_AVAILABLE
SPILL_00224,oc-0080.xml,S1_20190224_034257_034437_VV_8.jpg,2019-02-24T03:42:57,2,oil,640,640,532,33,596,80,3008,,,,NOT_AVAILABLE
SPILL_00225,oc-0081.xml,S1_20190225_033408_033548_VV_0.jpg,2019-02-25T03:34:08,1,oil,640,640,243,362,317,416,3996,,,,NOT_AVAILABLE
SPILL_00226,oc-0081.xml,S1_20190225_033408_033548_VV_0.jpg,2019-02-25T03:34:08,2,oil,640,640,236,301,402,369,11288,,,,NOT_AVAILABLE
SPILL_00227,oc-0082.xml,S1_20190225_033408_033548_VV_1.jpg,2019-02-25T03:34:08,1,oil,640,640,176,260,462,362,29172,,,,NOT_AVAILABLE
SPILL_00228,oc-0083.xml,S1_20190302_034234_034349_VV_0.jpg,2019-03-02T03:42:34,1,oil,640,640,314,212,360,324,5152,,,,NOT_AVAILABLE
SPILL_00229,oc-0083.xml,S1_20190302_034234_034349_VV_0.jpg,2019-03-02T03:42:34,2,oil,640,640,295,348,316,412,1344,,,,NOT_AVAILABLE
SPILL_00230,oc-0084.xml,S1_20190305_155637_155817_VV_1.jpg,2019-03-05T15:56:37,1,oil,640,640,312,286,327,364,1170,,,,NOT_AVAILABLE
SPILL_00231,oc-0085.xml,S1_20190306_035926_040106_VV_5.jpg,2019-03-06T03:59:26,1,oil,640,640,573,48,626,174,6678,,,,NOT_AVAILABLE
SPILL_00232,oc-0085.xml,S1_20190306_035926_040106_VV_5.jpg,2019-03-06T03:59:26,2,oil,640,640,210,321,246,384,2268,,,,NOT_AVAILABLE
SPILL_00233,oc-0085.xml,S1_20190306_035926_040106_VV_5.jpg,2019-03-06T03:59:26,3,oil,640,640,474,188,516,243,2310,,,,NOT_AVAILABLE
SPILL_00234,oc-0085.xml,S1_20190306_035926_040106_VV_5.jpg,2019-03-06T03:59:26,4,oil,640,640,110,203,140,237,1020,,,,NOT_AVAILABLE
SPILL_00235,oc-0085.xml,S1_20190306_035926_040106_VV_5.jpg,2019-03-06T03:59:26,5,oil,640,640,12,133,44,156,736,,,,NOT_AVAILABLE
SPILL_00236,oc-0085.xml,S1_20190306_035926_040106_VV_5.jpg,2019-03-06T03:59:26,6,oil,640,640,59,158,91,179,672,,,,NOT_AVAILABLE
SPILL_00237,oc-0086.xml,S1_20190306_154745_154925_VV_0.jpg,2019-03-06T15:47:45,1,oil,640,640,566,221,572,236,90,,,,NOT_AVAILABLE
SPILL_00238,oc-0086.xml,S1_20190306_154745_154925_VV_0.jpg,2019-03-06T15:47:45,2,oil,640,640,273,326,285,339,156,,,,NOT_AVAILABLE
SPILL_00239,oc-0086.xml,S1_20190306_154745_154925_VV_0.jpg,2019-03-06T15:47:45,3,oil,640,640,59,426,77,439,234,,,,NOT_AVAILABLE
SPILL_00240,oc-0086.xml,S1_20190306_154745_154925_VV_0.jpg,2019-03-06T15:47:45,4,oil,640,640,1,634,6,640,30,,,,NOT_AVAILABLE
SPILL_00241,oc-0087.xml,S1_20190306_154745_154925_VV_6.jpg,2019-03-06T15:47:45,1,oil,640,640,257,156,270,168,156,,,,NOT_AVAILABLE
SPILL_00242,oc-0087.xml,S1_20190306_154745_154925_VV_6.jpg,2019-03-06T15:47:45,2,oil,640,640,300,529,317,549,340,,,,NOT_AVAILABLE
SPILL_00243,oc-0087.xml,S1_20190306_154745_154925_VV_6.jpg,2019-03-06T15:47:45,3,oil,640,640,345,582,355,597,150,,,,NOT_AVAILABLE
SPILL_00244,oc-0087.xml,S1_20190306_154745_154925_VV_6.jpg,2019-03-06T15:47:45,4,oil,640,640,354,596,362,607,88,,,,NOT_AVAILABLE
SPILL_00245,oc-0087.xml,S1_20190306_154745_154925_VV_6.jpg,2019-03-06T15:47:45,5,oil,640,640,363,608,376,613,65,,,,NOT_AVAILABLE
SPILL_00246,oc-0088.xml,S1_20190306_154745_154925_VV_7.jpg,2019-03-06T15:47:45,1,oil,640,640,316,301,329,343,546,,,,NOT_AVAILABLE
SPILL_00247,oc-0089.xml,S1_20190308_034257_034437_VV_3.jpg,2019-03-08T03:42:57,1,oil,640,640,242,181,327,297,9860,,,,NOT_AVAILABLE
SPILL_00248,oc-0089.xml,S1_20190308_034257_034437_VV_3.jpg,2019-03-08T03:42:57,2,oil,640,640,327,318,391,447,8256,,,,NOT_AVAILABLE
SPILL_00249,oc-0090.xml,S1_20190310_160448_160628_VV_0.jpg,2019-03-10T16:04:48,1,oil,640,640,289,293,346,354,3477,,,,NOT_AVAILABLE
SPILL_00250,oc-0090.xml,S1_20190310_160448_160628_VV_0.jpg,2019-03-10T16:04:48,2,oil,640,640,322,347,348,379,832,,,,NOT_AVAILABLE
SPILL_00251,oc-0090.xml,S1_20190310_160448_160628_VV_0.jpg,2019-03-10T16:04:48,3,oil,640,640,282,262,359,328,5082,,,,NOT_AVAILABLE
SPILL_00252,oc-0090.xml,S1_20190310_160448_160628_VV_0.jpg,2019-03-10T16:04:48,4,oil,640,640,344,285,396,326,2132,,,,NOT_AVAILABLE
SPILL_00253,oc-0091.xml,S1_20190311_155609_155634_VV_1.jpg,2019-03-11T15:56:09,1,oil,640,640,194,382,284,460,7020,,,,NOT_AVAILABLE
SPILL_00254,oc-0091.xml,S1_20190311_155609_155634_VV_1.jpg,2019-03-11T15:56:09,2,oil,640,640,543,608,578,640,1120,,,,NOT_AVAILABLE
SPILL_00255,oc-0091.xml,S1_20190311_155609_155634_VV_1.jpg,2019-03-11T15:56:09,3,oil,640,640,268,411,303,426,525,,,,NOT_AVAILABLE
SPILL_00256,oc-0091.xml,S1_20190311_155609_155634_VV_1.jpg,2019-03-11T15:56:09,4,oil,640,640,320,409,401,451,3402,,,,NOT_AVAILABLE
SPILL_00257,oc-0091.xml,S1_20190311_155609_155634_VV_1.jpg,2019-03-11T15:56:09,5,oil,640,640,220,436,319,514,7722,,,,NOT_AVAILABLE
SPILL_00258,oc-0091.xml,S1_20190311_155609_155634_VV_1.jpg,2019-03-11T15:56:09,6,oil,640,640,216,412,270,472,3240,,,,NOT_AVAILABLE
SPILL_00259,oc-0091.xml,S1_20190311_155609_155634_VV_1.jpg,2019-03-11T15:56:09,7,oil,640,640,286,370,349,392,1386,,,,NOT_AVAILABLE
SPILL_00260,oc-0092.xml,S1_20190312_154835_155015_VV_0.jpg,2019-03-12T15:48:35,1,oil,640,640,460,14,501,28,574,,,,NOT_AVAILABLE
SPILL_00261,oc-0092.xml,S1_20190312_154835_155015_VV_0.jpg,2019-03-12T15:48:35,2,oil,640,640,200,311,233,334,759,,,,NOT_AVAILABLE
SPILL_00262,oc-0093.xml,S1_20190313_035116_035258_VV_7.jpg,2019-03-13T03:51:16,1,oil,640,640,249,262,281,287,800,,,,NOT_AVAILABLE
SPILL_00263,oc-0093.xml,S1_20190313_035116_035258_VV_7.jpg,2019-03-13T03:51:16,2,oil,640,640,309,312,319,321,90,,,,NOT_AVAILABLE
SPILL_00264,oc-0093.xml,S1_20190313_035116_035258_VV_7.jpg,2019-03-13T03:51:16,3,oil,640,640,286,295,308,309,308,,,,NOT_AVAILABLE
SPILL_00265,oc-0093.xml,S1_20190313_035116_035258_VV_7.jpg,2019-03-13T03:51:16,4,oil,640,640,372,356,405,391,1155,,,,NOT_AVAILABLE
SPILL_00266,oc-0094.xml,S1_20190313_035116_035258_VV_9.jpg,2019-03-13T03:51:16,1,oil,640,640,306,253,363,400,8379,,,,NOT_AVAILABLE
SPILL_00267,oc-0095.xml,S1_20190314_034234_034349_VV_0.jpg,2019-03-14T03:42:34,1,oil,640,640,265,333,459,550,42098,,,,NOT_AVAILABLE
SPILL_00268,oc-0095.xml,S1_20190314_034234_034349_VV_0.jpg,2019-03-14T03:42:34,2,oil,640,640,176,88,231,172,4620,,,,NOT_AVAILABLE
SPILL_00269,oc-0095.xml,S1_20190314_034234_034349_VV_0.jpg,2019-03-14T03:42:34,3,oil,640,640,327,365,388,426,3721,,,,NOT_AVAILABLE
SPILL_00270,oc-0095.xml,S1_20190314_034234_034349_VV_0.jpg,2019-03-14T03:42:34,4,oil,640,640,239,430,316,525,7315,,,,NOT_AVAILABLE
SPILL_00271,oc-0095.xml,S1_20190314_034234_034349_VV_0.jpg,2019-03-14T03:42:34,5,oil,640,640,261,399,280,437,722,,,,NOT_AVAILABLE
SPILL_00272,oc-0096.xml,S1_20190314_034234_034349_VV_1.jpg,2019-03-14T03:42:34,1,oil,640,640,299,258,340,391,5453,,,,NOT_AVAILABLE
SPILL_00273,oc-0097.xml,S1_20190317_155637_155817_VV_0.jpg,2019-03-17T15:56:37,1,oil,640,640,288,247,337,316,3381,,,,NOT_AVAILABLE
SPILL_00274,oc-0097.xml,S1_20190317_155637_155817_VV_0.jpg,2019-03-17T15:56:37,2,oil,640,640,322,293,360,347,2052,,,,NOT_AVAILABLE
SPILL_00275,oc-0097.xml,S1_20190317_155637_155817_VV_0.jpg,2019-03-17T15:56:37,3,oil,640,640,304,351,331,393,1134,,,,NOT_AVAILABLE
SPILL_00276,oc-0098.xml,S1_20190318_154745_154925_VV_3.jpg,2019-03-18T15:47:45,1,oil,640,640,319,0,420,85,8585,,,,NOT_AVAILABLE
SPILL_00277,oc-0098.xml,S1_20190318_154745_154925_VV_3.jpg,2019-03-18T15:47:45,2,oil,640,640,613,607,640,623,432,,,,NOT_AVAILABLE
SPILL_00278,oc-0099.xml,S1_20190318_154745_154925_VV_10.jpg,2019-03-18T15:47:45,1,oil,640,640,605,116,640,165,1715,,,,NOT_AVAILABLE
SPILL_00279,oc-0099.xml,S1_20190318_154745_154925_VV_10.jpg,2019-03-18T15:47:45,2,oil,640,640,264,57,399,199,19170,,,,NOT_AVAILABLE
SPILL_00280,oc-0099.xml,S1_20190318_154745_154925_VV_10.jpg,2019-03-18T15:47:45,3,oil,640,640,421,137,440,148,209,,,,NOT_AVAILABLE
SPILL_00281,oc-0099.xml,S1_20190318_154745_154925_VV_10.jpg,2019-03-18T15:47:45,4,oil,640,640,375,157,458,342,15355,,,,NOT_AVAILABLE
SPILL_00282,oc-0100.xml,S1_20190320_034257_034437_VV_3.jpg,2019-03-20T03:42:57,1,oil,640,640,254,81,353,314,23067,,,,NOT_AVAILABLE
SPILL_00283,oc-0100.xml,S1_20190320_034257_034437_VV_3.jpg,2019-03-20T03:42:57,2,oil,640,640,275,523,368,560,3441,,,,NOT_AVAILABLE
SPILL_00284,oc-0101.xml,S1_20190320_034257_034437_VV_4.jpg,2019-03-20T03:42:57,1,oil,640,640,198,393,305,475,8774,,,,NOT_AVAILABLE
SPILL_00285,oc-0102.xml,S1_20190320_034257_034437_VV_5.jpg,2019-03-20T03:42:57,1,oil,640,640,220,181,441,463,62322,,,,NOT_AVAILABLE
SPILL_00286,oc-0102.xml,S1_20190320_034257_034437_VV_5.jpg,2019-03-20T03:42:57,2,oil,640,640,136,37,241,109,7560,,,,NOT_AVAILABLE
SPILL_00287,oc-0103.xml,S1_20190323_155609_155634_VV_0.jpg,2019-03-23T15:56:09,1,oil,640,640,303,294,335,355,1952,,,,NOT_AVAILABLE
SPILL_00288,oc-0104.xml,S1_20190326_034234_034349_VV_5.jpg,2019-03-26T03:42:34,1,oil,640,640,320,288,338,363,1350,,,,NOT_AVAILABLE
SPILL_00289,oc-0105.xml,S1_20190329_155637_155817_VV_1.jpg,2019-03-29T15:56:37,1,oil,640,640,299,292,355,349,3192,,,,NOT_AVAILABLE
SPILL_00290,oc-0105.xml,S1_20190329_155637_155817_VV_1.jpg,2019-03-29T15:56:37,2,oil,640,640,331,302,357,334,832,,,,NOT_AVAILABLE
SPILL_00291,oc-0105.xml,S1_20190329_155637_155817_VV_1.jpg,2019-03-29T15:56:37,3,oil,640,640,311,334,328,351,289,,,,NOT_AVAILABLE
SPILL_00292,oc-0105.xml,S1_20190329_155637_155817_VV_1.jpg,2019-03-29T15:56:37,4,oil,640,640,311,348,325,367,266,,,,NOT_AVAILABLE
SPILL_00293,oc-0106.xml,S1_20190401_034257_034437_VV_3.jpg,2019-04-01T03:42:57,1,oil,640,640,300,262,340,379,4680,,,,NOT_AVAILABLE
SPILL_00294,oc-0107.xml,S1_20190404_155610_155635_VV_0.jpg,2019-04-04T15:56:10,1,oil,2328,2328,966,1447,1994,1574,130556,,,,NOT_AVAILABLE
SPILL_00295,oc-0107.xml,S1_20190404_155610_155635_VV_0.jpg,2019-04-04T15:56:10,2,oil,2328,2328,516,771,607,898,11557,,,,NOT_AVAILABLE
SPILL_00296,oc-0107.xml,S1_20190404_155610_155635_VV_0.jpg,2019-04-04T15:56:10,3,oil,2328,2328,53,1463,923,1894,374970,,,,NOT_AVAILABLE
SPILL_00297,oc-0107.xml,S1_20190404_155610_155635_VV_0.jpg,2019-04-04T15:56:10,4,oil,2328,2328,141,797,160,834,703,,,,NOT_AVAILABLE
SPILL_00298,oc-0107.xml,S1_20190404_155610_155635_VV_0.jpg,2019-04-04T15:56:10,5,oil,2328,2328,63,1826,99,1869,1548,,,,NOT_AVAILABLE
SPILL_00299,oc-0107.xml,S1_20190404_155610_155635_VV_0.jpg,2019-04-04T15:56:10,6,oil,2328,2328,392,1679,417,1719,1000,,,,NOT_AVAILABLE
SPILL_00300,oc-0107.xml,S1_20190404_155610_155635_VV_0.jpg,2019-04-04T15:56:10,7,oil,2328,2328,7,1690,22,1727,555,,,,NOT_AVAILABLE
SPILL_00301,oc-0107.xml,S1_20190404_155610_155635_VV_0.jpg,2019-04-04T15:56:10,8,oil,2328,2328,273,1953,299,2003,1300,,,,NOT_AVAILABLE
SPILL_00302,oc-0107.xml,S1_20190404_155610_155635_VV_0.jpg,2019-04-04T15:56:10,9,oil,2328,2328,960,1835,971,1869,374,,,,NOT_AVAILABLE
SPILL_00303,oc-0107.xml,S1_20190404_155610_155635_VV_0.jpg,2019-04-04T15:56:10,10,oil,2328,2328,543,2005,556,2045,520,,,,NOT_AVAILABLE
SPILL_00304,oc-0108.xml,S1_20190404_155610_155635_VV_1.jpg,2019-04-04T15:56:10,1,oil,640,640,145,463,247,580,11934,,,,NOT_AVAILABLE
SPILL_00305,oc-0108.xml,S1_20190404_155610_155635_VV_1.jpg,2019-04-04T15:56:10,2,oil,640,640,459,63,504,209,6570,,,,NOT_AVAILABLE
SPILL_00306,oc-0109.xml,S1_20190404_155610_155635_VV_3.jpg,2019-04-04T15:56:10,1,oil,640,640,314,301,328,341,560,,,,NOT_AVAILABLE
SPILL_00307,oc-0110.xml,S1_20190404_155610_155635_VV_4.jpg,2019-04-04T15:56:10,1,oil,640,640,170,347,179,370,207,,,,NOT_AVAILABLE
SPILL_00308,oc-0110.xml,S1_20190404_155610_155635_VV_4.jpg,2019-04-04T15:56:10,2,oil,640,640,314,523,338,556,792,,,,NOT_AVAILABLE
SPILL_00309,oc-0111.xml,S1_20190404_155610_155635_VV_5.jpg,2019-04-04T15:56:10,1,oil,640,640,338,372,351,402,390,,,,NOT_AVAILABLE
SPILL_00310,oc-0111.xml,S1_20190404_155610_155635_VV_5.jpg,2019-04-04T15:56:10,2,oil,640,640,404,232,441,251,703,,,,NOT_AVAILABLE
SPILL_00311,oc-0111.xml,S1_20190404_155610_155635_VV_5.jpg,2019-04-04T15:56:10,3,oil,640,640,317,239,345,351,3136,,,,NOT_AVAILABLE
SPILL_00312,oc-0111.xml,S1_20190404_155610_155635_VV_5.jpg,2019-04-04T15:56:10,4,oil,640,640,348,266,356,313,376,,,,NOT_AVAILABLE
SPILL_00313,oc-0111.xml,S1_20190404_155610_155635_VV_5.jpg,2019-04-04T15:56:10,5,oil,640,640,429,248,453,297,1176,,,,NOT_AVAILABLE
SPILL_00314,oc-0111.xml,S1_20190404_155610_155635_VV_5.jpg,2019-04-04T15:56:10,6,oil,640,640,355,286,363,320,272,,,,NOT_AVAILABLE
SPILL_00315,oc-0112.xml,S1_20190404_155610_155635_VV_6.jpg,2019-04-04T15:56:10,1,oil,640,640,315,302,331,342,640,,,,NOT_AVAILABLE
SPILL_00316,oc-0113.xml,S1_20190405_035850_040029_VV_7.jpg,2019-04-05T03:58:50,1,oil,640,640,542,32,592,76,2200,,,,NOT_AVAILABLE
SPILL_00317,oc-0113.xml,S1_20190405_035850_040029_VV_7.jpg,2019-04-05T03:58:50,2,oil,640,640,443,1,468,40,975,,,,NOT_AVAILABLE
SPILL_00318,oc-0113.xml,S1_20190405_035850_040029_VV_7.jpg,2019-04-05T03:58:50,3,oil,640,640,476,14,536,56,2520,,,,NOT_AVAILABLE
SPILL_00319,oc-0113.xml,S1_20190405_035850_040029_VV_7.jpg,2019-04-05T03:58:50,4,oil,640,640,631,54,640,75,189,,,,NOT_AVAILABLE
SPILL_00320,oc-0114.xml,S1_20190405_035850_040029_VV_11.jpg,2019-04-05T03:58:50,1,oil,640,640,321,348,348,389,1107,,,,NOT_AVAILABLE
SPILL_00321,oc-0114.xml,S1_20190405_035850_040029_VV_11.jpg,2019-04-05T03:58:50,2,oil,640,640,295,252,346,295,2193,,,,NOT_AVAILABLE
SPILL_00322,oc-0115.xml,S1_20190405_154836_155016_VV_0.jpg,2019-04-05T15:48:36,1,oil,640,640,118,622,131,636,182,,,,NOT_AVAILABLE
SPILL_00323,oc-0115.xml,S1_20190405_154836_155016_VV_0.jpg,2019-04-05T15:48:36,2,oil,640,640,87,628,96,640,108,,,,NOT_AVAILABLE
SPILL_00324,oc-0115.xml,S1_20190405_154836_155016_VV_0.jpg,2019-04-05T15:48:36,3,oil,640,640,606,337,615,350,117,,,,NOT_AVAILABLE
SPILL_00325,oc-0115.xml,S1_20190405_154836_155016_VV_0.jpg,2019-04-05T15:48:36,4,oil,640,640,568,251,598,285,1020,,,,NOT_AVAILABLE
SPILL_00326,oc-0115.xml,S1_20190405_154836_155016_VV_0.jpg,2019-04-05T15:48:36,5,oil,640,640,610,375,621,383,88,,,,NOT_AVAILABLE
SPILL_00327,oc-0115.xml,S1_20190405_154836_155016_VV_0.jpg,2019-04-05T15:48:36,6,oil,640,640,628,528,640,550,264,,,,NOT_AVAILABLE
SPILL_00328,oc-0116.xml,S1_20190406_035117_035258_VV_8.jpg,2019-04-06T03:51:17,1,oil,640,640,270,258,373,391,13699,,,,NOT_AVAILABLE
SPILL_00329,oc-0117.xml,S1_20190406_153942_154057_VV_1.jpg,2019-04-06T15:39:42,1,oil,640,640,275,195,372,338,13871,,,,NOT_AVAILABLE
SPILL_00330,oc-0117.xml,S1_20190406_153942_154057_VV_1.jpg,2019-04-06T15:39:42,2,oil,640,640,316,382,355,473,3549,,,,NOT_AVAILABLE
SPILL_00331,oc-0118.xml,S1_20190407_034234_034349_VV_3.jpg,2019-04-07T03:42:34,1,oil,640,640,257,277,394,361,11508,,,,NOT_AVAILABLE
SPILL_00332,oc-0119.xml,S1_20190407_034234_034349_VV_4.jpg,2019-04-07T03:42:34,1,oil,640,640,323,374,381,401,1566,,,,NOT_AVAILABLE
SPILL_00333,oc-0119.xml,S1_20190407_034234_034349_VV_4.jpg,2019-04-07T03:42:34,2,oil,640,640,403,527,481,561,2652,,,,NOT_AVAILABLE
SPILL_00334,oc-0119.xml,S1_20190407_034234_034349_VV_4.jpg,2019-04-07T03:42:34,3,oil,640,640,166,80,226,119,2340,,,,NOT_AVAILABLE
SPILL_00335,oc-0120.xml,S1_20190407_034234_034349_VV_5.jpg,2019-04-07T03:42:34,1,oil,640,640,438,503,477,530,1053,,,,NOT_AVAILABLE
SPILL_00336,oc-0120.xml,S1_20190407_034234_034349_VV_5.jpg,2019-04-07T03:42:34,2,oil,640,640,179,128,238,153,1475,,,,NOT_AVAILABLE
SPILL_00337,oc-0121.xml,S1_20190409_160405_160545_VV_0.jpg,2019-04-09T16:04:05,1,oil,640,640,282,298,344,346,2976,,,,NOT_AVAILABLE
SPILL_00338,oc-0122.xml,S1_20190410_155637_155817_VV_0.jpg,2019-04-10T15:56:37,1,oil,640,640,469,115,494,134,475,,,,NOT_AVAILABLE
SPILL_00339,oc-0122.xml,S1_20190410_155637_155817_VV_0.jpg,2019-04-10T15:56:37,2,oil,640,640,290,307,329,333,1014,,,,NOT_AVAILABLE
SPILL_00340,oc-0122.xml,S1_20190410_155637_155817_VV_0.jpg,2019-04-10T15:56:37,3,oil,640,640,575,132,634,176,2596,,,,NOT_AVAILABLE
SPILL_00341,oc-0122.xml,S1_20190410_155637_155817_VV_0.jpg,2019-04-10T15:56:37,4,oil,640,640,439,131,496,235,5928,,,,NOT_AVAILABLE
SPILL_00342,oc-0122.xml,S1_20190410_155637_155817_VV_0.jpg,2019-04-10T15:56:37,5,oil,640,640,322,304,348,318,364,,,,NOT_AVAILABLE
SPILL_00343,oc-0123.xml,S1_20190410_155637_155817_VV_2.jpg,2019-04-10T15:56:37,1,oil,640,640,418,205,429,237,352,,,,NOT_AVAILABLE
SPILL_00344,oc-0123.xml,S1_20190410_155637_155817_VV_2.jpg,2019-04-10T15:56:37,2,oil,640,640,223,367,237,386,266,,,,NOT_AVAILABLE
SPILL_00345,oc-0123.xml,S1_20190410_155637_155817_VV_2.jpg,2019-04-10T15:56:37,3,oil,640,640,205,426,220,441,225,,,,NOT_AVAILABLE
SPILL_00346,oc-0123.xml,S1_20190410_155637_155817_VV_2.jpg,2019-04-10T15:56:37,4,oil,640,640,466,35,475,60,225,,,,NOT_AVAILABLE
SPILL_00347,oc-0123.xml,S1_20190410_155637_155817_VV_2.jpg,2019-04-10T15:56:37,5,oil,640,640,588,240,602,258,252,,,,NOT_AVAILABLE
SPILL_00348,oc-0124.xml,S1_20190410_155637_155817_VV_3.jpg,2019-04-10T15:56:37,1,oil,640,640,189,289,260,351,4402,,,,NOT_AVAILABLE
SPILL_00349,oc-0124.xml,S1_20190410_155637_155817_VV_3.jpg,2019-04-10T15:56:37,2,oil,640,640,177,469,200,492,529,,,,NOT_AVAILABLE
SPILL_00350,oc-0125.xml,S1_20190410_155637_155817_VV_4.jpg,2019-04-10T15:56:37,1,oil,640,640,334,365,381,405,1880,,,,NOT_AVAILABLE
SPILL_00351,oc-0125.xml,S1_20190410_155637_155817_VV_4.jpg,2019-04-10T15:56:37,2,oil,640,640,280,306,347,391,5695,,,,NOT_AVAILABLE
SPILL_00352,oc-0125.xml,S1_20190410_155637_155817_VV_4.jpg,2019-04-10T15:56:37,3,oil,640,640,280,273,330,338,3250,,,,NOT_AVAILABLE
SPILL_00353,oc-0126.xml,S1_20190410_155637_155817_VV_6.jpg,2019-04-10T15:56:37,1,oil,640,640,302,306,339,334,1036,,,,NOT_AVAILABLE
SPILL_00354,oc-0127.xml,S1_20190411_154746_154926_VV_0.jpg,2019-04-11T15:47:46,1,oil,640,640,397,433,458,496,3843,,,,NOT_AVAILABLE
SPILL_00355,oc-0127.xml,S1_20190411_154746_154926_VV_0.jpg,2019-04-11T15:47:46,2,oil,640,640,465,302,552,433,11397,,,,NOT_AVAILABLE
SPILL_00356,oc-0127.xml,S1_20190411_154746_154926_VV_0.jpg,2019-04-11T15:47:46,3,oil,640,640,105,128,131,167,1014,,,,NOT_AVAILABLE
SPILL_00357,oc-0127.xml,S1_20190411_154746_154926_VV_0.jpg,2019-04-11T15:47:46,4,oil,640,640,331,468,361,516,1440,,,,NOT_AVAILABLE
SPILL_00358,oc-0127.xml,S1_20190411_154746_154926_VV_0.jpg,2019-04-11T15:47:46,5,oil,640,640,283,492,314,527,1085,,,,NOT_AVAILABLE
SPILL_00359,oc-0127.xml,S1_20190411_154746_154926_VV_0.jpg,2019-04-11T15:47:46,6,oil,640,640,498,276,518,306,600,,,,NOT_AVAILABLE
SPILL_00360,oc-0128.xml,S1_20190412_035040_035219_VV_1.jpg,2019-04-12T03:50:40,1,oil,640,640,188,330,331,472,20306,,,,NOT_AVAILABLE
SPILL_00361,oc-0129.xml,S1_20190413_034257_034437_VV_3.jpg,2019-04-13T03:42:57,1,oil,640,640,272,345,431,406,9699,,,,NOT_AVAILABLE
SPILL_00362,oc-0129.xml,S1_20190413_034257_034437_VV_3.jpg,2019-04-13T03:42:57,2,oil,640,640,373,292,393,324,640,,,,NOT_AVAILABLE
SPILL_00363,oc-0129.xml,S1_20190413_034257_034437_VV_3.jpg,2019-04-13T03:42:57,3,oil,640,640,185,209,346,311,16422,,,,NOT_AVAILABLE
SPILL_00364,oc-0130.xml,S1_20190413_034257_034437_VV_4.jpg,2019-04-13T03:42:57,1,oil,640,640,444,500,478,533,1122,,,,NOT_AVAILABLE
SPILL_00365,oc-0130.xml,S1_20190413_034257_034437_VV_4.jpg,2019-04-13T03:42:57,2,oil,640,640,182,122,265,159,3071,,,,NOT_AVAILABLE
SPILL_00366,oc-0131.xml,S1_20190419_034234_034349_VV_0.jpg,2019-04-19T03:42:34,1,oil,640,640,288,300,349,361,3721,,,,NOT_AVAILABLE
SPILL_00367,oc-0132.xml,S1_20190419_034234_034349_VV_2.jpg,2019-04-19T03:42:34,1,oil,640,640,243,182,276,265,2739,,,,NOT_AVAILABLE
SPILL_00368,oc-0132.xml,S1_20190419_034234_034349_VV_2.jpg,2019-04-19T03:42:34,2,oil,640,640,270,270,392,492,27084,,,,NOT_AVAILABLE
SPILL_00369,oc-0133.xml,S1_20190422_155638_155818_VV_1.jpg,2019-04-22T15:56:38,1,oil,640,640,311,299,329,341,756,,,,NOT_AVAILABLE
SPILL_00370,oc-0134.xml,S1_20190423_154746_154926_VV_0.jpg,2019-04-23T15:47:46,1,oil,640,640,302,293,347,338,2025,,,,NOT_AVAILABLE
SPILL_00371,oc-0134.xml,S1_20190423_154746_154926_VV_0.jpg,2019-04-23T15:47:46,2,oil,640,640,303,313,333,345,960,,,,NOT_AVAILABLE
SPILL_00372,oc-0135.xml,S1_20190424_154008_154148_VV_1.jpg,2019-04-24T15:40:08,1,oil,640,640,180,173,257,338,12705,,,,NOT_AVAILABLE
SPILL_00373,oc-0135.xml,S1_20190424_154008_154148_VV_1.jpg,2019-04-24T15:40:08,2,oil,640,640,64,418,203,529,15429,,,,NOT_AVAILABLE
SPILL_00374,oc-0135.xml,S1_20190424_154008_154148_VV_1.jpg,2019-04-24T15:40:08,3,oil,640,640,93,517,134,546,1189,,,,NOT_AVAILABLE
SPILL_00375,oc-0136.xml,S1_20190425_034258_034438_VV_6.jpg,2019-04-25T03:42:58,1,oil,640,640,284,282,367,357,6225,,,,NOT_AVAILABLE
SPILL_00376,oc-0137.xml,S1_20190428_155611_155636_VV_0.jpg,2019-04-28T15:56:11,1,oil,640,640,302,310,353,333,1173,,,,NOT_AVAILABLE
SPILL_00377,oc-0138.xml,S1_20190429_154837_155017_VV_1.jpg,2019-04-29T15:48:37,1,oil,640,640,541,206,556,257,765,,,,NOT_AVAILABLE
SPILL_00378,oc-0138.xml,S1_20190429_154837_155017_VV_1.jpg,2019-04-29T15:48:37,2,oil,640,640,177,235,236,339,6136,,,,NOT_AVAILABLE
SPILL_00379,oc-0138.xml,S1_20190429_154837_155017_VV_1.jpg,2019-04-29T15:48:37,3,oil,640,640,128,222,164,284,2232,,,,NOT_AVAILABLE
SPILL_00380,oc-0138.xml,S1_20190429_154837_155017_VV_1.jpg,2019-04-29T15:48:37,4,oil,640,640,136,282,234,368,8428,,,,NOT_AVAILABLE
SPILL_00381,oc-0139.xml,S1_20190430_035118_035259_VV_9.jpg,2019-04-30T03:51:18,1,oil,640,640,314,235,347,348,3729,,,,NOT_AVAILABLE
SPILL_00382,oc-0139.xml,S1_20190430_035118_035259_VV_9.jpg,2019-04-30T03:51:18,2,oil,640,640,293,239,326,276,1221,,,,NOT_AVAILABLE
SPILL_00383,oc-0139.xml,S1_20190430_035118_035259_VV_9.jpg,2019-04-30T03:51:18,3,oil,640,640,328,369,339,396,297,,,,NOT_AVAILABLE
SPILL_00384,oc-0140.xml,S1_20190430_153943_154058_VV_0.jpg,2019-04-30T15:39:43,1,oil,640,640,303,294,325,349,1210,,,,NOT_AVAILABLE
SPILL_00385,oc-0141.xml,S1_20190503_160406_160546_VV_0.jpg,2019-05-03T16:04:06,1,oil,640,640,279,274,334,417,7865,,,,NOT_AVAILABLE
SPILL_00386,oc-0142.xml,S1_20190506_035041_035220_VV_4.jpg,2019-05-06T03:50:41,1,oil,640,640,293,273,351,381,6264,,,,NOT_AVAILABLE
SPILL_00387,oc-0143.xml,S1_20190510_155611_155636_VV_0.jpg,2019-05-10T15:56:11,1,oil,640,640,371,231,452,333,8262,,,,NOT_AVAILABLE
SPILL_00388,oc-0143.xml,S1_20190510_155611_155636_VV_0.jpg,2019-05-10T15:56:11,2,oil,640,640,197,302,283,388,7396,,,,NOT_AVAILABLE
SPILL_00389,oc-0144.xml,S1_20190510_155611_155636_VV_2.jpg,2019-05-10T15:56:11,1,oil,640,640,315,307,331,334,432,,,,NOT_AVAILABLE
SPILL_00390,oc-0145.xml,S1_20190513_034219_034359_VV_1.jpg,2019-05-13T03:42:19,1,oil,640,640,240,568,260,604,720,,,,NOT_AVAILABLE
SPILL_00391,oc-0145.xml,S1_20190513_034219_034359_VV_1.jpg,2019-05-13T03:42:19,2,oil,640,640,214,111,361,242,19257,,,,NOT_AVAILABLE
SPILL_00392,oc-0145.xml,S1_20190513_034219_034359_VV_1.jpg,2019-05-13T03:42:19,3,oil,640,640,372,438,440,518,5440,,,,NOT_AVAILABLE
SPILL_00393,oc-0145.xml,S1_20190513_034219_034359_VV_1.jpg,2019-05-13T03:42:19,4,oil,640,640,302,261,444,423,23004,,,,NOT_AVAILABLE
SPILL_00394,oc-0145.xml,S1_20190513_034219_034359_VV_1.jpg,2019-05-13T03:42:19,5,oil,640,640,215,226,294,307,6399,,,,NOT_AVAILABLE
SPILL_00395,oc-0145.xml,S1_20190513_034219_034359_VV_1.jpg,2019-05-13T03:42:19,6,oil,640,640,232,423,251,504,1539,,,,NOT_AVAILABLE
SPILL_00396,oc-0146.xml,S1_20190513_034219_034359_VV_3.jpg,2019-05-13T03:42:19,1,oil,640,640,129,84,182,142,3074,,,,NOT_AVAILABLE
SPILL_00397,oc-0146.xml,S1_20190513_034219_034359_VV_3.jpg,2019-05-13T03:42:19,2,oil,640,640,367,492,557,572,15200,,,,NOT_AVAILABLE
SPILL_00398,oc-0146.xml,S1_20190513_034219_034359_VV_3.jpg,2019-05-13T03:42:19,3,oil,640,640,284,358,369,434,6460,,,,NOT_AVAILABLE
SPILL_00399,oc-0146.xml,S1_20190513_034219_034359_VV_3.jpg,2019-05-13T03:42:19,4,oil,640,640,112,45,161,107,3038,,,,NOT_AVAILABLE
SPILL_00400,oc-0147.xml,S1_20190513_034219_034359_VV_4.jpg,2019-05-13T03:42:19,1,oil,640,640,402,381,491,444,5607,,,,NOT_AVAILABLE
SPILL_00401,oc-0147.xml,S1_20190513_034219_034359_VV_4.jpg,2019-05-13T03:42:19,2,oil,640,640,145,48,256,106,6438,,,,NOT_AVAILABLE
SPILL_00402,oc-0148.xml,S1_20190513_153222_153337_VV_0.jpg,2019-05-13T15:32:22,1,oil,640,640,21,266,63,372,4452,,,,NOT_AVAILABLE
SPILL_00403,oc-0149.xml,S1_20190517_035929_040109_VV_0.jpg,2019-05-17T03:59:29,1,oil,640,640,258,349,287,371,638,,,,NOT_AVAILABLE
SPILL_00404,oc-0149.xml,S1_20190517_035929_040109_VV_0.jpg,2019-05-17T03:59:29,2,oil,640,640,348,276,378,314,1140,,,,NOT_AVAILABLE
SPILL_00405,oc-0150.xml,S1_20190518_035042_035221_VV_8.jpg,2019-05-18T03:50:42,1,oil,640,640,298,273,345,378,4935,,,,NOT_AVAILABLE
SPILL_00406,oc-0151.xml,S1_20190518_035042_035221_VV_11.jpg,2019-05-18T03:50:42,1,oil,640,640,249,122,287,158,1368,,,,NOT_AVAILABLE
SPILL_00407,oc-0151.xml,S1_20190518_035042_035221_VV_11.jpg,2019-05-18T03:50:42,2,oil,640,640,362,328,396,372,1496,,,,NOT_AVAILABLE
SPILL_00408,oc-0151.xml,S1_20190518_035042_035221_VV_11.jpg,2019-05-18T03:50:42,3,oil,640,640,325,365,375,495,6500,,,,NOT_AVAILABLE
SPILL_00409,oc-0152.xml,S1_20190519_034259_034439_VV_2.jpg,2019-05-19T03:42:59,1,oil,640,640,316,295,336,349,1080,,,,NOT_AVAILABLE
SPILL_00410,oc-0153.xml,S1_20190519_034259_034439_VV_3.jpg,2019-05-19T03:42:59,1,oil,640,640,390,231,414,260,696,,,,NOT_AVAILABLE
SPILL_00411,oc-0153.xml,S1_20190519_034259_034439_VV_3.jpg,2019-05-19T03:42:59,2,oil,640,640,381,59,412,119,1860,,,,NOT_AVAILABLE
SPILL_00412,oc-0153.xml,S1_20190519_034259_034439_VV_3.jpg,2019-05-19T03:42:59,3,oil,640,640,543,533,628,625,7820,,,,NOT_AVAILABLE
SPILL_00413,oc-0153.xml,S1_20190519_034259_034439_VV_3.jpg,2019-05-19T03:42:59,4,oil,640,640,400,274,425,306,800,,,,NOT_AVAILABLE
SPILL_00414,oc-0154.xml,S1_20190519_034259_034439_VV_4.jpg,2019-05-19T03:42:59,1,oil,640,640,8,1,33,37,900,,,,NOT_AVAILABLE
SPILL_00415,oc-0154.xml,S1_20190519_034259_034439_VV_4.jpg,2019-05-19T03:42:59,2,oil,640,640,151,264,236,364,8500,,,,NOT_AVAILABLE
SPILL_00416,oc-0154.xml,S1_20190519_034259_034439_VV_4.jpg,2019-05-19T03:42:59,3,oil,640,640,242,423,323,505,6642,,,,NOT_AVAILABLE
SPILL_00417,oc-0155.xml,S1_20190519_034259_034439_VV_5.jpg,2019-05-19T03:42:59,1,oil,640,640,182,117,246,205,5632,,,,NOT_AVAILABLE
SPILL_00418,oc-0155.xml,S1_20190519_034259_034439_VV_5.jpg,2019-05-19T03:42:59,2,oil,640,640,428,478,480,537,3068,,,,NOT_AVAILABLE
SPILL_00419,oc-0156.xml,S1_20190523_154838_155018_VV_0.jpg,2019-05-23T15:48:38,1,oil,640,640,296,326,316,372,920,,,,NOT_AVAILABLE
SPILL_00420,oc-0156.xml,S1_20190523_154838_155018_VV_0.jpg,2019-05-23T15:48:38,2,oil,640,640,309,267,349,327,2400,,,,NOT_AVAILABLE
SPILL_00421,oc-0157.xml,S1_20190523_154838_155018_VV_1.jpg,2019-05-23T15:48:38,1,oil,640,640,295,296,334,335,1521,,,,NOT_AVAILABLE
SPILL_00422,oc-0158.xml,S1_20190523_154838_155018_VV_2.jpg,2019-05-23T15:48:38,1,oil,640,640,302,312,338,331,684,,,,NOT_AVAILABLE
SPILL_00423,oc-0159.xml,S1_20190523_154838_155018_VV_15.jpg,2019-05-23T15:48:38,1,oil,640,640,308,297,336,353,1568,,,,NOT_AVAILABLE
SPILL_00424,oc-0159.xml,S1_20190523_154838_155018_VV_15.jpg,2019-05-23T15:48:38,2,oil,640,640,332,403,342,422,190,,,,NOT_AVAILABLE
SPILL_00425,oc-0159.xml,S1_20190523_154838_155018_VV_15.jpg,2019-05-23T15:48:38,3,oil,640,640,314,235,337,289,1242,,,,NOT_AVAILABLE
SPILL_00426,oc-0160.xml,S1_20190524_035119_035300_VV_16.jpg,2019-05-24T03:51:19,1,oil,640,640,287,280,366,363,6557,,,,NOT_AVAILABLE
SPILL_00427,oc-0160.xml,S1_20190524_035119_035300_VV_16.jpg,2019-05-24T03:51:19,2,oil,640,640,231,63,246,85,330,,,,NOT_AVAILABLE
SPILL_00428,oc-0161.xml,S1_20190525_034220_034400_VV_2.jpg,2019-05-25T03:42:20,1,oil,640,640,297,287,345,351,3072,,,,NOT_AVAILABLE
SPILL_00429,oc-0162.xml,S1_20190529_154748_154928_VV_0.jpg,2019-05-29T15:47:48,1,oil,640,640,311,291,327,335,704,,,,NOT_AVAILABLE
SPILL_00430,oc-0163.xml,S1_20190529_154748_154928_VV_1.jpg,2019-05-29T15:47:48,1,oil,640,640,308,286,335,354,1836,,,,NOT_AVAILABLE
SPILL_00431,oc-0164.xml,S1_20190531_034300_034440_VV_10.jpg,2019-05-31T03:43:00,1,oil,640,640,313,254,325,370,1392,,,,NOT_AVAILABLE
SPILL_00432,oc-0165.xml,S1_20190603_155613_155637_VV_1.jpg,2019-06-03T15:56:13,1,oil,640,640,292,258,342,365,5350,,,,NOT_AVAILABLE
SPILL_00433,oc-0166.xml,S1_20190606_034221_034401_VV_1.jpg,2019-06-06T03:42:21,1,oil,640,640,288,294,363,356,4650,,,,NOT_AVAILABLE
SPILL_00434,oc-0167.xml,S1_20190606_034221_034401_VV_3.jpg,2019-06-06T03:42:21,1,oil,640,640,346,320,387,365,1845,,,,NOT_AVAILABLE
SPILL_00435,oc-0167.xml,S1_20190606_034221_034401_VV_3.jpg,2019-06-06T03:42:21,2,oil,640,640,277,246,312,303,1995,,,,NOT_AVAILABLE
SPILL_00436,oc-0167.xml,S1_20190606_034221_034401_VV_3.jpg,2019-06-06T03:42:21,3,oil,640,640,277,373,320,404,1333,,,,NOT_AVAILABLE
SPILL_00437,oc-0168.xml,S1_20190606_153223_153338_VV_0.jpg,2019-06-06T15:32:23,1,oil,640,640,275,223,359,325,8568,,,,NOT_AVAILABLE
SPILL_00438,oc-0168.xml,S1_20190606_153223_153338_VV_0.jpg,2019-06-06T15:32:23,2,oil,640,640,224,242,358,443,26934,,,,NOT_AVAILABLE
SPILL_00439,oc-0169.xml,S1_20190609_155640_155820_VV_0.jpg,2019-06-09T15:56:40,1,oil,640,640,102,458,179,521,4851,,,,NOT_AVAILABLE
SPILL_00440,oc-0169.xml,S1_20190609_155640_155820_VV_0.jpg,2019-06-09T15:56:40,2,oil,640,640,339,4,385,69,2990,,,,NOT_AVAILABLE
SPILL_00441,oc-0169.xml,S1_20190609_155640_155820_VV_0.jpg,2019-06-09T15:56:40,3,oil,640,640,74,456,113,545,3471,,,,NOT_AVAILABLE
SPILL_00442,oc-0169.xml,S1_20190609_155640_155820_VV_0.jpg,2019-06-09T15:56:40,4,oil,640,640,538,510,567,609,2871,,,,NOT_AVAILABLE
SPILL_00443,oc-0169.xml,S1_20190609_155640_155820_VV_0.jpg,2019-06-09T15:56:40,5,oil,640,640,502,540,536,607,2278,,,,NOT_AVAILABLE
SPILL_00444,oc-0169.xml,S1_20190609_155640_155820_VV_0.jpg,2019-06-09T15:56:40,6,oil,640,640,13,439,64,515,3876,,,,NOT_AVAILABLE
SPILL_00445,oc-0170.xml,S1_20190609_155640_155820_VV_1.jpg,2019-06-09T15:56:40,1,oil,640,640,386,258,451,306,3120,,,,NOT_AVAILABLE
SPILL_00446,oc-0170.xml,S1_20190609_155640_155820_VV_1.jpg,2019-06-09T15:56:40,2,oil,640,640,390,336,453,397,3843,,,,NOT_AVAILABLE
SPILL_00447,oc-0170.xml,S1_20190609_155640_155820_VV_1.jpg,2019-06-09T15:56:40,3,oil,640,640,284,306,364,348,3360,,,,NOT_AVAILABLE
SPILL_00448,oc-0170.xml,S1_20190609_155640_155820_VV_1.jpg,2019-06-09T15:56:40,4,oil,640,640,320,359,380,399,2400,,,,NOT_AVAILABLE
SPILL_00449,oc-0170.xml,S1_20190609_155640_155820_VV_1.jpg,2019-06-09T15:56:40,5,oil,640,640,395,318,411,331,208,,,,NOT_AVAILABLE
SPILL_00450,oc-0170.xml,S1_20190609_155640_155820_VV_1.jpg,2019-06-09T15:56:40,6,oil,640,640,288,249,372,272,1932,,,,NOT_AVAILABLE
SPILL_00451,oc-0170.xml,S1_20190609_155640_155820_VV_1.jpg,2019-06-09T15:56:40,7,oil,640,640,489,260,514,285,625,,,,NOT_AVAILABLE
SPILL_00452,oc-0170.xml,S1_20190609_155640_155820_VV_1.jpg,2019-06-09T15:56:40,8,oil,640,640,535,475,566,516,1271,,,,NOT_AVAILABLE
SPILL_00453,oc-0171.xml,S1_20190610_154748_154928_VV_2.jpg,2019-06-10T15:47:48,1,oil,640,640,311,298,338,335,999,,,,NOT_AVAILABLE
SPILL_00454,oc-0171.xml,S1_20190610_154748_154928_VV_2.jpg,2019-06-10T15:47:48,2,oil,640,640,309,310,325,332,352,,,,NOT_AVAILABLE
SPILL_00455,oc-0172.xml,S1_20190610_154748_154928_VV_18.jpg,2019-06-10T15:47:48,1,oil,640,640,283,313,363,336,1840,,,,NOT_AVAILABLE
SPILL_00456,oc-0173.xml,S1_20190612_034300_034440_VV_7.jpg,2019-06-12T03:43:00,1,oil,640,640,110,93,125,109,240,,,,NOT_AVAILABLE
SPILL_00457,oc-0173.xml,S1_20190612_034300_034440_VV_7.jpg,2019-06-12T03:43:00,2,oil,640,640,12,116,29,132,272,,,,NOT_AVAILABLE
SPILL_00458,oc-0173.xml,S1_20190612_034300_034440_VV_7.jpg,2019-06-12T03:43:00,3,oil,640,640,70,103,93,116,299,,,,NOT_AVAILABLE
SPILL_00459,oc-0173.xml,S1_20190612_034300_034440_VV_7.jpg,2019-06-12T03:43:00,4,oil,640,640,64,67,75,75,88,,,,NOT_AVAILABLE
SPILL_00460,oc-0173.xml,S1_20190612_034300_034440_VV_7.jpg,2019-06-12T03:43:00,5,oil,640,640,206,275,233,285,270,,,,NOT_AVAILABLE
SPILL_00461,oc-0173.xml,S1_20190612_034300_034440_VV_7.jpg,2019-06-12T03:43:00,6,oil,640,640,126,215,148,227,264,,,,NOT_AVAILABLE
SPILL_00462,oc-0173.xml,S1_20190612_034300_034440_VV_7.jpg,2019-06-12T03:43:00,7,oil,640,640,427,7,438,19,132,,,,NOT_AVAILABLE
SPILL_00463,oc-0173.xml,S1_20190612_034300_034440_VV_7.jpg,2019-06-12T03:43:00,8,oil,640,640,15,72,32,93,357,,,,NOT_AVAILABLE
SPILL_00464,oc-0173.xml,S1_20190612_034300_034440_VV_7.jpg,2019-06-12T03:43:00,9,oil,640,640,337,159,356,173,266,,,,NOT_AVAILABLE
SPILL_00465,oc-0173.xml,S1_20190612_034300_034440_VV_7.jpg,2019-06-12T03:43:00,10,oil,640,640,480,137,498,154,306,,,,NOT_AVAILABLE
SPILL_00466,oc-0173.xml,S1_20190612_034300_034440_VV_7.jpg,2019-06-12T03:43:00,11,oil,640,640,547,45,557,54,90,,,,NOT_AVAILABLE
SPILL_00467,oc-0173.xml,S1_20190612_034300_034440_VV_7.jpg,2019-06-12T03:43:00,12,oil,640,640,588,89,604,101,192,,,,NOT_AVAILABLE
SPILL_00468,oc-0173.xml,S1_20190612_034300_034440_VV_7.jpg,2019-06-12T03:43:00,13,oil,640,640,298,111,314,137,416,,,,NOT_AVAILABLE
SPILL_00469,oc-0173.xml,S1_20190612_034300_034440_VV_7.jpg,2019-06-12T03:43:00,14,oil,640,640,205,1,219,8,98,,,,NOT_AVAILABLE
SPILL_00470,oc-0173.xml,S1_20190612_034300_034440_VV_7.jpg,2019-06-12T03:43:00,15,oil,640,640,176,219,201,231,300,,,,NOT_AVAILABLE
SPILL_00471,oc-0173.xml,S1_20190612_034300_034440_VV_7.jpg,2019-06-12T03:43:00,16,oil,640,640,184,239,208,253,336,,,,NOT_AVAILABLE
SPILL_00472,oc-0174.xml,S1_20190614_160452_160632_VV_0.jpg,2019-06-14T16:04:52,1,oil,640,640,450,318,476,376,1508,,,,NOT_AVAILABLE
SPILL_00473,oc-0174.xml,S1_20190614_160452_160632_VV_0.jpg,2019-06-14T16:04:52,2,oil,640,640,224,240,265,305,2665,,,,NOT_AVAILABLE
SPILL_00474,oc-0175.xml,S1_20190615_155613_155638_VV_0.jpg,2019-06-15T15:56:13,1,oil,640,640,234,174,270,208,1224,,,,NOT_AVAILABLE
SPILL_00475,oc-0175.xml,S1_20190615_155613_155638_VV_0.jpg,2019-06-15T15:56:13,2,oil,640,640,192,305,248,340,1960,,,,NOT_AVAILABLE
SPILL_00476,oc-0175.xml,S1_20190615_155613_155638_VV_0.jpg,2019-06-15T15:56:13,3,oil,640,640,289,408,306,466,986,,,,NOT_AVAILABLE
SPILL_00477,oc-0176.xml,S1_20190615_155613_155638_VV_1.jpg,2019-06-15T15:56:13,1,oil,640,640,426,157,466,215,2320,,,,NOT_AVAILABLE
SPILL_00478,oc-0176.xml,S1_20190615_155613_155638_VV_1.jpg,2019-06-15T15:56:13,2,oil,640,640,176,456,197,499,903,,,,NOT_AVAILABLE
SPILL_00479,oc-0177.xml,S1_20190615_155613_155638_VV_2.jpg,2019-06-15T15:56:13,1,oil,640,640,284,286,370,357,6106,,,,NOT_AVAILABLE
SPILL_00480,oc-0178.xml,S1_20190616_035853_040032_VV_5.jpg,2019-06-16T03:58:53,1,oil,640,640,281,296,387,315,2014,,,,NOT_AVAILABLE
SPILL_00481,oc-0178.xml,S1_20190616_035853_040032_VV_5.jpg,2019-06-16T03:58:53,2,oil,640,640,206,348,322,368,2320,,,,NOT_AVAILABLE
SPILL_00482,oc-0179.xml,S1_20190616_154839_155019_VV_0.jpg,2019-06-16T15:48:39,1,oil,640,640,522,438,534,483,540,,,,NOT_AVAILABLE
SPILL_00483,oc-0179.xml,S1_20190616_154839_155019_VV_0.jpg,2019-06-16T15:48:39,2,oil,640,640,106,157,118,220,756,,,,NOT_AVAILABLE
SPILL_00484,oc-0180.xml,S1_20190617_153946_154101_VV_0.jpg,2019-06-17T15:39:46,1,oil,640,640,301,311,360,336,1475,,,,NOT_AVAILABLE
SPILL_00485,oc-0181.xml,S1_20190618_034221_034401_VV_1.jpg,2019-06-18T03:42:21,1,oil,640,640,307,185,417,415,25300,,,,NOT_AVAILABLE
SPILL_00486,oc-0181.xml,S1_20190618_034221_034401_VV_1.jpg,2019-06-18T03:42:21,2,oil,640,640,242,383,315,474,6643,,,,NOT_AVAILABLE
SPILL_00487,oc-0182.xml,S1_20190618_034221_034401_VV_2.jpg,2019-06-18T03:42:21,1,oil,640,640,307,293,331,347,1296,,,,NOT_AVAILABLE
SPILL_00488,oc-0183.xml,S1_20190618_034221_034401_VV_5.jpg,2019-06-18T03:42:21,1,oil,640,640,296,265,339,385,5160,,,,NOT_AVAILABLE
SPILL_00489,oc-0184.xml,S1_20190618_034221_034401_VV_6.jpg,2019-06-18T03:42:21,1,oil,640,640,170,37,221,175,7038,,,,NOT_AVAILABLE
SPILL_00490,oc-0184.xml,S1_20190618_034221_034401_VV_6.jpg,2019-06-18T03:42:21,2,oil,640,640,312,117,391,451,26386,,,,NOT_AVAILABLE
SPILL_00491,oc-0184.xml,S1_20190618_034221_034401_VV_6.jpg,2019-06-18T03:42:21,3,oil,640,640,402,425,471,601,12144,,,,NOT_AVAILABLE
SPILL_00492,oc-0184.xml,S1_20190618_034221_034401_VV_6.jpg,2019-06-18T03:42:21,4,oil,640,640,205,62,244,216,6006,,,,NOT_AVAILABLE
SPILL_00493,oc-0184.xml,S1_20190618_034221_034401_VV_6.jpg,2019-06-18T03:42:21,5,oil,640,640,175,47,194,82,665,,,,NOT_AVAILABLE
SPILL_00494,oc-0185.xml,S1_20190618_034221_034401_VV_7.jpg,2019-06-18T03:42:21,1,oil,640,640,422,298,475,422,6572,,,,NOT_AVAILABLE
SPILL_00495,oc-0185.xml,S1_20190618_034221_034401_VV_7.jpg,2019-06-18T03:42:21,2,oil,640,640,161,56,192,93,1147,,,,NOT_AVAILABLE
SPILL_00496,oc-0186.xml,S1_20190619_033457_033637_VV_0.jpg,2019-06-19T03:34:57,1,oil,640,640,301,301,341,354,2120,,,,NOT_AVAILABLE
SPILL_00497,oc-0187.xml,S1_20190621_155641_155821_VV_0.jpg,2019-06-21T15:56:41,1,oil,640,640,307,303,338,338,1085,,,,NOT_AVAILABLE
SPILL_00498,oc-0188.xml,S1_20190621_155641_155821_VV_1.jpg,2019-06-21T15:56:41,1,oil,640,640,292,295,358,339,2904,,,,NOT_AVAILABLE
SPILL_00499,oc-0189.xml,S1_20190622_035930_040110_VV_4.jpg,2019-06-22T03:59:30,1,oil,640,640,88,478,192,513,3640,,,,NOT_AVAILABLE
SPILL_00500,oc-0189.xml,S1_20190622_035930_040110_VV_4.jpg,2019-06-22T03:59:30,2,oil,640,640,217,615,237,628,260,,,,NOT_AVAILABLE
SPILL_00501,oc-0189.xml,S1_20190622_035930_040110_VV_4.jpg,2019-06-22T03:59:30,3,oil,640,640,213,537,244,549,372,,,,NOT_AVAILABLE
SPILL_00502,oc-0189.xml,S1_20190622_035930_040110_VV_4.jpg,2019-06-22T03:59:30,4,oil,640,640,341,3,376,16,455,,,,NOT_AVAILABLE
SPILL_00503,oc-0190.xml,S1_20190622_154749_154929_VV_1.jpg,2019-06-22T15:47:49,1,oil,640,640,296,263,365,374,7659,,,,NOT_AVAILABLE
SPILL_00504,oc-0191.xml,S1_20190622_154749_154929_VV_9.jpg,2019-06-22T15:47:49,1,oil,640,640,175,297,465,344,13630,,,,NOT_AVAILABLE
SPILL_00505,oc-0192.xml,S1_20190624_034301_034441_VV_2.jpg,2019-06-24T03:43:01,1,oil,640,640,277,282,357,398,9280,,,,NOT_AVAILABLE
SPILL_00506,oc-0193.xml,S1_20190624_034301_034441_VV_6.jpg,2019-06-24T03:43:01,1,oil,640,640,302,268,349,306,1786,,,,NOT_AVAILABLE
SPILL_00507,oc-0193.xml,S1_20190624_034301_034441_VV_6.jpg,2019-06-24T03:43:01,2,oil,640,640,296,319,379,368,4067,,,,NOT_AVAILABLE
SPILL_00508,oc-0194.xml,S1_20190624_034301_034441_VV_11.jpg,2019-06-24T03:43:01,1,oil,640,640,501,224,604,296,7416,,,,NOT_AVAILABLE
SPILL_00509,oc-0194.xml,S1_20190624_034301_034441_VV_11.jpg,2019-06-24T03:43:01,2,oil,640,640,409,55,505,137,7872,,,,NOT_AVAILABLE
SPILL_00510,oc-0195.xml,S1_20190626_160452_160632_VV_0.jpg,2019-06-26T16:04:52,1,oil,640,640,306,46,346,150,4160,,,,NOT_AVAILABLE
SPILL_00511,oc-0196.xml,S1_20190627_155614_155639_VV_0.jpg,2019-06-27T15:56:14,1,oil,640,640,312,267,332,370,2060,,,,NOT_AVAILABLE
SPILL_00512,oc-0197.xml,S1_20190627_155614_155639_VV_2.jpg,2019-06-27T15:56:14,1,oil,640,640,306,237,342,396,5724,,,,NOT_AVAILABLE
SPILL_00513,oc-0197.xml,S1_20190627_155614_155639_VV_2.jpg,2019-06-27T15:56:14,2,oil,640,640,291,312,317,387,1950,,,,NOT_AVAILABLE
SPILL_00514,oc-0198.xml,S1_20190628_035854_040033_VV_2.jpg,2019-06-28T03:58:54,1,oil,640,640,292,274,373,366,7452,,,,NOT_AVAILABLE
SPILL_00515,oc-0199.xml,S1_20190628_035854_040033_VV_3.jpg,2019-06-28T03:58:54,1,oil,640,640,282,291,352,337,3220,,,,NOT_AVAILABLE
SPILL_00516,oc-0200.xml,S1_20190701_033458_033638_VV_1.jpg,2019-07-01T03:34:58,1,oil,640,640,319,202,355,459,9252,,,,NOT_AVAILABLE
SPILL_00517,oc-0201.xml,S1_20190703_155642_155822_VV_0.jpg,2019-07-03T15:56:42,1,oil,640,640,317,310,327,331,210,,,,NOT_AVAILABLE
SPILL_00518,oc-0202.xml,S1_20190703_155642_155822_VV_1.jpg,2019-07-03T15:56:42,1,oil,640,640,306,431,315,460,261,,,,NOT_AVAILABLE
SPILL_00519,oc-0202.xml,S1_20190703_155642_155822_VV_1.jpg,2019-07-03T15:56:42,2,oil,640,640,297,217,342,331,5130,,,,NOT_AVAILABLE
SPILL_00520,oc-0202.xml,S1_20190703_155642_155822_VV_1.jpg,2019-07-03T15:56:42,3,oil,640,640,274,276,306,473,6304,,,,NOT_AVAILABLE
SPILL_00521,oc-0203.xml,S1_20190704_154750_154930_VV_1.jpg,2019-07-04T15:47:50,1,oil,640,640,105,310,136,404,2914,,,,NOT_AVAILABLE
SPILL_00522,oc-0203.xml,S1_20190704_154750_154930_VV_1.jpg,2019-07-04T15:47:50,2,oil,640,640,133,311,147,376,910,,,,NOT_AVAILABLE
SPILL_00523,oc-0203.xml,S1_20190704_154750_154930_VV_1.jpg,2019-07-04T15:47:50,3,oil,640,640,303,251,325,302,1122,,,,NOT_AVAILABLE
SPILL_00524,oc-0204.xml,S1_20190707_033413_033553_VV_1.jpg,2019-07-07T03:34:13,1,oil,640,640,283,199,367,385,15624,,,,NOT_AVAILABLE
SPILL_00525,oc-0204.xml,S1_20190707_033413_033553_VV_1.jpg,2019-07-07T03:34:13,2,oil,640,640,311,328,341,387,1770,,,,NOT_AVAILABLE
SPILL_00526,oc-0204.xml,S1_20190707_033413_033553_VV_1.jpg,2019-07-07T03:34:13,3,oil,640,640,333,360,361,431,1988,,,,NOT_AVAILABLE
SPILL_00527,oc-0205.xml,S1_20190710_154840_155020_VV_10.jpg,2019-07-10T15:48:40,1,oil,640,640,311,314,333,327,286,,,,NOT_AVAILABLE
SPILL_00528,oc-0206.xml,S1_20190711_035121_035303_VV_2.jpg,2019-07-11T03:51:21,1,oil,640,640,292,299,361,351,3588,,,,NOT_AVAILABLE
SPILL_00529,oc-0207.xml,S1_20190711_035121_035303_VV_13.jpg,2019-07-11T03:51:21,1,oil,640,640,290,302,316,335,858,,,,NOT_AVAILABLE
SPILL_00530,oc-0207.xml,S1_20190711_035121_035303_VV_13.jpg,2019-07-11T03:51:21,2,oil,640,640,324,315,349,337,550,,,,NOT_AVAILABLE
SPILL_00531,oc-0208.xml,S1_20190712_034223_034403_VV_2.jpg,2019-07-12T03:42:23,1,oil,640,640,310,302,344,342,1360,,,,NOT_AVAILABLE
SPILL_00532,oc-0209.xml,S1_20190712_034223_034403_VV_3.jpg,2019-07-12T03:42:23,1,oil,640,640,269,179,285,265,1376,,,,NOT_AVAILABLE
SPILL_00533,oc-0209.xml,S1_20190712_034223_034403_VV_3.jpg,2019-07-12T03:42:23,2,oil,640,640,337,386,364,459,1971,,,,NOT_AVAILABLE
SPILL_00534,oc-0210.xml,S1_20190712_034223_034403_VV_4.jpg,2019-07-12T03:42:23,1,oil,640,640,200,118,217,183,1105,,,,NOT_AVAILABLE
SPILL_00535,oc-0210.xml,S1_20190712_034223_034403_VV_4.jpg,2019-07-12T03:42:23,2,oil,640,640,177,82,192,134,780,,,,NOT_AVAILABLE
SPILL_00536,oc-0210.xml,S1_20190712_034223_034403_VV_4.jpg,2019-07-12T03:42:23,3,oil,640,640,337,334,388,437,5253,,,,NOT_AVAILABLE
SPILL_00537,oc-0210.xml,S1_20190712_034223_034403_VV_4.jpg,2019-07-12T03:42:23,4,oil,640,640,402,472,460,591,6902,,,,NOT_AVAILABLE
SPILL_00538,oc-0211.xml,S1_20190712_034223_034403_VV_5.jpg,2019-07-12T03:42:23,1,oil,640,640,437,333,459,433,2200,,,,NOT_AVAILABLE
SPILL_00539,oc-0211.xml,S1_20190712_034223_034403_VV_5.jpg,2019-07-12T03:42:23,2,oil,640,640,162,1,196,83,2788,,,,NOT_AVAILABLE
SPILL_00540,oc-0212.xml,S1_20190714_160410_160550_VV_0.jpg,2019-07-14T16:04:10,1,oil,640,640,362,252,402,312,2400,,,,NOT_AVAILABLE
SPILL_00541,oc-0212.xml,S1_20190714_160410_160550_VV_0.jpg,2019-07-14T16:04:10,2,oil,640,640,227,341,259,383,1344,,,,NOT_AVAILABLE
SPILL_00542,oc-0213.xml,S1_20190714_160410_160550_VV_1.jpg,2019-07-14T16:04:10,1,oil,640,640,314,311,331,331,340,,,,NOT_AVAILABLE
SPILL_00543,oc-0214.xml,S1_20190715_155643_155823_VV_0.jpg,2019-07-15T15:56:43,1,oil,640,640,311,305,326,364,885,,,,NOT_AVAILABLE
SPILL_00544,oc-0215.xml,S1_20190715_155643_155823_VV_1.jpg,2019-07-15T15:56:43,1,oil,640,640,562,441,611,515,3626,,,,NOT_AVAILABLE
SPILL_00545,oc-0215.xml,S1_20190715_155643_155823_VV_1.jpg,2019-07-15T15:56:43,2,oil,640,640,281,354,294,381,351,,,,NOT_AVAILABLE
SPILL_00546,oc-0215.xml,S1_20190715_155643_155823_VV_1.jpg,2019-07-15T15:56:43,3,oil,640,640,253,375,283,430,1650,,,,NOT_AVAILABLE
SPILL_00547,oc-0215.xml,S1_20190715_155643_155823_VV_1.jpg,2019-07-15T15:56:43,4,oil,640,640,269,322,296,363,1107,,,,NOT_AVAILABLE
SPILL_00548,oc-0215.xml,S1_20190715_155643_155823_VV_1.jpg,2019-07-15T15:56:43,5,oil,640,640,476,524,539,590,4158,,,,NOT_AVAILABLE
SPILL_00549,oc-0215.xml,S1_20190715_155643_155823_VV_1.jpg,2019-07-15T15:56:43,6,oil,640,640,285,439,300,461,330,,,,NOT_AVAILABLE
SPILL_00550,oc-0215.xml,S1_20190715_155643_155823_VV_1.jpg,2019-07-15T15:56:43,7,oil,640,640,270,384,294,439,1320,,,,NOT_AVAILABLE
SPILL_00551,oc-0216.xml,S1_20190716_154751_154931_VV_1.jpg,2019-07-16T15:47:51,1,oil,640,640,312,266,327,284,270,,,,NOT_AVAILABLE
SPILL_00552,oc-0216.xml,S1_20190716_154751_154931_VV_1.jpg,2019-07-16T15:47:51,2,oil,640,640,553,32,579,47,390,,,,NOT_AVAILABLE
SPILL_00553,oc-0216.xml,S1_20190716_154751_154931_VV_1.jpg,2019-07-16T15:47:51,3,oil,640,640,142,593,192,608,750,,,,NOT_AVAILABLE
SPILL_00554,oc-0216.xml,S1_20190716_154751_154931_VV_1.jpg,2019-07-16T15:47:51,4,oil,640,640,154,567,204,599,1600,,,,NOT_AVAILABLE
SPILL_00555,oc-0216.xml,S1_20190716_154751_154931_VV_1.jpg,2019-07-16T15:47:51,5,oil,640,640,326,138,346,153,300,,,,NOT_AVAILABLE
SPILL_00556,oc-0216.xml,S1_20190716_154751_154931_VV_1.jpg,2019-07-16T15:47:51,6,oil,640,640,65,160,78,177,221,,,,NOT_AVAILABLE
SPILL_00557,oc-0217.xml,S1_20190723_035122_035304_VV_6.jpg,2019-07-23T03:51:22,1,oil,640,640,540,62,577,84,814,,,,NOT_AVAILABLE
SPILL_00558,oc-0217.xml,S1_20190723_035122_035304_VV_6.jpg,2019-07-23T03:51:22,2,oil,640,640,558,69,591,93,792,,,,NOT_AVAILABLE
SPILL_00559,oc-0217.xml,S1_20190723_035122_035304_VV_6.jpg,2019-07-23T03:51:22,3,oil,640,640,37,524,71,588,2176,,,,NOT_AVAILABLE
SPILL_00560,oc-0218.xml,S1_20190723_035122_035304_VV_8.jpg,2019-07-23T03:51:22,1,oil,640,640,34,1,276,149,35816,,,,NOT_AVAILABLE
SPILL_00561,oc-0218.xml,S1_20190723_035122_035304_VV_8.jpg,2019-07-23T03:51:22,2,oil,640,640,264,1,314,100,4950,,,,NOT_AVAILABLE
SPILL_00562,oc-0218.xml,S1_20190723_035122_035304_VV_8.jpg,2019-07-23T03:51:22,3,oil,640,640,344,1,402,15,812,,,,NOT_AVAILABLE
SPILL_00563,oc-0218.xml,S1_20190723_035122_035304_VV_8.jpg,2019-07-23T03:51:22,4,oil,640,640,47,165,96,214,2401,,,,NOT_AVAILABLE
SPILL_00564,oc-0218.xml,S1_20190723_035122_035304_VV_8.jpg,2019-07-23T03:51:22,5,oil,640,640,116,203,135,223,380,,,,NOT_AVAILABLE
SPILL_00565,oc-0218.xml,S1_20190723_035122_035304_VV_8.jpg,2019-07-23T03:51:22,6,oil,640,640,133,273,165,297,768,,,,NOT_AVAILABLE
SPILL_00566,oc-0218.xml,S1_20190723_035122_035304_VV_8.jpg,2019-07-23T03:51:22,7,oil,640,640,229,257,271,294,1554,,,,NOT_AVAILABLE
SPILL_00567,oc-0219.xml,S1_20190723_153948_154103_VV_1.jpg,2019-07-23T15:39:48,1,oil,640,640,305,300,353,334,1632,,,,NOT_AVAILABLE
SPILL_00568,oc-0220.xml,S1_20190724_034223_034403_VV_2.jpg,2019-07-24T03:42:23,1,oil,640,640,296,284,359,359,4725,,,,NOT_AVAILABLE
SPILL_00569,oc-0221.xml,S1_20190724_034223_034403_VV_5.jpg,2019-07-24T03:42:23,1,oil,640,640,201,37,241,112,3000,,,,NOT_AVAILABLE
SPILL_00570,oc-0221.xml,S1_20190724_034223_034403_VV_5.jpg,2019-07-24T03:42:23,2,oil,640,640,144,340,208,439,6336,,,,NOT_AVAILABLE
SPILL_00571,oc-0221.xml,S1_20190724_034223_034403_VV_5.jpg,2019-07-24T03:42:23,3,oil,640,640,228,520,276,608,4224,,,,NOT_AVAILABLE
SPILL_00572,oc-0221.xml,S1_20190724_034223_034403_VV_5.jpg,2019-07-24T03:42:23,4,oil,640,640,420,444,429,461,153,,,,NOT_AVAILABLE
SPILL_00573,oc-0222.xml,S1_20190724_034223_034403_VV_7.jpg,2019-07-24T03:42:23,1,oil,640,640,445,393,483,445,1976,,,,NOT_AVAILABLE
SPILL_00574,oc-0222.xml,S1_20190724_034223_034403_VV_7.jpg,2019-07-24T03:42:23,2,oil,640,640,186,1,222,65,2304,,,,NOT_AVAILABLE
SPILL_00575,oc-0223.xml,S1_20190725_033500_033640_VV_0.jpg,2019-07-25T03:35:00,1,oil,640,640,302,267,348,372,4830,,,,NOT_AVAILABLE
SPILL_00576,oc-0224.xml,S1_20190727_155643_155823_VV_0.jpg,2019-07-27T15:56:43,1,oil,640,640,301,277,341,364,3480,,,,NOT_AVAILABLE
SPILL_00577,oc-0225.xml,S1_20190727_155643_155823_VV_1.jpg,2019-07-27T15:56:43,1,oil,640,640,260,450,282,479,638,,,,NOT_AVAILABLE
SPILL_00578,oc-0225.xml,S1_20190727_155643_155823_VV_1.jpg,2019-07-27T15:56:43,2,oil,640,640,292,234,398,354,12720,,,,NOT_AVAILABLE
SPILL_00579,oc-0225.xml,S1_20190727_155643_155823_VV_1.jpg,2019-07-27T15:56:43,3,oil,640,640,249,395,274,447,1300,,,,NOT_AVAILABLE
SPILL_00580,oc-0226.xml,S1_20190729_035046_035225_VV_5.jpg,2019-07-29T03:50:46,1,oil,640,640,445,262,463,284,396,,,,NOT_AVAILABLE
SPILL_00581,oc-0226.xml,S1_20190729_035046_035225_VV_5.jpg,2019-07-29T03:50:46,2,oil,640,640,1,157,23,192,770,,,,NOT_AVAILABLE
SPILL_00582,oc-0226.xml,S1_20190729_035046_035225_VV_5.jpg,2019-07-29T03:50:46,3,oil,640,640,515,201,582,318,7839,,,,NOT_AVAILABLE
SPILL_00583,oc-0226.xml,S1_20190729_035046_035225_VV_5.jpg,2019-07-29T03:50:46,4,oil,640,640,451,424,477,543,3094,,,,NOT_AVAILABLE
SPILL_00584,oc-0227.xml,S1_20190729_035046_035225_VV_7.jpg,2019-07-29T03:50:46,1,oil,640,640,308,304,341,343,1287,,,,NOT_AVAILABLE
SPILL_00585,oc-0228.xml,S1_20190729_154013_154153_VV_1.jpg,2019-07-29T15:40:13,1,oil,640,640,301,301,343,342,1722,,,,NOT_AVAILABLE
SPILL_00586,oc-0229.xml,S1_20190730_034303_034443_VV_7.jpg,2019-07-30T03:43:03,1,oil,640,640,315,266,361,393,5842,,,,NOT_AVAILABLE
SPILL_00587,oc-0229.xml,S1_20190730_034303_034443_VV_7.jpg,2019-07-30T03:43:03,2,oil,640,640,274,253,324,331,3900,,,,NOT_AVAILABLE
SPILL_00588,oc-0230.xml,S1_20190730_034303_034443_VV_8.jpg,2019-07-30T03:43:03,1,oil,640,640,241,305,340,425,11880,,,,NOT_AVAILABLE
SPILL_00589,oc-0230.xml,S1_20190730_034303_034443_VV_8.jpg,2019-07-30T03:43:03,2,oil,640,640,165,174,236,258,5964,,,,NOT_AVAILABLE
SPILL_00590,oc-0230.xml,S1_20190730_034303_034443_VV_8.jpg,2019-07-30T03:43:03,3,oil,640,640,464,440,482,462,396,,,,NOT_AVAILABLE
SPILL_00591,oc-0231.xml,S1_20190730_153133_153313_VV_0.jpg,2019-07-30T15:31:33,1,oil,640,640,108,268,360,418,37800,,,,NOT_AVAILABLE
SPILL_00592,oc-0232.xml,S1_20190730_153133_153313_VV_1.jpg,2019-07-30T15:31:33,1,oil,640,640,299,294,471,364,12040,,,,NOT_AVAILABLE
SPILL_00593,oc-0232.xml,S1_20190730_153133_153313_VV_1.jpg,2019-07-30T15:31:33,2,oil,640,640,200,334,222,345,242,,,,NOT_AVAILABLE
SPILL_00594,oc-0233.xml,S1_20190803_154842_155022_VV_0.jpg,2019-08-03T15:48:42,1,oil,640,640,304,291,328,359,1632,,,,NOT_AVAILABLE
SPILL_00595,oc-0234.xml,S1_20190804_035123_035304_VV_6.jpg,2019-08-04T03:51:23,1,oil,640,640,351,400,382,460,1860,,,,NOT_AVAILABLE
SPILL_00596,oc-0234.xml,S1_20190804_035123_035304_VV_6.jpg,2019-08-04T03:51:23,2,oil,640,640,255,197,334,244,3713,,,,NOT_AVAILABLE
SPILL_00597,oc-0235.xml,S1_20190808_155644_155824_VV_0.jpg,2019-08-08T15:56:44,1,oil,640,640,297,284,330,374,2970,,,,NOT_AVAILABLE
SPILL_00598,oc-0236.xml,S1_20190809_035934_040114_VV_0.jpg,2019-08-09T03:59:34,1,oil,640,640,220,363,270,393,1500,,,,NOT_AVAILABLE
SPILL_00599,oc-0236.xml,S1_20190809_035934_040114_VV_0.jpg,2019-08-09T03:59:34,2,oil,640,640,299,299,380,339,3240,,,,NOT_AVAILABLE
SPILL_00600,oc-0236.xml,S1_20190809_035934_040114_VV_0.jpg,2019-08-09T03:59:34,3,oil,640,640,365,213,424,255,2478,,,,NOT_AVAILABLE
SPILL_00601,oc-0236.xml,S1_20190809_035934_040114_VV_0.jpg,2019-08-09T03:59:34,4,oil,640,640,415,219,467,244,1300,,,,NOT_AVAILABLE
SPILL_00602,oc-0237.xml,S1_20190810_035047_035226_VV_3.jpg,2019-08-10T03:50:47,1,oil,1753,1753,84,429,1693,1026,960573,,,,NOT_AVAILABLE
SPILL_00603,oc-0238.xml,S1_20190810_035047_035226_VV_5.jpg,2019-08-10T03:50:47,1,oil,640,640,53,1,244,349,66468,,,,NOT_AVAILABLE
SPILL_00604,oc-0238.xml,S1_20190810_035047_035226_VV_5.jpg,2019-08-10T03:50:47,2,oil,640,640,563,585,587,605,480,,,,NOT_AVAILABLE
SPILL_00605,oc-0238.xml,S1_20190810_035047_035226_VV_5.jpg,2019-08-10T03:50:47,3,oil,640,640,547,474,572,540,1650,,,,NOT_AVAILABLE
SPILL_00606,oc-0239.xml,S1_20190810_154014_154154_VV_2.jpg,2019-08-10T15:40:14,1,oil,640,640,71,311,120,328,833,,,,NOT_AVAILABLE
SPILL_00607,oc-0240.xml,S1_20190812_033415_033555_VV_0.jpg,2019-08-12T03:34:15,1,oil,640,640,267,250,381,400,17100,,,,NOT_AVAILABLE
SPILL_00608,oc-0241.xml,S1_20190813_160456_160636_VV_0.jpg,2019-08-13T16:04:56,1,oil,640,640,572,192,589,225,561,,,,NOT_AVAILABLE
SPILL_00609,oc-0241.xml,S1_20190813_160456_160636_VV_0.jpg,2019-08-13T16:04:56,2,oil,640,640,260,1,328,89,5984,,,,NOT_AVAILABLE
SPILL_00610,oc-0241.xml,S1_20190813_160456_160636_VV_0.jpg,2019-08-13T16:04:56,3,oil,640,640,192,70,238,194,5704,,,,NOT_AVAILABLE
SPILL_00611,oc-0241.xml,S1_20190813_160456_160636_VV_0.jpg,2019-08-13T16:04:56,4,oil,640,640,10,183,19,215,288,,,,NOT_AVAILABLE
SPILL_00612,oc-0242.xml,S1_20190814_155617_155642_VV_1.jpg,2019-08-14T15:56:17,1,oil,640,640,602,257,632,281,720,,,,NOT_AVAILABLE
SPILL_00613,oc-0242.xml,S1_20190814_155617_155642_VV_1.jpg,2019-08-14T15:56:17,2,oil,640,640,410,283,461,349,3366,,,,NOT_AVAILABLE
SPILL_00614,oc-0242.xml,S1_20190814_155617_155642_VV_1.jpg,2019-08-14T15:56:17,3,oil,640,640,16,326,51,371,1575,,,,NOT_AVAILABLE
SPILL_00615,oc-0242.xml,S1_20190814_155617_155642_VV_1.jpg,2019-08-14T15:56:17,4,oil,640,640,82,322,102,355,660,,,,NOT_AVAILABLE
SPILL_00616,oc-0243.xml,S1_20190814_155617_155642_VV_3.jpg,2019-08-14T15:56:17,1,oil,640,640,61,3,537,596,282268,,,,NOT_AVAILABLE
SPILL_00617,oc-0244.xml,S1_20190816_153949_154104_VV_0.jpg,2019-08-16T15:39:49,1,oil,640,640,321,303,362,387,3444,,,,NOT_AVAILABLE
SPILL_00618,oc-0245.xml,S1_20190817_034225_034405_VV_2.jpg,2019-08-17T03:42:25,1,oil,640,640,211,37,255,191,6776,,,,NOT_AVAILABLE
SPILL_00619,oc-0245.xml,S1_20190817_034225_034405_VV_2.jpg,2019-08-17T03:42:25,2,oil,640,640,424,357,439,393,540,,,,NOT_AVAILABLE
SPILL_00620,oc-0245.xml,S1_20190817_034225_034405_VV_2.jpg,2019-08-17T03:42:25,3,oil,640,640,232,530,312,598,5440,,,,NOT_AVAILABLE
SPILL_00621,oc-0245.xml,S1_20190817_034225_034405_VV_2.jpg,2019-08-17T03:42:25,4,oil,640,640,331,438,385,513,4050,,,,NOT_AVAILABLE
SPILL_00622,oc-0246.xml,S1_20190817_034225_034405_VV_4.jpg,2019-08-17T03:42:25,1,oil,640,640,222,358,472,483,31250,,,,NOT_AVAILABLE
SPILL_00623,oc-0247.xml,S1_20190817_034225_034405_VV_5.jpg,2019-08-17T03:42:25,1,oil,640,640,288,288,369,372,6804,,,,NOT_AVAILABLE
SPILL_00624,oc-0247.xml,S1_20190817_034225_034405_VV_5.jpg,2019-08-17T03:42:25,2,oil,640,640,303,156,353,201,2250,,,,NOT_AVAILABLE
SPILL_00625,oc-0247.xml,S1_20190817_034225_034405_VV_5.jpg,2019-08-17T03:42:25,3,oil,640,640,405,525,469,559,2176,,,,NOT_AVAILABLE
SPILL_00626,oc-0248.xml,S1_20190817_034225_034405_VV_7.jpg,2019-08-17T03:42:25,1,oil,640,640,318,347,414,483,13056,,,,NOT_AVAILABLE
SPILL_00627,oc-0248.xml,S1_20190817_034225_034405_VV_7.jpg,2019-08-17T03:42:25,2,oil,640,640,227,163,307,261,7840,,,,NOT_AVAILABLE
SPILL_00628,oc-0249.xml,S1_20190820_155645_155825_VV_1.jpg,2019-08-20T15:56:45,1,oil,640,640,302,286,346,369,3652,,,,NOT_AVAILABLE
SPILL_00629,oc-0250.xml,S1_20190820_155645_155825_VV_3.jpg,2019-08-20T15:56:45,1,oil,640,640,318,304,328,343,390,,,,NOT_AVAILABLE
SPILL_00630,oc-0251.xml,S1_20190820_155645_155825_VV_4.jpg,2019-08-20T15:56:45,1,oil,640,640,127,376,160,465,2937,,,,NOT_AVAILABLE
SPILL_00631,oc-0251.xml,S1_20190820_155645_155825_VV_4.jpg,2019-08-20T15:56:45,2,oil,640,640,90,461,123,540,2607,,,,NOT_AVAILABLE
SPILL_00632,oc-0251.xml,S1_20190820_155645_155825_VV_4.jpg,2019-08-20T15:56:45,3,oil,640,640,121,467,132,500,363,,,,NOT_AVAILABLE
SPILL_00633,oc-0252.xml,S1_20190821_154753_154933_VV_3.jpg,2019-08-21T15:47:53,1,oil,640,640,560,437,571,462,275,,,,NOT_AVAILABLE
SPILL_00634,oc-0252.xml,S1_20190821_154753_154933_VV_3.jpg,2019-08-21T15:47:53,2,oil,640,640,544,467,563,572,1995,,,,NOT_AVAILABLE
SPILL_00635,oc-0252.xml,S1_20190821_154753_154933_VV_3.jpg,2019-08-21T15:47:53,3,oil,640,640,560,390,574,420,420,,,,NOT_AVAILABLE
SPILL_00636,oc-0252.xml,S1_20190821_154753_154933_VV_3.jpg,2019-08-21T15:47:53,4,oil,640,640,570,351,600,389,1140,,,,NOT_AVAILABLE
SPILL_00637,oc-0252.xml,S1_20190821_154753_154933_VV_3.jpg,2019-08-21T15:47:53,5,oil,640,640,604,75,620,95,320,,,,NOT_AVAILABLE
SPILL_00638,oc-0253.xml,S1_20190822_035047_035226_VV_10.jpg,2019-08-22T03:50:47,1,oil,640,640,268,294,387,570,32844,,,,NOT_AVAILABLE
SPILL_00639,oc-0253.xml,S1_20190822_035047_035226_VV_10.jpg,2019-08-22T03:50:47,2,oil,640,640,354,463,363,485,198,,,,NOT_AVAILABLE
SPILL_00640,oc-0253.xml,S1_20190822_035047_035226_VV_10.jpg,2019-08-22T03:50:47,3,oil,640,640,397,289,441,363,3256,,,,NOT_AVAILABLE
SPILL_00641,oc-0253.xml,S1_20190822_035047_035226_VV_10.jpg,2019-08-22T03:50:47,4,oil,640,640,221,125,316,284,15105,,,,NOT_AVAILABLE
SPILL_00642,oc-0253.xml,S1_20190822_035047_035226_VV_10.jpg,2019-08-22T03:50:47,5,oil,640,640,316,154,340,250,2304,,,,NOT_AVAILABLE
SPILL_00643,oc-0254.xml,S1_20190825_160456_160636_VV_1.jpg,2019-08-25T16:04:56,1,oil,640,640,52,409,82,460,1530,,,,NOT_AVAILABLE
SPILL_00644,oc-0254.xml,S1_20190825_160456_160636_VV_1.jpg,2019-08-25T16:04:56,2,oil,640,640,208,498,242,553,1870,,,,NOT_AVAILABLE
SPILL_00645,oc-0254.xml,S1_20190825_160456_160636_VV_1.jpg,2019-08-25T16:04:56,3,oil,640,640,585,92,607,111,418,,,,NOT_AVAILABLE
SPILL_00646,oc-0255.xml,S1_20190827_035858_040037_VV_4.jpg,2019-08-27T03:58:58,1,oil,640,640,407,209,446,266,2223,,,,NOT_AVAILABLE
SPILL_00647,oc-0256.xml,S1_20190827_154843_155023_VV_0.jpg,2019-08-27T15:48:43,1,oil,640,640,269,131,292,225,2162,,,,NOT_AVAILABLE
SPILL_00648,oc-0256.xml,S1_20190827_154843_155023_VV_0.jpg,2019-08-27T15:48:43,2,oil,640,640,313,338,329,399,976,,,,NOT_AVAILABLE
SPILL_00649,oc-0256.xml,S1_20190827_154843_155023_VV_0.jpg,2019-08-27T15:48:43,3,oil,640,640,362,545,372,560,150,,,,NOT_AVAILABLE
SPILL_00650,oc-0256.xml,S1_20190827_154843_155023_VV_0.jpg,2019-08-27T15:48:43,4,oil,640,640,273,75,309,170,3420,,,,NOT_AVAILABLE
SPILL_00651,oc-0257.xml,S1_20190827_154843_155023_VV_1.jpg,2019-08-27T15:48:43,1,oil,640,640,315,308,326,333,275,,,,NOT_AVAILABLE
SPILL_00652,oc-0258.xml,S1_20190828_035124_035306_VV_14.jpg,2019-08-28T03:51:24,1,oil,640,640,260,261,394,374,15142,,,,NOT_AVAILABLE
SPILL_00653,oc-0259.xml,S1_20190828_035124_035306_VV_15.jpg,2019-08-28T03:51:24,1,oil,640,640,288,318,325,399,2997,,,,NOT_AVAILABLE
SPILL_00654,oc-0259.xml,S1_20190828_035124_035306_VV_15.jpg,2019-08-28T03:51:24,2,oil,640,640,315,242,356,332,3690,,,,NOT_AVAILABLE
SPILL_00655,oc-0260.xml,S1_20190828_153950_154105_VV_0.jpg,2019-08-28T15:39:50,1,oil,640,640,305,287,346,361,3034,,,,NOT_AVAILABLE
SPILL_00656,oc-0261.xml,S1_20190831_160413_160553_VV_0.jpg,2019-08-31T16:04:13,1,oil,640,640,334,226,345,278,572,,,,NOT_AVAILABLE
SPILL_00657,oc-0261.xml,S1_20190831_160413_160553_VV_0.jpg,2019-08-31T16:04:13,2,oil,640,640,45,136,80,243,3745,,,,NOT_AVAILABLE
SPILL_00658,oc-0261.xml,S1_20190831_160413_160553_VV_0.jpg,2019-08-31T16:04:13,3,oil,640,640,604,1,614,17,160,,,,NOT_AVAILABLE
SPILL_00659,oc-0261.xml,S1_20190831_160413_160553_VV_0.jpg,2019-08-31T16:04:13,4,oil,640,640,618,3,632,42,546,,,,NOT_AVAILABLE
SPILL_00660,oc-0261.xml,S1_20190831_160413_160553_VV_0.jpg,2019-08-31T16:04:13,5,oil,640,640,20,222,42,285,1386,,,,NOT_AVAILABLE
SPILL_00661,oc-0262.xml,S1_20190901_155645_155825_VV_1.jpg,2019-09-01T15:56:45,1,oil,640,640,304,303,328,335,768,,,,NOT_AVAILABLE
SPILL_00662,oc-0263.xml,S1_20190902_035935_040115_VV_1.jpg,2019-09-02T03:59:35,1,oil,640,640,415,211,445,280,2070,,,,NOT_AVAILABLE
SPILL_00663,oc-0264.xml,S1_20190902_154753_154933_VV_0.jpg,2019-09-02T15:47:53,1,oil,640,640,260,245,278,291,828,,,,NOT_AVAILABLE
SPILL_00664,oc-0264.xml,S1_20190902_154753_154933_VV_0.jpg,2019-09-02T15:47:53,2,oil,640,640,271,270,301,348,2340,,,,NOT_AVAILABLE
SPILL_00665,oc-0264.xml,S1_20190902_154753_154933_VV_0.jpg,2019-09-02T15:47:53,3,oil,640,640,307,284,347,366,3280,,,,NOT_AVAILABLE
SPILL_00666,oc-0264.xml,S1_20190902_154753_154933_VV_0.jpg,2019-09-02T15:47:53,4,oil,640,640,337,310,377,399,3560,,,,NOT_AVAILABLE
SPILL_00667,oc-0264.xml,S1_20190902_154753_154933_VV_0.jpg,2019-09-02T15:47:53,5,oil,640,640,296,292,317,344,1092,,,,NOT_AVAILABLE
SPILL_00668,oc-0265.xml,S1_20190903_035048_035227_VV_2.jpg,2019-09-03T03:50:48,1,oil,640,640,440,290,525,366,6460,,,,NOT_AVAILABLE
SPILL_00669,oc-0265.xml,S1_20190903_035048_035227_VV_2.jpg,2019-09-03T03:50:48,2,oil,640,640,116,265,170,329,3456,,,,NOT_AVAILABLE
SPILL_00670,oc-0265.xml,S1_20190903_035048_035227_VV_2.jpg,2019-09-03T03:50:48,3,oil,640,640,160,314,185,344,750,,,,NOT_AVAILABLE
SPILL_00671,oc-0266.xml,S1_20190904_034305_034445_VV_4.jpg,2019-09-04T03:43:05,1,oil,640,640,267,303,368,346,4343,,,,NOT_AVAILABLE
SPILL_00672,oc-0267.xml,S1_20190904_034305_034445_VV_6.jpg,2019-09-04T03:43:05,1,oil,640,640,365,444,415,525,4050,,,,NOT_AVAILABLE
SPILL_00673,oc-0268.xml,S1_20190904_034305_034445_VV_7.jpg,2019-09-04T03:43:05,1,oil,640,640,241,209,321,316,8560,,,,NOT_AVAILABLE
SPILL_00674,oc-0268.xml,S1_20190904_034305_034445_VV_7.jpg,2019-09-04T03:43:05,2,oil,640,640,319,344,403,459,9660,,,,NOT_AVAILABLE
SPILL_00675,oc-0269.xml,S1_20190905_033416_033556_VV_0.jpg,2019-09-05T03:34:16,1,oil,640,640,294,282,366,370,6336,,,,NOT_AVAILABLE
SPILL_00676,oc-0270.xml,S1_20190908_035858_040037_VV_0.jpg,2019-09-08T03:58:58,1,oil,640,640,338,202,406,247,3060,,,,NOT_AVAILABLE
SPILL_00677,oc-0270.xml,S1_20190908_035858_040037_VV_0.jpg,2019-09-08T03:58:58,2,oil,640,640,350,265,387,297,1184,,,,NOT_AVAILABLE
SPILL_00678,oc-0271.xml,S1_20190913_155646_155826_VV_0.jpg,2019-09-13T15:56:46,1,oil,640,640,307,267,328,310,903,,,,NOT_AVAILABLE
SPILL_00679,oc-0271.xml,S1_20190913_155646_155826_VV_0.jpg,2019-09-13T15:56:46,2,oil,640,640,232,242,391,422,28620,,,,NOT_AVAILABLE
SPILL_00680,oc-0272.xml,S1_20190914_154754_154934_VV_0.jpg,2019-09-14T15:47:54,1,oil,640,640,314,308,326,342,408,,,,NOT_AVAILABLE
SPILL_00681,oc-0273.xml,S1_20190914_154754_154934_VV_3.jpg,2019-09-14T15:47:54,1,oil,640,640,434,199,450,249,800,,,,NOT_AVAILABLE
SPILL_00682,oc-0273.xml,S1_20190914_154754_154934_VV_3.jpg,2019-09-14T15:47:54,2,oil,640,640,581,363,594,385,286,,,,NOT_AVAILABLE
SPILL_00683,oc-0273.xml,S1_20190914_154754_154934_VV_3.jpg,2019-09-14T15:47:54,3,oil,640,640,313,306,328,339,495,,,,NOT_AVAILABLE
SPILL_00684,oc-0274.xml,S1_20190915_035049_035228_VV_2.jpg,2019-09-15T03:50:49,1,oil,640,640,4,157,46,191,1428,,,,NOT_AVAILABLE
SPILL_00685,oc-0274.xml,S1_20190915_035049_035228_VV_2.jpg,2019-09-15T03:50:49,2,oil,640,640,572,458,625,476,954,,,,NOT_AVAILABLE
SPILL_00686,oc-0274.xml,S1_20190915_035049_035228_VV_2.jpg,2019-09-15T03:50:49,3,oil,640,640,624,402,634,418,160,,,,NOT_AVAILABLE
SPILL_00687,oc-0274.xml,S1_20190915_035049_035228_VV_2.jpg,2019-09-15T03:50:49,4,oil,640,640,593,479,616,492,299,,,,NOT_AVAILABLE
SPILL_00688,oc-0275.xml,S1_20190916_034306_034446_VV_4.jpg,2019-09-16T03:43:06,1,oil,640,640,311,322,338,363,1107,,,,NOT_AVAILABLE
SPILL_00689,oc-0275.xml,S1_20190916_034306_034446_VV_4.jpg,2019-09-16T03:43:06,2,oil,640,640,314,578,340,606,728,,,,NOT_AVAILABLE
SPILL_00690,oc-0275.xml,S1_20190916_034306_034446_VV_4.jpg,2019-09-16T03:43:06,3,oil,640,640,306,270,343,316,1702,,,,NOT_AVAILABLE
SPILL_00691,oc-0275.xml,S1_20190916_034306_034446_VV_4.jpg,2019-09-16T03:43:06,4,oil,640,640,312,217,335,249,736,,,,NOT_AVAILABLE
SPILL_00692,oc-0276.xml,S1_20190916_034306_034446_VV_5.jpg,2019-09-16T03:43:06,1,oil,640,640,294,288,345,362,3774,,,,NOT_AVAILABLE
SPILL_00693,oc-0277.xml,S1_20190916_034306_034446_VV_6.jpg,2019-09-16T03:43:06,1,oil,640,640,347,370,402,480,6050,,,,NOT_AVAILABLE
SPILL_00694,oc-0277.xml,S1_20190916_034306_034446_VV_6.jpg,2019-09-16T03:43:06,2,oil,640,640,323,321,358,418,3395,,,,NOT_AVAILABLE
SPILL_00695,oc-0277.xml,S1_20190916_034306_034446_VV_6.jpg,2019-09-16T03:43:06,3,oil,640,640,265,234,305,316,3280,,,,NOT_AVAILABLE
SPILL_00696,oc-0277.xml,S1_20190916_034306_034446_VV_6.jpg,2019-09-16T03:43:06,4,oil,640,640,279,242,324,337,4275,,,,NOT_AVAILABLE
SPILL_00697,oc-0277.xml,S1_20190916_034306_034446_VV_6.jpg,2019-09-16T03:43:06,5,oil,640,640,240,192,268,248,1568,,,,NOT_AVAILABLE
SPILL_00698,oc-0278.xml,S1_20190916_034306_034446_VV_7.jpg,2019-09-16T03:43:06,1,oil,640,640,161,50,228,199,9983,,,,NOT_AVAILABLE
SPILL_00699,oc-0278.xml,S1_20190916_034306_034446_VV_7.jpg,2019-09-16T03:43:06,2,oil,640,640,460,451,504,580,5676,,,,NOT_AVAILABLE
SPILL_00700,oc-0279.xml,S1_20190920_154844_155024_VV_0.jpg,2019-09-20T15:48:44,1,oil,640,640,312,312,334,327,330,,,,NOT_AVAILABLE
SPILL_00701,oc-0280.xml,S1_20190921_035125_035307_VV_1.jpg,2019-09-21T03:51:25,1,oil,640,640,324,357,528,445,17952,,,,NOT_AVAILABLE
SPILL_00702,oc-0280.xml,S1_20190921_035125_035307_VV_1.jpg,2019-09-21T03:51:25,2,oil,640,640,92,249,273,345,17376,,,,NOT_AVAILABLE
SPILL_00703,oc-0280.xml,S1_20190921_035125_035307_VV_1.jpg,2019-09-21T03:51:25,3,oil,640,640,167,97,316,268,25479,,,,NOT_AVAILABLE
SPILL_00704,oc-0280.xml,S1_20190921_035125_035307_VV_1.jpg,2019-09-21T03:51:25,4,oil,640,640,325,258,490,375,19305,,,,NOT_AVAILABLE
SPILL_00705,oc-0280.xml,S1_20190921_035125_035307_VV_1.jpg,2019-09-21T03:51:25,5,oil,640,640,412,358,523,413,6105,,,,NOT_AVAILABLE
SPILL_00706,oc-0280.xml,S1_20190921_035125_035307_VV_1.jpg,2019-09-21T03:51:25,6,oil,640,640,480,352,533,386,1802,,,,NOT_AVAILABLE
SPILL_00707,oc-0281.xml,S1_20190924_160414_160554_VV_0.jpg,2019-09-24T16:04:14,1,oil,640,640,382,445,396,554,1526,,,,NOT_AVAILABLE
SPILL_00708,oc-0281.xml,S1_20190924_160414_160554_VV_0.jpg,2019-09-24T16:04:14,2,oil,640,640,344,584,362,640,1008,,,,NOT_AVAILABLE
SPILL_00709,oc-0282.xml,S1_20190925_155647_155827_VV_0.jpg,2019-09-25T15:56:47,1,oil,640,640,353,442,442,521,7031,,,,NOT_AVAILABLE
SPILL_00710,oc-0283.xml,S1_20190925_155647_155827_VV_5.jpg,2019-09-25T15:56:47,1,oil,640,640,333,405,367,429,816,,,,NOT_AVAILABLE
SPILL_00711,oc-0283.xml,S1_20190925_155647_155827_VV_5.jpg,2019-09-25T15:56:47,2,oil,640,640,328,385,354,405,520,,,,NOT_AVAILABLE
SPILL_00712,oc-0283.xml,S1_20190925_155647_155827_VV_5.jpg,2019-09-25T15:56:47,3,oil,640,640,541,42,547,52,60,,,,NOT_AVAILABLE
SPILL_00713,oc-0283.xml,S1_20190925_155647_155827_VV_5.jpg,2019-09-25T15:56:47,4,oil,640,640,430,169,441,212,473,,,,NOT_AVAILABLE
SPILL_00714,oc-0283.xml,S1_20190925_155647_155827_VV_5.jpg,2019-09-25T15:56:47,5,oil,640,640,92,577,105,612,455,,,,NOT_AVAILABLE
SPILL_00715,oc-0283.xml,S1_20190925_155647_155827_VV_5.jpg,2019-09-25T15:56:47,6,oil,640,640,200,216,218,234,324,,,,NOT_AVAILABLE
SPILL_00716,oc-0283.xml,S1_20190925_155647_155827_VV_5.jpg,2019-09-25T15:56:47,7,oil,640,640,304,446,318,459,182,,,,NOT_AVAILABLE
SPILL_00717,oc-0284.xml,S1_20190925_155647_155827_VV_9.jpg,2019-09-25T15:56:47,1,oil,640,640,84,310,114,335,750,,,,NOT_AVAILABLE
SPILL_00718,oc-0285.xml,S1_20190925_155647_155827_VV_10.jpg,2019-09-25T15:56:47,1,oil,640,640,366,464,385,481,323,,,,NOT_AVAILABLE
SPILL_00719,oc-0285.xml,S1_20190925_155647_155827_VV_10.jpg,2019-09-25T15:56:47,2,oil,640,640,53,527,139,633,9116,,,,NOT_AVAILABLE
SPILL_00720,oc-0285.xml,S1_20190925_155647_155827_VV_10.jpg,2019-09-25T15:56:47,3,oil,640,640,245,160,275,207,1410,,,,NOT_AVAILABLE
SPILL_00721,oc-0286.xml,S1_20190926_035936_040116_VV_4.jpg,2019-09-26T03:59:36,1,oil,640,640,309,310,338,336,754,,,,NOT_AVAILABLE
SPILL_00722,oc-0287.xml,S1_20190927_035049_035228_VV_1.jpg,2019-09-27T03:50:49,1,oil,640,640,110,224,200,324,9000,,,,NOT_AVAILABLE
SPILL_00723,oc-0287.xml,S1_20190927_035049_035228_VV_1.jpg,2019-09-27T03:50:49,2,oil,640,640,281,194,531,436,60500,,,,NOT_AVAILABLE
SPILL_00724,oc-0287.xml,S1_20190927_035049_035228_VV_1.jpg,2019-09-27T03:50:49,3,oil,640,640,206,279,230,328,1176,,,,NOT_AVAILABLE
SPILL_00725,oc-0288.xml,S1_20190927_035049_035228_VV_2.jpg,2019-09-27T03:50:49,1,oil,640,640,295,306,336,359,2173,,,,NOT_AVAILABLE
SPILL_00726,oc-0289.xml,S1_20190928_034306_034446_VV_9.jpg,2019-09-28T03:43:06,1,oil,640,640,275,298,378,334,3708,,,,NOT_AVAILABLE
SPILL_00727,oc-0289.xml,S1_20190928_034306_034446_VV_9.jpg,2019-09-28T03:43:06,2,oil,640,640,353,448,431,495,3666,,,,NOT_AVAILABLE
SPILL_00728,oc-0290.xml,S1_20190930_160458_160638_VV_0.jpg,2019-09-30T16:04:58,1,oil,640,640,106,21,155,56,1715,,,,NOT_AVAILABLE
SPILL_00729,oc-0290.xml,S1_20190930_160458_160638_VV_0.jpg,2019-09-30T16:04:58,2,oil,640,640,312,574,340,626,1456,,,,NOT_AVAILABLE
SPILL_00730,oc-0291.xml,S1_20191001_155619_155644_VV_0.jpg,2019-10-01T15:56:19,1,oil,1371,1371,1,709,12,730,231,,,,NOT_AVAILABLE
SPILL_00731,oc-0291.xml,S1_20191001_155619_155644_VV_0.jpg,2019-10-01T15:56:19,2,oil,1371,1371,48,21,61,44,299,,,,NOT_AVAILABLE
SPILL_00732,oc-0291.xml,S1_20191001_155619_155644_VV_0.jpg,2019-10-01T15:56:19,3,oil,1371,1371,13,185,250,332,34839,,,,NOT_AVAILABLE
SPILL_00733,oc-0291.xml,S1_20191001_155619_155644_VV_0.jpg,2019-10-01T15:56:19,4,oil,1371,1371,261,309,1138,709,350800,,,,NOT_AVAILABLE
SPILL_00734,oc-0292.xml,S1_20191001_155619_155644_VV_2.jpg,2019-10-01T15:56:19,1,oil,640,640,293,284,353,351,4020,,,,NOT_AVAILABLE
SPILL_00735,oc-0293.xml,S1_20191001_155619_155644_VV_3.jpg,2019-10-01T15:56:19,1,oil,640,640,72,309,99,350,1107,,,,NOT_AVAILABLE
SPILL_00736,oc-0293.xml,S1_20191001_155619_155644_VV_3.jpg,2019-10-01T15:56:19,2,oil,640,640,1,163,60,314,8909,,,,NOT_AVAILABLE
SPILL_00737,oc-0293.xml,S1_20191001_155619_155644_VV_3.jpg,2019-10-01T15:56:19,3,oil,640,640,184,165,198,188,322,,,,NOT_AVAILABLE
SPILL_00738,oc-0293.xml,S1_20191001_155619_155644_VV_3.jpg,2019-10-01T15:56:19,4,oil,640,640,500,128,542,169,1722,,,,NOT_AVAILABLE
SPILL_00739,oc-0293.xml,S1_20191001_155619_155644_VV_3.jpg,2019-10-01T15:56:19,5,oil,640,640,552,492,564,511,228,,,,NOT_AVAILABLE
SPILL_00740,oc-0293.xml,S1_20191001_155619_155644_VV_3.jpg,2019-10-01T15:56:19,6,oil,640,640,335,425,465,621,25480,,,,NOT_AVAILABLE
SPILL_00741,oc-0293.xml,S1_20191001_155619_155644_VV_3.jpg,2019-10-01T15:56:19,7,oil,640,640,56,150,95,235,3315,,,,NOT_AVAILABLE
SPILL_00742,oc-0294.xml,S1_20191001_155619_155644_VV_5.jpg,2019-10-01T15:56:19,1,oil,640,640,256,377,289,409,1056,,,,NOT_AVAILABLE
SPILL_00743,oc-0294.xml,S1_20191001_155619_155644_VV_5.jpg,2019-10-01T15:56:19,2,oil,640,640,94,203,113,265,1178,,,,NOT_AVAILABLE
SPILL_00744,oc-0295.xml,S1_20191002_035859_040038_VV_3.jpg,2019-10-02T03:58:59,1,oil,640,640,149,393,162,407,182,,,,NOT_AVAILABLE
SPILL_00745,oc-0295.xml,S1_20191002_035859_040038_VV_3.jpg,2019-10-02T03:58:59,2,oil,640,640,262,367,285,388,483,,,,NOT_AVAILABLE
SPILL_00746,oc-0295.xml,S1_20191002_035859_040038_VV_3.jpg,2019-10-02T03:58:59,3,oil,640,640,460,241,487,261,540,,,,NOT_AVAILABLE
SPILL_00747,oc-0295.xml,S1_20191002_035859_040038_VV_3.jpg,2019-10-02T03:58:59,4,oil,640,640,342,344,358,358,224,,,,NOT_AVAILABLE
SPILL_00748,oc-0296.xml,S1_20191002_154845_155025_VV_0.jpg,2019-10-02T15:48:45,1,oil,640,640,7,582,94,619,3219,,,,NOT_AVAILABLE
SPILL_00749,oc-0296.xml,S1_20191002_154845_155025_VV_0.jpg,2019-10-02T15:48:45,2,oil,640,640,255,390,315,431,2460,,,,NOT_AVAILABLE
SPILL_00750,oc-0296.xml,S1_20191002_154845_155025_VV_0.jpg,2019-10-02T15:48:45,3,oil,640,640,34,570,45,581,121,,,,NOT_AVAILABLE
SPILL_00751,oc-0296.xml,S1_20191002_154845_155025_VV_0.jpg,2019-10-02T15:48:45,4,oil,640,640,133,570,177,587,748,,,,NOT_AVAILABLE
SPILL_00752,oc-0296.xml,S1_20191002_154845_155025_VV_0.jpg,2019-10-02T15:48:45,5,oil,640,640,173,572,227,606,1836,,,,NOT_AVAILABLE
SPILL_00753,oc-0296.xml,S1_20191002_154845_155025_VV_0.jpg,2019-10-02T15:48:45,6,oil,640,640,177,544,209,559,480,,,,NOT_AVAILABLE
SPILL_00754,oc-0296.xml,S1_20191002_154845_155025_VV_0.jpg,2019-10-02T15:48:45,7,oil,640,640,174,433,298,549,14384,,,,NOT_AVAILABLE
SPILL_00755,oc-0296.xml,S1_20191002_154845_155025_VV_0.jpg,2019-10-02T15:48:45,8,oil,640,640,290,479,323,503,792,,,,NOT_AVAILABLE
SPILL_00756,oc-0296.xml,S1_20191002_154845_155025_VV_0.jpg,2019-10-02T15:48:45,9,oil,640,640,309,453,334,472,475,,,,NOT_AVAILABLE
SPILL_00757,oc-0296.xml,S1_20191002_154845_155025_VV_0.jpg,2019-10-02T15:48:45,10,oil,640,640,331,343,592,476,34713,,,,NOT_AVAILABLE
SPILL_00758,oc-0297.xml,S1_20191002_154845_155025_VV_1.jpg,2019-10-02T15:48:45,1,oil,640,640,209,530,232,565,805,,,,NOT_AVAILABLE
SPILL_00759,oc-0297.xml,S1_20191002_154845_155025_VV_1.jpg,2019-10-02T15:48:45,2,oil,640,640,475,67,505,165,2940,,,,NOT_AVAILABLE
SPILL_00760,oc-0298.xml,S1_20191003_035126_035307_VV_5.jpg,2019-10-03T03:51:26,1,oil,640,640,440,246,564,367,15004,,,,NOT_AVAILABLE
SPILL_00761,oc-0298.xml,S1_20191003_035126_035307_VV_5.jpg,2019-10-03T03:51:26,2,oil,640,640,61,340,110,364,1176,,,,NOT_AVAILABLE
SPILL_00762,oc-0298.xml,S1_20191003_035126_035307_VV_5.jpg,2019-10-03T03:51:26,3,oil,640,640,109,322,211,396,7548,,,,NOT_AVAILABLE
SPILL_00763,oc-0298.xml,S1_20191003_035126_035307_VV_5.jpg,2019-10-03T03:51:26,4,oil,640,640,282,340,348,366,1716,,,,NOT_AVAILABLE
SPILL_00764,oc-0298.xml,S1_20191003_035126_035307_VV_5.jpg,2019-10-03T03:51:26,5,oil,640,640,214,364,307,391,2511,,,,NOT_AVAILABLE
SPILL_00765,oc-0299.xml,S1_20191004_034227_034407_VV_3.jpg,2019-10-04T03:42:27,1,oil,640,640,324,394,411,434,3480,,,,NOT_AVAILABLE
SPILL_00766,oc-0299.xml,S1_20191004_034227_034407_VV_3.jpg,2019-10-04T03:42:27,2,oil,640,640,239,199,333,283,7896,,,,NOT_AVAILABLE
SPILL_00767,oc-0300.xml,S1_20191004_034227_034407_VV_4.jpg,2019-10-04T03:42:27,1,oil,640,640,408,421,511,450,2987,,,,NOT_AVAILABLE
SPILL_00768,oc-0300.xml,S1_20191004_034227_034407_VV_4.jpg,2019-10-04T03:42:27,2,oil,640,640,152,55,240,76,1848,,,,NOT_AVAILABLE
SPILL_00769,oc-0301.xml,S1_20191005_033503_033643_VV_0.jpg,2019-10-05T03:35:03,1,oil,640,640,264,297,381,348,5967,,,,NOT_AVAILABLE
SPILL_00770,oc-0302.xml,S1_20191008_154754_154934_VV_7.jpg,2019-10-08T15:47:54,1,oil,640,640,145,287,276,397,14410,,,,NOT_AVAILABLE
SPILL_00771,oc-0302.xml,S1_20191008_154754_154934_VV_7.jpg,2019-10-08T15:47:54,2,oil,640,640,441,294,491,440,7300,,,,NOT_AVAILABLE
SPILL_00772,oc-0302.xml,S1_20191008_154754_154934_VV_7.jpg,2019-10-08T15:47:54,3,oil,640,640,227,264,378,415,22801,,,,NOT_AVAILABLE
SPILL_00773,oc-0303.xml,S1_20191009_154016_154156_VV_3.jpg,2019-10-09T15:40:16,1,oil,640,640,312,283,333,354,1491,,,,NOT_AVAILABLE
SPILL_00774,oc-0304.xml,S1_20191011_033417_033557_VV_1.jpg,2019-10-11T03:34:17,1,oil,640,640,294,294,351,348,3078,,,,NOT_AVAILABLE
SPILL_00775,oc-0305.xml,S1_20191015_035126_035307_VV_1.jpg,2019-10-15T03:51:26,1,oil,640,640,291,293,348,339,2622,,,,NOT_AVAILABLE
SPILL_00776,oc-0306.xml,S1_20191016_034227_034407_VV_2.jpg,2019-10-16T03:42:27,1,oil,640,640,516,177,575,292,6785,,,,NOT_AVAILABLE
SPILL_00777,oc-0306.xml,S1_20191016_034227_034407_VV_2.jpg,2019-10-16T03:42:27,2,oil,640,640,39,448,50,473,275,,,,NOT_AVAILABLE
SPILL_00778,oc-0306.xml,S1_20191016_034227_034407_VV_2.jpg,2019-10-16T03:42:27,3,oil,640,640,47,477,63,496,304,,,,NOT_AVAILABLE
SPILL_00779,oc-0306.xml,S1_20191016_034227_034407_VV_2.jpg,2019-10-16T03:42:27,4,oil,640,640,34,544,46,581,444,,,,NOT_AVAILABLE
SPILL_00780,oc-0307.xml,S1_20191019_155647_155827_VV_1.jpg,2019-10-19T15:56:47,1,oil,640,640,383,262,397,276,196,,,,NOT_AVAILABLE
SPILL_00781,oc-0307.xml,S1_20191019_155647_155827_VV_1.jpg,2019-10-19T15:56:47,2,oil,640,640,245,357,266,379,462,,,,NOT_AVAILABLE
SPILL_00782,oc-0308.xml,S1_20191019_155647_155827_VV_2.jpg,2019-10-19T15:56:47,1,oil,640,640,67,186,114,241,2585,,,,NOT_AVAILABLE
SPILL_00783,oc-0308.xml,S1_20191019_155647_155827_VV_2.jpg,2019-10-19T15:56:47,2,oil,640,640,350,215,364,234,266,,,,NOT_AVAILABLE
SPILL_00784,oc-0308.xml,S1_20191019_155647_155827_VV_2.jpg,2019-10-19T15:56:47,3,oil,640,640,172,439,194,460,462,,,,NOT_AVAILABLE
SPILL_00785,oc-0309.xml,S1_20191020_154755_154935_VV_0.jpg,2019-10-20T15:47:55,1,oil,640,640,341,304,368,341,999,,,,NOT_AVAILABLE
SPILL_00786,oc-0309.xml,S1_20191020_154755_154935_VV_0.jpg,2019-10-20T15:47:55,2,oil,640,640,288,314,307,341,513,,,,NOT_AVAILABLE
SPILL_00787,oc-0310.xml,S1_20191020_154755_154935_VV_1.jpg,2019-10-20T15:47:55,1,oil,640,640,475,433,537,527,5828,,,,NOT_AVAILABLE
SPILL_00788,oc-0310.xml,S1_20191020_154755_154935_VV_1.jpg,2019-10-20T15:47:55,2,oil,640,640,108,116,163,199,4565,,,,NOT_AVAILABLE
SPILL_00789,oc-0311.xml,S1_20191021_035049_035228_VV_2.jpg,2019-10-21T03:50:49,1,oil,640,640,494,518,617,630,13776,,,,NOT_AVAILABLE
SPILL_00790,oc-0312.xml,S1_20191021_035049_035228_VV_4.jpg,2019-10-21T03:50:49,1,oil,640,640,296,258,342,399,6486,,,,NOT_AVAILABLE
SPILL_00791,oc-0313.xml,S1_20191021_035049_035228_VV_17.jpg,2019-10-21T03:50:49,1,oil,640,640,254,291,400,365,10804,,,,NOT_AVAILABLE
SPILL_00792,oc-0314.xml,S1_20191021_035049_035228_VV_18.jpg,2019-10-21T03:50:49,1,oil,640,640,285,297,359,347,3700,,,,NOT_AVAILABLE
SPILL_00793,oc-0315.xml,S1_20191021_154016_154156_VV_2.jpg,2019-10-21T15:40:16,1,oil,640,640,1,293,135,450,21038,,,,NOT_AVAILABLE
SPILL_00794,oc-0316.xml,S1_20191022_034306_034446_VV_9.jpg,2019-10-22T03:43:06,1,oil,640,640,147,92,221,251,11766,,,,NOT_AVAILABLE
SPILL_00795,oc-0316.xml,S1_20191022_034306_034446_VV_9.jpg,2019-10-22T03:43:06,2,oil,640,640,290,327,361,375,3408,,,,NOT_AVAILABLE
SPILL_00796,oc-0316.xml,S1_20191022_034306_034446_VV_9.jpg,2019-10-22T03:43:06,3,oil,640,640,355,296,366,310,154,,,,NOT_AVAILABLE
SPILL_00797,oc-0317.xml,S1_20191022_034306_034446_VV_12.jpg,2019-10-22T03:43:06,1,oil,640,640,282,297,397,356,6785,,,,NOT_AVAILABLE
SPILL_00798,oc-0318.xml,S1_20191022_034306_034446_VV_13.jpg,2019-10-22T03:43:06,1,oil,640,640,290,300,354,363,4032,,,,NOT_AVAILABLE
SPILL_00799,oc-0319.xml,S1_20191022_034306_034446_VV_14.jpg,2019-10-22T03:43:06,1,oil,640,640,179,186,270,214,2548,,,,NOT_AVAILABLE
SPILL_00800,oc-0319.xml,S1_20191022_034306_034446_VV_14.jpg,2019-10-22T03:43:06,2,oil,640,640,266,346,453,461,21505,,,,NOT_AVAILABLE
SPILL_00801,oc-0320.xml,S1_20191022_034306_034446_VV_15.jpg,2019-10-22T03:43:06,1,oil,640,640,181,128,241,155,1620,,,,NOT_AVAILABLE
SPILL_00802,oc-0320.xml,S1_20191022_034306_034446_VV_15.jpg,2019-10-22T03:43:06,2,oil,640,640,435,495,477,521,1092,,,,NOT_AVAILABLE
SPILL_00803,oc-0321.xml,S1_20191027_035126_035307_VV_0.jpg,2019-10-27T03:51:26,1,oil,1788,1788,5,306,1427,924,878796,,,,NOT_AVAILABLE
SPILL_00804,oc-0322.xml,S1_20191027_153951_154106_VV_1.jpg,2019-10-27T15:39:51,1,oil,640,640,318,290,339,359,1449,,,,NOT_AVAILABLE
SPILL_00805,oc-0323.xml,S1_20191030_160414_160554_VV_1.jpg,2019-10-30T16:04:14,1,oil,640,640,391,3,410,83,1520,,,,NOT_AVAILABLE
SPILL_00806,oc-0323.xml,S1_20191030_160414_160554_VV_1.jpg,2019-10-30T16:04:14,2,oil,640,640,607,128,636,215,2523,,,,NOT_AVAILABLE
SPILL_00807,oc-0323.xml,S1_20191030_160414_160554_VV_1.jpg,2019-10-30T16:04:14,3,oil,640,640,49,1,67,30,522,,,,NOT_AVAILABLE
SPILL_00808,oc-0323.xml,S1_20191030_160414_160554_VV_1.jpg,2019-10-30T16:04:14,4,oil,640,640,1,31,21,116,1700,,,,NOT_AVAILABLE
SPILL_00809,oc-0323.xml,S1_20191030_160414_160554_VV_1.jpg,2019-10-30T16:04:14,5,oil,640,640,22,61,35,112,663,,,,NOT_AVAILABLE
SPILL_00810,oc-0324.xml,S1_20191031_155647_155827_VV_0.jpg,2019-10-31T15:56:47,1,oil,640,640,303,249,346,324,3225,,,,NOT_AVAILABLE
SPILL_00811,oc-0324.xml,S1_20191031_155647_155827_VV_0.jpg,2019-10-31T15:56:47,2,oil,640,640,284,351,300,399,768,,,,NOT_AVAILABLE
SPILL_00812,oc-0324.xml,S1_20191031_155647_155827_VV_0.jpg,2019-10-31T15:56:47,3,oil,640,640,509,284,524,311,405,,,,NOT_AVAILABLE
SPILL_00813,oc-0325.xml,S1_20191031_155647_155827_VV_1.jpg,2019-10-31T15:56:47,1,oil,640,640,446,122,464,140,324,,,,NOT_AVAILABLE
SPILL_00814,oc-0325.xml,S1_20191031_155647_155827_VV_1.jpg,2019-10-31T15:56:47,2,oil,640,640,384,89,404,127,760,,,,NOT_AVAILABLE
SPILL_00815,oc-0325.xml,S1_20191031_155647_155827_VV_1.jpg,2019-10-31T15:56:47,3,oil,640,640,388,47,410,91,968,,,,NOT_AVAILABLE
SPILL_00816,oc-0325.xml,S1_20191031_155647_155827_VV_1.jpg,2019-10-31T15:56:47,4,oil,640,640,412,189,431,212,437,,,,NOT_AVAILABLE
SPILL_00817,oc-0325.xml,S1_20191031_155647_155827_VV_1.jpg,2019-10-31T15:56:47,5,oil,640,640,369,567,394,600,825,,,,NOT_AVAILABLE
SPILL_00818,oc-0325.xml,S1_20191031_155647_155827_VV_1.jpg,2019-10-31T15:56:47,6,oil,640,640,235,407,251,421,224,,,,NOT_AVAILABLE
SPILL_00819,oc-0325.xml,S1_20191031_155647_155827_VV_1.jpg,2019-10-31T15:56:47,7,oil,640,640,251,394,265,411,238,,,,NOT_AVAILABLE
SPILL_00820,oc-0325.xml,S1_20191031_155647_155827_VV_1.jpg,2019-10-31T15:56:47,8,oil,640,640,264,403,280,422,304,,,,NOT_AVAILABLE
SPILL_00821,oc-0325.xml,S1_20191031_155647_155827_VV_1.jpg,2019-10-31T15:56:47,9,oil,640,640,292,414,308,440,416,,,,NOT_AVAILABLE
SPILL_00822,oc-0325.xml,S1_20191031_155647_155827_VV_1.jpg,2019-10-31T15:56:47,10,oil,640,640,303,406,314,417,121,,,,NOT_AVAILABLE
SPILL_00823,oc-0325.xml,S1_20191031_155647_155827_VV_1.jpg,2019-10-31T15:56:47,11,oil,640,640,315,399,328,414,195,,,,NOT_AVAILABLE
SPILL_00824,oc-0326.xml,S1_20191031_155647_155827_VV_2.jpg,2019-10-31T15:56:47,1,oil,640,640,281,295,362,348,4293,,,,NOT_AVAILABLE
SPILL_00825,oc-0327.xml,S1_20191031_155647_155827_VV_3.jpg,2019-10-31T15:56:47,1,oil,640,640,342,272,384,313,1722,,,,NOT_AVAILABLE
SPILL_00826,oc-0327.xml,S1_20191031_155647_155827_VV_3.jpg,2019-10-31T15:56:47,2,oil,640,640,260,357,272,370,156,,,,NOT_AVAILABLE
SPILL_00827,oc-0327.xml,S1_20191031_155647_155827_VV_3.jpg,2019-10-31T15:56:47,3,oil,640,640,304,311,322,327,288,,,,NOT_AVAILABLE
SPILL_00828,oc-0328.xml,S1_20191031_155647_155827_VV_6.jpg,2019-10-31T15:56:47,1,oil,640,640,310,305,332,334,638,,,,NOT_AVAILABLE
SPILL_00829,oc-0329.xml,S1_20191101_154754_154934_VV_6.jpg,2019-11-01T15:47:54,1,oil,640,640,303,314,338,329,525,,,,NOT_AVAILABLE
SPILL_00830,oc-0330.xml,S1_20191102_035049_035228_VV_4.jpg,2019-11-02T03:50:49,1,oil,640,640,306,289,342,348,2124,,,,NOT_AVAILABLE
SPILL_00831,oc-0331.xml,S1_20191103_034307_034447_VV_18.jpg,2019-11-03T03:43:07,1,oil,640,640,206,227,297,279,4732,,,,NOT_AVAILABLE
SPILL_00832,oc-0331.xml,S1_20191103_034307_034447_VV_18.jpg,2019-11-03T03:43:07,2,oil,640,640,291,380,444,432,7956,,,,NOT_AVAILABLE
SPILL_00833,oc-0332.xml,S1_20191103_034307_034447_VV_19.jpg,2019-11-03T03:43:07,1,oil,640,640,273,316,369,347,2976,,,,NOT_AVAILABLE
SPILL_00834,oc-0333.xml,S1_20191106_155619_155644_VV_0.jpg,2019-11-06T15:56:19,1,oil,640,640,310,304,331,336,672,,,,NOT_AVAILABLE
SPILL_00835,oc-0334.xml,S1_20191108_153951_154106_VV_1.jpg,2019-11-08T15:39:51,1,oil,640,640,466,464,485,475,209,,,,NOT_AVAILABLE
SPILL_00836,oc-0334.xml,S1_20191108_153951_154106_VV_1.jpg,2019-11-08T15:39:51,2,oil,640,640,150,123,180,257,4020,,,,NOT_AVAILABLE
SPILL_00837,oc-0334.xml,S1_20191108_153951_154106_VV_1.jpg,2019-11-08T15:39:51,3,oil,640,640,490,485,516,513,728,,,,NOT_AVAILABLE
SPILL_00838,oc-0335.xml,S1_20191108_153951_154106_VV_3.jpg,2019-11-08T15:39:51,1,oil,640,640,318,311,333,336,375,,,,NOT_AVAILABLE
SPILL_00839,oc-0336.xml,S1_20191109_034227_034407_VV_4.jpg,2019-11-09T03:42:27,1,oil,640,640,316,358,405,441,7387,,,,NOT_AVAILABLE
SPILL_00840,oc-0336.xml,S1_20191109_034227_034407_VV_4.jpg,2019-11-09T03:42:27,2,oil,640,640,230,184,300,283,6930,,,,NOT_AVAILABLE
SPILL_00841,oc-0337.xml,S1_20191109_034227_034407_VV_6.jpg,2019-11-09T03:42:27,1,oil,640,640,307,290,338,343,1643,,,,NOT_AVAILABLE
SPILL_00842,oc-0338.xml,S1_20191109_034227_034407_VV_7.jpg,2019-11-09T03:42:27,1,oil,640,640,303,308,337,331,782,,,,NOT_AVAILABLE
SPILL_00843,oc-0339.xml,S1_20191109_153230_153345_VV_0.jpg,2019-11-09T15:32:30,1,oil,640,640,297,294,321,337,1032,,,,NOT_AVAILABLE
SPILL_00844,oc-0339.xml,S1_20191109_153230_153345_VV_0.jpg,2019-11-09T15:32:30,2,oil,640,640,307,296,371,346,3200,,,,NOT_AVAILABLE
SPILL_00845,oc-0340.xml,S1_20191114_035049_035228_VV_0.jpg,2019-11-14T03:50:49,1,oil,640,640,300,298,333,339,1353,,,,NOT_AVAILABLE
SPILL_00846,oc-0341.xml,S1_20191114_035049_035228_VV_9.jpg,2019-11-14T03:50:49,1,oil,640,640,167,341,191,438,2328,,,,NOT_AVAILABLE
SPILL_00847,oc-0342.xml,S1_20191114_035049_035228_VV_10.jpg,2019-11-14T03:50:49,1,oil,640,640,315,296,328,331,455,,,,NOT_AVAILABLE
SPILL_00848,oc-0343.xml,S1_20191115_034306_034446_VV_4.jpg,2019-11-15T03:43:06,1,oil,640,640,275,263,373,393,12740,,,,NOT_AVAILABLE
SPILL_00849,oc-0344.xml,S1_20191123_160414_160554_VV_2.jpg,2019-11-23T16:04:14,1,oil,640,640,363,508,453,526,1620,,,,NOT_AVAILABLE
SPILL_00850,oc-0344.xml,S1_20191123_160414_160554_VV_2.jpg,2019-11-23T16:04:14,2,oil,640,640,48,259,98,280,1050,,,,NOT_AVAILABLE
SPILL_00851,oc-0344.xml,S1_20191123_160414_160554_VV_2.jpg,2019-11-23T16:04:14,3,oil,640,640,213,139,230,158,323,,,,NOT_AVAILABLE
SPILL_00852,oc-0345.xml,S1_20191127_034306_034446_VV_2.jpg,2019-11-27T03:43:06,1,oil,640,640,339,279,384,369,4050,,,,NOT_AVAILABLE
SPILL_00853,oc-0345.xml,S1_20191127_034306_034446_VV_2.jpg,2019-11-27T03:43:06,2,oil,640,640,253,302,281,368,1848,,,,NOT_AVAILABLE
SPILL_00854,oc-0346.xml,S1_20191127_034306_034446_VV_3.jpg,2019-11-27T03:43:06,1,oil,640,640,279,261,323,309,2112,,,,NOT_AVAILABLE
SPILL_00855,oc-0346.xml,S1_20191127_034306_034446_VV_3.jpg,2019-11-27T03:43:06,2,oil,640,640,334,337,375,448,4551,,,,NOT_AVAILABLE
SPILL_00856,oc-0347.xml,S1_20191127_153136_153316_VV_0.jpg,2019-11-27T15:31:36,1,oil,640,640,225,291,309,344,4452,,,,NOT_AVAILABLE
SPILL_00857,oc-0347.xml,S1_20191127_153136_153316_VV_0.jpg,2019-11-27T15:31:36,2,oil,640,640,306,274,404,320,4508,,,,NOT_AVAILABLE
SPILL_00858,oc-0348.xml,S1_20191129_160457_160637_VV_0.jpg,2019-11-29T16:04:57,1,oil,640,640,455,571,502,603,1504,,,,NOT_AVAILABLE
SPILL_00859,oc-0348.xml,S1_20191129_160457_160637_VV_0.jpg,2019-11-29T16:04:57,2,oil,640,640,1,620,12,640,220,,,,NOT_AVAILABLE
SPILL_00860,oc-0348.xml,S1_20191129_160457_160637_VV_0.jpg,2019-11-29T16:04:57,3,oil,640,640,356,199,398,248,2058,,,,NOT_AVAILABLE
SPILL_00861,oc-0349.xml,S1_20191130_155618_155643_VV_0.jpg,2019-11-30T15:56:18,1,oil,640,640,365,460,385,504,880,,,,NOT_AVAILABLE
SPILL_00862,oc-0349.xml,S1_20191130_155618_155643_VV_0.jpg,2019-11-30T15:56:18,2,oil,640,640,400,437,414,455,252,,,,NOT_AVAILABLE
SPILL_00863,oc-0349.xml,S1_20191130_155618_155643_VV_0.jpg,2019-11-30T15:56:18,3,oil,640,640,576,392,587,413,231,,,,NOT_AVAILABLE
SPILL_00864,oc-0350.xml,S1_20191130_155618_155643_VV_1.jpg,2019-11-30T15:56:18,1,oil,640,640,108,104,147,161,2223,,,,NOT_AVAILABLE
SPILL_00865,oc-0350.xml,S1_20191130_155618_155643_VV_1.jpg,2019-11-30T15:56:18,2,oil,640,640,271,201,441,350,25330,,,,NOT_AVAILABLE
SPILL_00866,oc-0350.xml,S1_20191130_155618_155643_VV_1.jpg,2019-11-30T15:56:18,3,oil,640,640,198,301,250,362,3172,,,,NOT_AVAILABLE
SPILL_00867,oc-0350.xml,S1_20191130_155618_155643_VV_1.jpg,2019-11-30T15:56:18,4,oil,640,640,156,369,189,408,1287,,,,NOT_AVAILABLE
SPILL_00868,oc-0351.xml,S1_20191130_155618_155643_VV_2.jpg,2019-11-30T15:56:18,1,oil,640,640,494,315,504,327,120,,,,NOT_AVAILABLE
SPILL_00869,oc-0351.xml,S1_20191130_155618_155643_VV_2.jpg,2019-11-30T15:56:18,2,oil,640,640,597,366,608,387,231,,,,NOT_AVAILABLE
SPILL_00870,oc-0352.xml,S1_20191130_155618_155643_VV_4.jpg,2019-11-30T15:56:18,1,oil,640,640,409,70,436,89,513,,,,NOT_AVAILABLE
SPILL_00871,oc-0352.xml,S1_20191130_155618_155643_VV_4.jpg,2019-11-30T15:56:18,2,oil,640,640,624,45,636,62,204,,,,NOT_AVAILABLE
SPILL_00872,oc-0352.xml,S1_20191130_155618_155643_VV_4.jpg,2019-11-30T15:56:18,3,oil,640,640,209,555,222,568,169,,,,NOT_AVAILABLE
SPILL_00873,oc-0353.xml,S1_20191130_155618_155643_VV_9.jpg,2019-11-30T15:56:18,1,oil,640,640,338,459,378,496,1480,,,,NOT_AVAILABLE
SPILL_00874,oc-0353.xml,S1_20191130_155618_155643_VV_9.jpg,2019-11-30T15:56:18,2,oil,640,640,143,429,173,456,810,,,,NOT_AVAILABLE
SPILL_00875,oc-0353.xml,S1_20191130_155618_155643_VV_9.jpg,2019-11-30T15:56:18,3,oil,640,640,63,557,156,613,5208,,,,NOT_AVAILABLE
SPILL_00876,oc-0353.xml,S1_20191130_155618_155643_VV_9.jpg,2019-11-30T15:56:18,4,oil,640,640,1,397,9,440,344,,,,NOT_AVAILABLE
SPILL_00877,oc-0353.xml,S1_20191130_155618_155643_VV_9.jpg,2019-11-30T15:56:18,5,oil,640,640,117,405,128,424,209,,,,NOT_AVAILABLE
SPILL_00878,oc-0353.xml,S1_20191130_155618_155643_VV_9.jpg,2019-11-30T15:56:18,6,oil,640,640,318,525,328,547,220,,,,NOT_AVAILABLE
SPILL_00879,oc-0353.xml,S1_20191130_155618_155643_VV_9.jpg,2019-11-30T15:56:18,7,oil,640,640,538,601,564,622,546,,,,NOT_AVAILABLE
SPILL_00880,oc-0353.xml,S1_20191130_155618_155643_VV_9.jpg,2019-11-30T15:56:18,8,oil,640,640,397,48,431,76,952,,,,NOT_AVAILABLE
SPILL_00881,oc-0353.xml,S1_20191130_155618_155643_VV_9.jpg,2019-11-30T15:56:18,9,oil,640,640,427,48,463,88,1440,,,,NOT_AVAILABLE
SPILL_00882,oc-0353.xml,S1_20191130_155618_155643_VV_9.jpg,2019-11-30T15:56:18,10,oil,640,640,413,79,478,122,2795,,,,NOT_AVAILABLE
SPILL_00883,oc-0353.xml,S1_20191130_155618_155643_VV_9.jpg,2019-11-30T15:56:18,11,oil,640,640,591,580,602,608,308,,,,NOT_AVAILABLE
SPILL_00884,oc-0354.xml,S1_20191130_155618_155643_VV_10.jpg,2019-11-30T15:56:18,1,oil,640,640,108,617,127,640,437,,,,NOT_AVAILABLE
SPILL_00885,oc-0354.xml,S1_20191130_155618_155643_VV_10.jpg,2019-11-30T15:56:18,2,oil,640,640,87,480,98,501,231,,,,NOT_AVAILABLE
SPILL_00886,oc-0355.xml,S1_20191130_155618_155643_VV_13.jpg,2019-11-30T15:56:18,1,oil,640,640,1,212,18,234,374,,,,NOT_AVAILABLE
SPILL_00887,oc-0355.xml,S1_20191130_155618_155643_VV_13.jpg,2019-11-30T15:56:18,2,oil,640,640,304,386,318,404,252,,,,NOT_AVAILABLE
SPILL_00888,oc-0355.xml,S1_20191130_155618_155643_VV_13.jpg,2019-11-30T15:56:18,3,oil,640,640,260,415,282,433,396,,,,NOT_AVAILABLE
SPILL_00889,oc-0355.xml,S1_20191130_155618_155643_VV_13.jpg,2019-11-30T15:56:18,4,oil,640,640,47,189,59,218,348,,,,NOT_AVAILABLE
SPILL_00890,oc-0356.xml,S1_20191201_154844_155024_VV_0.jpg,2019-12-01T15:48:44,1,oil,640,640,314,250,347,299,1617,,,,NOT_AVAILABLE
SPILL_00891,oc-0356.xml,S1_20191201_154844_155024_VV_0.jpg,2019-12-01T15:48:44,2,oil,640,640,370,183,381,212,319,,,,NOT_AVAILABLE
SPILL_00892,oc-0356.xml,S1_20191201_154844_155024_VV_0.jpg,2019-12-01T15:48:44,3,oil,640,640,300,373,314,387,196,,,,NOT_AVAILABLE
SPILL_00893,oc-0356.xml,S1_20191201_154844_155024_VV_0.jpg,2019-12-01T15:48:44,4,oil,640,640,535,446,546,456,110,,,,NOT_AVAILABLE
SPILL_00894,oc-0356.xml,S1_20191201_154844_155024_VV_0.jpg,2019-12-01T15:48:44,5,oil,640,640,511,449,523,462,156,,,,NOT_AVAILABLE
SPILL_00895,oc-0357.xml,S1_20191203_034226_034406_VV_0.jpg,2019-12-03T03:42:26,1,oil,640,640,71,179,93,261,1804,,,,NOT_AVAILABLE
SPILL_00896,oc-0357.xml,S1_20191203_034226_034406_VV_0.jpg,2019-12-03T03:42:26,2,oil,640,640,143,474,188,500,1170,,,,NOT_AVAILABLE
SPILL_00897,oc-0357.xml,S1_20191203_034226_034406_VV_0.jpg,2019-12-03T03:42:26,3,oil,640,640,14,179,48,262,2822,,,,NOT_AVAILABLE
SPILL_00898,oc-0358.xml,S1_20191203_034226_034406_VV_5.jpg,2019-12-03T03:42:26,1,oil,640,640,296,296,340,410,5016,,,,NOT_AVAILABLE
SPILL_00899,oc-0358.xml,S1_20191203_034226_034406_VV_5.jpg,2019-12-03T03:42:26,2,oil,640,640,318,242,358,308,2640,,,,NOT_AVAILABLE
SPILL_00900,oc-0359.xml,S1_20191203_034226_034406_VV_6.jpg,2019-12-03T03:42:26,1,oil,640,640,336,361,381,417,2520,,,,NOT_AVAILABLE
SPILL_00901,oc-0360.xml,S1_20191203_034226_034406_VV_7.jpg,2019-12-03T03:42:26,1,oil,640,640,301,272,335,374,3468,,,,NOT_AVAILABLE
SPILL_00902,oc-0361.xml,S1_20191204_033502_033642_VV_0.jpg,2019-12-04T03:35:02,1,oil,640,640,288,300,354,340,2640,,,,NOT_AVAILABLE
SPILL_00903,oc-0362.xml,S1_20191205_160413_160553_VV_0.jpg,2019-12-05T16:04:13,1,oil,640,640,297,249,344,345,4512,,,,NOT_AVAILABLE
SPILL_00904,oc-0362.xml,S1_20191205_160413_160553_VV_0.jpg,2019-12-05T16:04:13,2,oil,640,640,319,366,336,392,442,,,,NOT_AVAILABLE
SPILL_00905,oc-0363.xml,S1_20191207_154754_154934_VV_1.jpg,2019-12-07T15:47:54,1,oil,640,640,318,159,330,183,288,,,,NOT_AVAILABLE
SPILL_00906,oc-0363.xml,S1_20191207_154754_154934_VV_1.jpg,2019-12-07T15:47:54,2,oil,640,640,320,163,451,375,27772,,,,NOT_AVAILABLE
SPILL_00907,oc-0363.xml,S1_20191207_154754_154934_VV_1.jpg,2019-12-07T15:47:54,3,oil,640,640,235,262,283,292,1440,,,,NOT_AVAILABLE
SPILL_00908,oc-0363.xml,S1_20191207_154754_154934_VV_1.jpg,2019-12-07T15:47:54,4,oil,640,640,272,321,297,335,350,,,,NOT_AVAILABLE
SPILL_00909,oc-0363.xml,S1_20191207_154754_154934_VV_1.jpg,2019-12-07T15:47:54,5,oil,640,640,191,288,256,334,2990,,,,NOT_AVAILABLE
SPILL_00910,oc-0363.xml,S1_20191207_154754_154934_VV_1.jpg,2019-12-07T15:47:54,6,oil,640,640,212,283,228,298,240,,,,NOT_AVAILABLE
SPILL_00911,oc-0363.xml,S1_20191207_154754_154934_VV_1.jpg,2019-12-07T15:47:54,7,oil,640,640,243,370,451,531,33488,,,,NOT_AVAILABLE
SPILL_00912,oc-0363.xml,S1_20191207_154754_154934_VV_1.jpg,2019-12-07T15:47:54,8,oil,640,640,293,372,310,411,663,,,,NOT_AVAILABLE
SPILL_00913,oc-0364.xml,S1_20191207_154754_154934_VV_4.jpg,2019-12-07T15:47:54,1,oil,640,640,292,297,398,376,8374,,,,NOT_AVAILABLE
SPILL_00914,oc-0365.xml,S1_20191208_035048_035227_VV_0.jpg,2019-12-08T03:50:48,1,oil,640,640,304,331,485,363,5792,,,,NOT_AVAILABLE
SPILL_00915,oc-0365.xml,S1_20191208_035048_035227_VV_0.jpg,2019-12-08T03:50:48,2,oil,640,640,138,324,267,349,3225,,,,NOT_AVAILABLE
SPILL_00916,oc-0365.xml,S1_20191208_035048_035227_VV_0.jpg,2019-12-08T03:50:48,3,oil,640,640,207,305,434,331,5902,,,,NOT_AVAILABLE
SPILL_00917,oc-0365.xml,S1_20191208_035048_035227_VV_0.jpg,2019-12-08T03:50:48,4,oil,640,640,219,188,440,303,25415,,,,NOT_AVAILABLE
SPILL_00918,oc-0366.xml,S1_20191208_154016_154156_VV_0.jpg,2019-12-08T15:40:16,1,oil,640,640,384,466,449,523,3705,,,,NOT_AVAILABLE
SPILL_00919,oc-0366.xml,S1_20191208_154016_154156_VV_0.jpg,2019-12-08T15:40:16,2,oil,640,640,217,134,360,382,35464,,,,NOT_AVAILABLE
SPILL_00920,oc-0367.xml,S1_20191208_154016_154156_VV_1.jpg,2019-12-08T15:40:16,1,oil,640,640,70,311,246,329,3168,,,,NOT_AVAILABLE
SPILL_00921,oc-0368.xml,S1_20191209_034306_034446_VV_3.jpg,2019-12-09T03:43:06,1,oil,640,640,301,310,342,339,1189,,,,NOT_AVAILABLE
SPILL_00922,oc-0369.xml,S1_20191209_153136_153316_VV_0.jpg,2019-12-09T15:31:36,1,oil,640,640,390,541,431,594,2173,,,,NOT_AVAILABLE
SPILL_00923,oc-0369.xml,S1_20191209_153136_153316_VV_0.jpg,2019-12-09T15:31:36,2,oil,640,640,406,342,449,449,4601,,,,NOT_AVAILABLE
SPILL_00924,oc-0369.xml,S1_20191209_153136_153316_VV_0.jpg,2019-12-09T15:31:36,3,oil,640,640,279,302,320,436,5494,,,,NOT_AVAILABLE
SPILL_00925,oc-0369.xml,S1_20191209_153136_153316_VV_0.jpg,2019-12-09T15:31:36,4,oil,640,640,222,269,282,433,9840,,,,NOT_AVAILABLE
SPILL_00926,oc-0369.xml,S1_20191209_153136_153316_VV_0.jpg,2019-12-09T15:31:36,5,oil,640,640,182,165,215,221,1848,,,,NOT_AVAILABLE
SPILL_00927,oc-0369.xml,S1_20191209_153136_153316_VV_0.jpg,2019-12-09T15:31:36,6,oil,640,640,106,121,185,259,10902,,,,NOT_AVAILABLE
SPILL_00928,oc-0370.xml,S1_20191215_034226_034406_VV_5.jpg,2019-12-15T03:42:26,1,oil,640,640,282,280,342,349,4140,,,,NOT_AVAILABLE
SPILL_00929,oc-0371.xml,S1_20191218_155645_155825_VV_3.jpg,2019-12-18T15:56:45,1,oil,640,640,317,129,325,140,88,,,,NOT_AVAILABLE
SPILL_00930,oc-0371.xml,S1_20191218_155645_155825_VV_3.jpg,2019-12-18T15:56:45,2,oil,640,640,262,506,308,524,828,,,,NOT_AVAILABLE
SPILL_00931,oc-0371.xml,S1_20191218_155645_155825_VV_3.jpg,2019-12-18T15:56:45,3,oil,640,640,90,368,97,381,91,,,,NOT_AVAILABLE
SPILL_00932,oc-0372.xml,S1_20191218_155645_155825_VV_4.jpg,2019-12-18T15:56:45,1,oil,640,640,97,323,115,359,648,,,,NOT_AVAILABLE
SPILL_00933,oc-0372.xml,S1_20191218_155645_155825_VV_4.jpg,2019-12-18T15:56:45,2,oil,640,640,120,283,147,311,756,,,,NOT_AVAILABLE
SPILL_00934,oc-0372.xml,S1_20191218_155645_155825_VV_4.jpg,2019-12-18T15:56:45,3,oil,640,640,542,277,551,288,99,,,,NOT_AVAILABLE
SPILL_00935,oc-0372.xml,S1_20191218_155645_155825_VV_4.jpg,2019-12-18T15:56:45,4,oil,640,640,502,314,509,322,56,,,,NOT_AVAILABLE
SPILL_00936,oc-0372.xml,S1_20191218_155645_155825_VV_4.jpg,2019-12-18T15:56:45,5,oil,640,640,530,305,546,319,224,,,,NOT_AVAILABLE
SPILL_00937,oc-0373.xml,S1_20191219_154753_154933_VV_0.jpg,2019-12-19T15:47:53,1,oil,1170,1170,118,236,1024,694,414948,,,,NOT_AVAILABLE
SPILL_00938,oc-0373.xml,S1_20191219_154753_154933_VV_0.jpg,2019-12-19T15:47:53,2,oil,1170,1170,914,136,948,151,510,,,,NOT_AVAILABLE
SPILL_00939,oc-0374.xml,S1_20191221_034305_034445_VV_13.jpg,2019-12-21T03:43:05,1,oil,640,640,253,435,285,490,1760,,,,NOT_AVAILABLE
SPILL_00940,oc-0374.xml,S1_20191221_034305_034445_VV_13.jpg,2019-12-21T03:43:05,2,oil,640,640,332,574,375,633,2537,,,,NOT_AVAILABLE
SPILL_00941,oc-0375.xml,S1_20191229_160412_160552_VV_1.jpg,2019-12-29T16:04:12,1,oil,640,640,313,302,331,338,648,,,,NOT_AVAILABLE
